,0
2018-01-01,1.0
2018-01-02,1.0
2018-01-03,1.0058697446127747
2018-01-04,1.010131376882278
2018-01-05,1.0125629954095525
2018-01-08,1.0178007981110735
2018-01-09,1.0249295334614832
2018-01-10,1.029459306781987
2018-01-11,1.0289144617814598
2018-01-12,1.0336644239212156
2018-01-15,1.0337226516311955
2018-01-16,1.041853490763446
2018-01-17,1.0393196067623411
2018-01-18,1.0450202952927792
2018-01-19,1.0484400723100085
2018-01-22,1.0609668588915058
2018-01-23,1.0722248685656242
2018-01-24,1.0740039942251813
2018-01-25,1.067935101058105
2018-01-26,1.0719036375437596
2018-01-29,1.0525069598015953
2018-01-30,1.0412734155518384
2018-01-31,1.0461168356126547
2018-02-01,1.0387769636500066
2018-02-02,1.0449752789119542
2018-02-05,1.0456879567236002
2018-02-06,1.0150425661685751
2018-02-07,0.9909712797936879
2018-02-08,0.9815643241267495
2018-02-09,0.93963205469686
2018-02-12,0.951730696352034
2018-02-13,0.9628690701010252
2018-02-14,0.9705338428991919
2018-02-22,0.9915183266824078
2018-02-23,0.9960091999781768
2018-02-26,1.007588685328403
2018-02-27,0.9930469263965048
2018-02-28,0.9844010900814478
2018-03-01,0.9906260726559494
2018-03-02,0.9826442279580594
2018-03-05,0.9830444823006111
2018-03-06,0.9949023841800695
2018-03-07,0.9875845310993465
2018-03-08,0.9976021437583442
2018-03-09,1.0052512586849198
2018-03-12,1.009851003119097
2018-03-13,1.0009424081463991
2018-03-14,0.9965611399517689
2018-03-15,1.0021436604825413
2018-03-16,0.9924211008413415
2018-03-19,0.9967820627337519
2018-03-20,0.9976275877996801
2018-03-21,0.9935531160265412
2018-03-22,0.9835954436572287
2018-03-23,0.9553591634390657
2018-03-26,0.9492322872162531
2018-03-27,0.9573978672510967
2018-03-28,0.9401367764014346
2018-03-29,0.9526958573430893
2018-03-30,0.953784079418682
2018-04-02,0.9509512279318814
2018-04-03,0.9449721228722116
2018-04-04,0.9431085914986076
2018-04-09,0.9426354301914591
2018-04-10,0.9607995398542986
2018-04-11,0.9635323277554613
2018-04-12,0.9538175970500571
2018-04-13,0.9470918072388786
2018-04-16,0.9318544962923873
2018-04-17,0.917120928433496
2018-04-18,0.9214368739450816
2018-04-19,0.9325835659383555
2018-04-20,0.9201088907107475
2018-04-23,0.9214476387318005
2018-04-24,0.9403258941317478
2018-04-25,0.9367081918314353
2018-04-26,0.9187975439649793
2018-04-27,0.9191359007838967
2018-05-02,0.9207919653589164
2018-05-03,0.9279735460259466
2018-05-04,0.9234714186349713
2018-05-07,0.9380503650118989
2018-05-08,0.9489347876560191
2018-05-09,0.9472070393876206
2018-05-10,0.952452915679181
2018-05-11,0.9475062515275601
2018-05-14,0.9564251219784896
2018-05-15,0.9600472280551872
2018-05-16,0.9524008043252914
2018-05-17,0.9453564746889282
2018-05-18,0.9549011706950211
2018-05-21,0.9593484955354271
2018-05-22,0.955670363636942
2018-05-23,0.9430400883103959
2018-05-24,0.9363448802796692
2018-05-25,0.9337224314423763
2018-05-28,0.9378233258738256
2018-05-29,0.9306669445938874
2018-05-30,0.9109387603516269
2018-05-31,0.9302674242140667
2018-06-01,0.9224905997723248
2018-06-04,0.931540115589344
2018-06-05,0.9407728774348296
2018-06-06,0.9388242063844483
2018-06-07,0.937273587788426
2018-06-08,0.9246990936294237
2018-06-11,0.9247886370825863
2018-06-12,0.9360356373157418
2018-06-13,0.9268332125964641
2018-06-14,0.9231700046068394
2018-06-15,0.9182935562231355
2018-06-19,0.88592164067093
2018-06-20,0.8894268020191805
2018-06-21,0.8790341344047232
2018-06-22,0.8829339230479222
2018-06-25,0.8710860519924519
2018-06-26,0.8639012908202547
2018-06-27,0.8463231280708695
2018-06-28,0.837580164021098
2018-06-29,0.8589773795132898
2018-07-02,0.833772854681985
2018-07-03,0.8340948196665804
2018-07-04,0.8229549779921275
2018-07-05,0.8177416407149678
2018-07-06,0.8232916222313397
2018-07-09,0.8463040450398677
2018-07-10,0.8483425041976552
2018-07-11,0.8336666747402568
2018-07-12,0.8516551226561818
2018-07-13,0.8545014301263811
2018-07-16,0.8494605740909688
2018-07-17,0.8439047208727503
2018-07-18,0.8394877331585523
2018-07-19,0.8387586635125841
2018-07-20,0.8545513395920782
2018-07-23,0.8625896994202429
2018-07-24,0.876279572275879
2018-07-25,0.8753122093966312
2018-07-26,0.86515759036121
2018-07-27,0.8614831282763791
2018-07-30,0.8599789939866435
2018-07-31,0.860609712626679
2018-08-01,0.843418103582203
2018-08-02,0.8247191797428244
2018-08-03,0.8110982993838872
2018-08-06,0.8008201299554412
2018-08-07,0.8242083416821594
2018-08-08,0.8109084476908431
2018-08-09,0.831220132304122
2018-08-10,0.8330523479345432
2018-08-13,0.8294620469095154
2018-08-14,0.8251977234433324
2018-08-15,0.8053958982737441
2018-08-16,0.8016654103671258
2018-08-17,0.7901402382589817
2018-08-20,0.7993465774461571
2018-08-21,0.8138787948625544
2018-08-22,0.809305228432444
2018-08-23,0.8122584498071024
2018-08-24,0.8135573191864464
2018-08-27,0.8334327852833623
2018-08-28,0.8318662641615051
2018-08-29,0.8285397004110926
2018-08-30,0.8198593678476861
2018-08-31,0.8158005539461384
2018-09-03,0.812698582791363
2018-09-04,0.8229919207829132
2018-09-05,0.8069041916856213
2018-09-06,0.7982776830558098
2018-09-07,0.8018895136542756
2018-09-10,0.7902498433601206
2018-09-11,0.78881714810952
2018-09-12,0.7833890044064676
2018-09-13,0.791839606635121
2018-09-14,0.7931910766768419
2018-09-17,0.7840977677502159
2018-09-18,0.7998804130057217
2018-09-19,0.8104127781932823
2018-09-20,0.8098363727953289
2018-09-21,0.8343898726843781
2018-09-25,0.8268833911818293
2018-09-26,0.8360425120999873
2018-09-27,0.8327027370204196
2018-09-28,0.8413329154638852
2018-10-08,0.8051324056533724
2018-10-09,0.8045922090834738
2018-10-10,0.8028568765335234
2018-10-11,0.7643277476322974
2018-10-12,0.7757315712356092
2018-10-15,0.7648997492538658
2018-10-16,0.7586664484350815
2018-10-17,0.7628921165307735
2018-10-18,0.7448234220229432
2018-10-19,0.7669778423991187
2018-10-22,0.8000861672246007
2018-10-23,0.7788386801295004
2018-10-24,0.7800071487969985
2018-10-25,0.7815010076085024
2018-10-26,0.7764432704302808
2018-10-29,0.7527739509776507
2018-10-30,0.7609385523955198
2018-10-31,0.7715961805558104
2018-11-01,0.7772748502043231
2018-11-02,0.8049726464322928
2018-11-05,0.7982664289606036
2018-11-06,0.7934504101750722
2018-11-07,0.7882539540407217
2018-11-08,0.7860187928710689
2018-11-09,0.7749286160080697
2018-11-12,0.7841513470295672
2018-11-13,0.7920392444979096
2018-11-14,0.7841029054893318
2018-11-15,0.7932600691735409
2018-11-16,0.7970037684093144
2018-11-19,0.8060386049717168
2018-11-20,0.7873971748795873
2018-11-21,0.7893749597849588
2018-11-22,0.7864232063357621
2018-11-23,0.769064498442898
2018-11-26,0.7685184301711527
2018-11-27,0.7675393238882117
2018-11-28,0.777739448612945
2018-11-29,0.767640366090824
2018-11-30,0.776212072170066
2018-12-03,0.7978052557113922
2018-12-04,0.7994591183982194
2018-12-05,0.795616578848026
2018-12-06,0.7784098012404459
2018-12-07,0.7783833785821357
2018-12-10,0.7693796131086722
2018-12-11,0.773062393437786
2018-12-12,0.7757029466891063
2018-12-13,0.7877113109283871
2018-12-14,0.7745535610526102
2018-12-17,0.7734002609482163
2018-12-18,0.7653829413850024
2018-12-19,0.7562570934439758
2018-12-20,0.7504565859821437
2018-12-21,0.7411543423314718
2018-12-24,0.7433080336380012
2018-12-25,0.7381908454785817
2018-12-26,0.7344601129177196
2018-12-27,0.731639983451587
2018-12-28,0.7365692771519115
2019-01-02,0.7265093393087686
2019-01-03,0.7253611769434906
2019-01-04,0.7427394571758436
2019-01-07,0.7472481902313964
2019-01-08,0.7456337168777911
2019-01-09,0.7531622172622653
2019-01-10,0.7517456691917431
2019-01-11,0.7571505707416522
2019-01-14,0.7505466187437935
2019-01-15,0.7652760274805432
2019-01-16,0.7654379885898154
2019-01-17,0.761221372701137
2019-01-18,0.7751072136059075
2019-01-21,0.7793793660078862
2019-01-22,0.7690258430724072
2019-01-23,0.7684719458648662
2019-01-24,0.7728094209498897
2019-01-25,0.7790940991598329
2019-01-28,0.7789247984232524
2019-01-29,0.781418314474161
2019-01-30,0.7751828117671842
2019-01-31,0.783293099942971
2019-02-01,0.7944894567476987
2019-02-11,0.8089426508434088
2019-02-12,0.8147805904045138
2019-02-13,0.8310973158738278
2019-02-14,0.83234798836718
2019-02-15,0.8168283464235586
2019-02-18,0.843016136659946
2019-02-19,0.8415146935668901
2019-02-20,0.8445285891939647
2019-02-21,0.8422726324136047
2019-02-22,0.8612118067202117
2019-02-25,0.912433842434349
2019-02-26,0.9014760235171445
2019-02-27,0.8999342124738924
2019-02-28,0.8977269418880115
2019-03-01,0.9173834424368933
2019-03-04,0.9282436443108958
2019-03-05,0.9336037741342237
2019-03-06,0.9414515483066135
2019-03-07,0.9318513157872204
2019-03-08,0.894842223701565
2019-03-11,0.9125493192373344
2019-03-12,0.9187628030623861
2019-03-13,0.9111398661398772
2019-03-14,0.9048502948450617
2019-03-15,0.9162313656037174
2019-03-18,0.9423464935297516
2019-03-19,0.9379953178070858
2019-03-20,0.9383566721249029
2019-03-21,0.938711665432386
2019-03-22,0.9379556838196204
2019-03-25,0.91569801935264
2019-03-26,0.9053281045828389
2019-03-27,0.9158357596917944
2019-03-28,0.9121676586172974
2019-03-29,0.9473846583684841
2019-04-01,0.9722383490144471
2019-04-02,0.9715917278485766
2019-04-03,0.9840377785296819
2019-04-04,0.9938420526882487
2019-04-08,0.992618292161694
2019-04-09,0.9970712440497029
2019-04-10,0.9996198073054248
2019-04-11,0.978024421875906
2019-04-12,0.9758320751988856
2019-04-15,0.9726288171872542
2019-04-16,0.9996056173592952
2019-04-17,0.9999606106667782
2019-04-18,0.9962504290623797
2019-04-19,1.008124233467673
2019-04-22,0.9848828142871228
2019-04-23,0.9832666283538122
2019-04-24,0.985978375990024
2019-04-25,0.9643820119435309
2019-04-26,0.9515276333298348
2019-04-29,0.9542332646099563
2019-04-30,0.9573836773049671
2019-05-06,0.9014571851403863
2019-05-07,0.9102772152768961
2019-05-08,0.8972589183199788
2019-05-09,0.88068188073546
2019-05-10,0.9126706677421668
2019-05-13,0.8975693845551245
2019-05-14,0.8918014161076929
2019-05-15,0.9118488741378691
2019-05-16,0.9159766805361158
2019-05-17,0.8926848625813812
2019-05-20,0.8851081653109152
2019-05-21,0.8970923087800781
2019-05-22,0.892836303558178
2019-05-23,0.8768322462122019
2019-05-24,0.8792663112819125
2019-05-27,0.8898556809082349
2019-05-28,0.8984342373062981
2019-05-29,0.8963908850636383
2019-05-30,0.8908308727232782
2019-05-31,0.8880432822715463
2019-06-03,0.8885873933093426
2019-06-04,0.8803802220530846
2019-06-05,0.8800470029732831
2019-06-06,0.8721135998156285
2019-06-10,0.8833838422019274
2019-06-11,0.9099366565697861
2019-06-12,0.903042299984758
2019-06-13,0.9016470368334304
2019-06-14,0.8941819018980521
2019-06-17,0.8941684459146534
2019-06-18,0.8972985523074444
2019-06-19,0.9091200007046043
2019-06-20,0.9366631754506104
2019-06-21,0.9379892014509954
2019-06-24,0.9397820277481951
2019-06-25,0.9300066227903746
2019-06-26,0.9282991808241962
2019-06-27,0.9382042525311317
2019-06-28,0.9359460938625792
2019-07-01,0.9629131078648755
2019-07-02,0.9632451036734591
2019-07-03,0.9525696157533847
2019-07-04,0.9475708402478739
2019-07-05,0.9524886351987486
2019-07-08,0.9303687110709226
2019-07-09,0.9280053510776164
2019-07-10,0.9264417658066826
2019-07-11,0.9260703806648773
2019-07-12,0.9318222019322304
2019-07-15,0.935603822575764
2019-07-16,0.9313607840287752
2019-07-17,0.9308208321131203
2019-07-18,0.9219555409415421
2019-07-19,0.9316323502391862
2019-07-22,0.9252047939509728
2019-07-23,0.9272185430301554
2019-07-24,0.9345383533448273
2019-07-25,0.9421798839898508
2019-07-26,0.9440152801254391
2019-07-29,0.9429635115321447
2019-07-30,0.946889722833654
2019-07-31,0.9383368551311702
2019-08-01,0.9305348313023362
2019-08-02,0.9168266093784291
2019-08-05,0.8992726673991616
2019-08-06,0.8896433210247784
2019-08-07,0.8859984621034247
2019-08-08,0.8977083481654968
2019-08-09,0.8889585337969043
2019-08-12,0.9050017358218585
2019-08-13,0.8968417828346179
2019-08-14,0.9009152759907825
2019-08-15,0.9037530205624553
2019-08-16,0.9077991124433351
2019-08-19,0.9275074796918629
2019-08-20,0.9266847074705907
2019-08-21,0.9252231430192438
2019-08-22,0.928097341073215
2019-08-23,0.9347905918699927
2019-08-26,0.921346107220701
2019-08-27,0.9338320365435151
2019-08-28,0.9303183122967382
2019-08-29,0.9272853336386618
2019-08-30,0.9295848388743849
2019-09-02,0.9415078187826446
2019-09-03,0.9428022843856034
2019-09-04,0.9507266353362444
2019-09-05,0.9603469295036137
2019-09-06,0.9660192381417922
2019-09-09,0.9719985878557059
2019-09-10,0.9686509838403425
2019-09-11,0.9615156428253553
2019-09-12,0.9718596242453335
2019-09-16,0.9682717697627418
2019-09-17,0.9520037304879067
2019-09-18,0.9566186434851878
2019-09-19,0.9601167098603735
2019-09-20,0.9628737185316537
2019-09-23,0.9518669687657266
2019-09-24,0.9544147980587175
2019-09-25,0.9470526625599005
2019-09-26,0.9397509566592561
2019-09-27,0.9425679056202217
2019-09-30,0.9332404625824576
2019-10-08,0.9389044529763535
2019-10-09,0.9402647305708445
2019-10-10,0.9479468738203078
2019-10-11,0.9570201210989575
2019-10-14,0.967177186676815
2019-10-15,0.9630202664235783
2019-10-16,0.9597015316089613
2019-10-17,0.9603222194250088
2019-10-18,0.9466597478446573
2019-10-21,0.9494639747849551
2019-10-22,0.9531438192631455
2019-10-23,0.9470773726385056
2019-10-24,0.9469753518189188
2019-10-25,0.9533666992790774
2019-10-28,0.9606556831590539
2019-10-29,0.9566533843877809
2019-10-30,0.9520049537591248
2019-10-31,0.950910370673198
2019-11-01,0.9669682519527691
2019-11-04,0.973264428912162
2019-11-05,0.9793051868412226
2019-11-06,0.9749182915989892
2019-11-07,0.9766291587245783
2019-11-08,0.9720140010730536
2019-11-11,0.9548801304300704
2019-11-12,0.9550540795972795
2019-11-13,0.9541471463162043
2019-11-14,0.9555844899974336
2019-11-15,0.9485462767171609
2019-11-18,0.9560914135902008
2019-11-19,0.9656598410579242
2019-11-20,0.9560755110643658
2019-11-21,0.9516066566505219
2019-11-22,0.9419176146406971
2019-11-25,0.9488195555072771
2019-11-26,0.9521094211211476
2019-11-27,0.9481866349790491
2019-11-28,0.9449288190710918
2019-11-29,0.9367006075498832
2019-12-02,0.9385081131016997
2019-12-03,0.942184777074723
2019-12-04,0.9418745554938212
2019-12-05,0.9491028651213815
2019-12-06,0.9547350504636076
2019-12-09,0.9530376393214173
2019-12-10,0.954245497322137
2019-12-11,0.9548241046082828
2019-12-12,0.9519555336019148
2019-12-13,0.970842107246145
2019-12-16,0.9755700505039755
2019-12-17,0.9888435218369815
2019-12-18,0.9866374745223188
2019-12-19,0.985259337168044
2019-12-20,0.9828379941190014
2019-12-23,0.9705668712220797
2019-12-24,0.9768941192704117
2019-12-25,0.976382547247016
2019-12-26,0.9849750489369651
2019-12-27,0.9840062181322556
2019-12-30,0.9985888343228374
2019-12-31,1.0022461706106156
2020-01-02,1.0158633811558984
2020-01-03,1.0140832768793666
2020-01-06,1.0102495448819433
2020-01-07,1.0178171899453956
2020-01-08,1.0060958051338735
2020-01-09,1.0188307924766864
2020-01-10,1.0185408771980045
2020-01-13,1.0285235043001655
2020-01-14,1.0250733901567282
2020-01-15,1.0194091551085886
2020-01-16,1.0150809768848224
2020-01-17,1.016502418040217
2020-01-20,1.0240810725446317
2020-01-21,1.0065831563871517
2020-01-22,1.0108944534681084
2020-01-23,0.979571370658274
2020-02-03,0.9023724366657444
2020-02-04,0.9261724014844641
2020-02-05,0.9366653773388028
2020-02-06,0.9540965028877765
2020-02-07,0.9541195003866761
2020-02-10,0.9580672412616232
2020-02-11,0.9669870903295272
2020-02-12,0.9748084418436068
2020-02-13,0.9688109877156658
2020-02-14,0.9756160455017748
2020-02-17,0.9975590846114682
2020-02-18,0.992687284658393
2020-02-19,0.9911704283479894
2020-02-20,1.01400767871809
2020-02-21,1.0151903373317177
2020-02-24,1.0111165995213096
2020-02-25,1.0089183811424425
2020-02-26,0.9964804040513764
2020-02-27,0.9993822480348761
2020-02-28,0.9639497078950658
2020-03-02,0.9956610569895149
2020-03-03,1.000969075458953
2020-03-04,1.0067649344901564
2020-03-05,1.0291931229649356
2020-03-06,1.0125032997741106
2020-03-09,0.977915550737498
2020-03-10,0.9988577093365687
2020-03-11,0.9855722499456256
2020-03-12,0.9666071422891955
2020-03-13,0.953004855652773
2020-03-16,0.912031875512092
2020-03-17,0.9075894437565583
2020-03-18,0.8896257059192382
2020-03-19,0.8780868331734518
2020-03-20,0.8937767544706282
2020-03-23,0.8637043441541459
2020-03-24,0.8868997683368967
2020-03-25,0.910729825627581
2020-03-26,0.9047428916321154
2020-03-27,0.9076821677148879
2020-03-30,0.898886847656983
2020-03-31,0.9018334633670639
2020-04-01,0.8991229390020701
2020-04-02,0.9136688570561098
2020-04-03,0.9084545411619755
2020-04-07,0.92920195498313
2020-04-08,0.9248774465730178
2020-04-09,0.9279273063739036
2020-04-10,0.9221453926345862
2020-04-13,0.9182502524220159
2020-04-14,0.935973495137864
2020-04-15,0.9290407278365886
2020-04-16,0.9302686474852847
2020-04-17,0.9393467878488067
2020-04-20,0.9427641183235997
2020-04-21,0.9316548584295987
2020-04-22,0.9393213438074708
2020-04-23,0.936965323441473
2020-04-24,0.9289453126815794
2020-04-27,0.9352566582040763
2020-04-28,0.9417101478421129
2020-04-29,0.9460857889891401
2020-04-30,0.9572285665145163
2020-05-06,0.9630212450405526
2020-05-07,0.9602422174873472
2020-05-08,0.9697169423797665
2020-05-11,0.9688748424732488
2020-05-12,0.9688890324193785
2020-05-13,0.9708499361819406
2020-05-14,0.9603212408080343
2020-05-15,0.9572870388787398
2020-05-18,0.9597570681222616
2020-05-19,0.967913351295848
2020-05-20,0.9627687618611437
2020-05-21,0.9575265553832375
2020-05-22,0.9355734854495559
2020-05-25,0.9368606114252064
2020-05-26,0.9474896150389942
2020-05-27,0.9408457843994265
2020-05-28,0.9435413848555598
2020-05-29,0.9460835871009476
2020-06-01,0.9716051838319755
2020-06-02,0.9745968159228812
2020-06-03,0.9746163882623702
2020-06-04,0.9742584591039637
2020-06-05,0.9789230369126984
2020-06-08,0.9839883583724719
2020-06-09,0.9901228188768364
2020-06-10,0.9883309711966113
2020-06-11,0.9776102222414684
2020-06-12,0.9793712434869982
2020-06-15,0.9676045976404076
2020-06-16,0.9821815867833864
2020-06-17,0.9829214212160735
2020-06-18,0.9894757084024788
2020-06-19,1.002766794841025
2020-06-22,1.0035829613977196
2020-06-23,1.0084143934005987
2020-06-24,1.012621467773776
2020-06-29,1.005459459446235
2020-06-30,1.0187314628537791
2020-07-01,1.0392383815534614
2020-07-02,1.0607828789003086
2020-07-03,1.0812729164571815
2020-07-06,1.1425585598281158
2020-07-07,1.1494164629308454
2020-07-08,1.1679803376277493
2020-07-09,1.1843151675110908
2020-07-10,1.1628741589092921
2020-07-13,1.1872975027407393
2020-07-14,1.1759771062344995
2020-07-15,1.160754474542625
2020-07-16,1.10492046168213
2020-07-17,1.1118803856044466
2020-07-20,1.1450564796554095
2020-07-21,1.147683576923331
2020-07-22,1.1534089755323738
2020-07-23,1.1529174651569543
2020-07-24,1.1023119581367231
2020-07-27,1.1079045094914837
2020-07-28,1.1176437056212494
2020-07-29,1.1447391631014427
2020-07-30,1.1391471010551693
2020-07-31,1.1486629278605158
2020-08-03,1.1673214837496981
2020-08-04,1.1684202259577663
2020-08-05,1.1687399890541692
2020-08-06,1.1652304239295337
2020-08-07,1.1518140745182577
2020-08-10,1.1559594960220443
2020-08-11,1.1454183232817137
2020-08-12,1.1370660720589931
2020-08-13,1.1341468576241969
2020-08-14,1.151007449477064
2020-08-17,1.1780654748579842
2020-08-18,1.1774611788762592
2020-08-19,1.1598269903050864
2020-08-20,1.1447748826210105
2020-08-21,1.1544849648957858
2020-08-24,1.1635386398349465
2020-08-25,1.165031520029476
2020-08-26,1.1513746754967278
2020-08-27,1.1575436322494417
2020-08-28,1.1851699894382763
2020-08-31,1.178307437904918
2020-09-01,1.1846456953942128
2020-09-02,1.1850775101341904
2020-09-03,1.178522733639298
2020-09-04,1.1670543213156723
2020-09-07,1.1423806961930087
2020-09-08,1.1485021900224617
2020-09-09,1.1216391540737012
2020-09-10,1.1210003618436264
2020-09-11,1.1320844223505353
2020-09-14,1.1378993644127406
2020-09-15,1.1470572620596806
2020-09-16,1.1394423987272109
2020-09-17,1.1334131395476001
2020-09-18,1.1589489262247574
2020-09-21,1.1477777688071222
2020-09-22,1.1341586010278906
2020-09-23,1.1382115432275914
2020-09-24,1.1163734607884082
2020-09-25,1.1180752757069836
2020-09-28,1.120983480700817
2020-09-29,1.1234031111701543
2020-09-30,1.1223256538812807
2020-10-09,1.1452610106030703
2020-10-12,1.1800060723183265
2020-10-13,1.1839310603486177
2020-10-14,1.1760779037828684
2020-10-15,1.174031126380798
2020-10-16,1.172303867420887
2020-10-19,1.1634503196530022
2020-10-20,1.1727420431711986
2020-10-21,1.1725857091095298
2020-10-22,1.1689543061715746
2020-10-23,1.1543981126393033
2020-10-26,1.1477307951923483
2020-10-27,1.1496985492737317
2020-10-28,1.1589936979513389
2020-10-29,1.1677151324276722
2020-10-30,1.1487333882826765
2020-11-02,1.1549713375320896
2020-11-03,1.1688505727722824
2020-11-04,1.1776813676955111
2020-11-05,1.1951633813271563
2020-11-06,1.1953116417987861
2020-11-09,1.218708416424031
2020-11-10,1.211986785734994
2020-11-11,1.2000041101912928
2020-11-12,1.2008763025697748
2020-11-13,1.1882492077483955
2020-11-16,1.1998264912104293
2020-11-17,1.1975301664798732
2020-11-18,1.1967683131652607
2020-11-19,1.2056534213305716
2020-11-20,1.2093963866036144
2020-11-23,1.2245010949500674
2020-11-24,1.2169801788471453
2020-11-25,1.2014235941127382
2020-11-26,1.2035988149927057
2020-11-27,1.218565293691517
2020-11-30,1.2135467011922736
2020-12-01,1.2396870285054
2020-12-02,1.23969852725485
2020-12-03,1.237231189208008
2020-12-04,1.239397847189449
2020-12-07,1.2287111051741682
2020-12-08,1.22568815734008
2020-12-09,1.209252285254126
2020-12-10,1.2087204069285102
2020-12-11,1.1962684845455585
2020-12-14,1.2073283242823496
2020-12-15,1.209839700093042
2020-12-16,1.2119845838468015
2020-12-17,1.2275472849372988
2020-12-18,1.2232633891316267
2020-12-21,1.234730822838278
2020-12-22,1.2146527830276501
2020-12-23,1.2250141348989247
2020-12-24,1.2232748878810766
2020-12-25,1.2335501214585993
2020-12-28,1.239030621169785
2020-12-29,1.233775692671211
2020-12-30,1.2510910967629554
2020-12-31,1.274963968546272
2021-01-04,1.2887695628591371
2021-01-05,1.3134275301102094
2021-01-06,1.325455466688979
2021-01-07,1.348939582879194
2021-01-08,1.3444805146350944
2021-01-11,1.33120239487146
2021-01-12,1.3691715102090547
2021-01-13,1.3646742759029515
2021-01-14,1.338370274900848
2021-01-15,1.3353426786361309
2021-01-18,1.35012958112013
2021-01-19,1.330313076695925
2021-01-20,1.3398328179691692
2021-01-21,1.3614932814274892
2021-01-22,1.362669334376539
2021-01-25,1.3764059361927052
2021-01-26,1.3487710161053441
2021-01-27,1.352449392658073
2021-01-28,1.3155408534665427
2021-01-29,1.3093809489208426
2021-02-01,1.325450573604107
2021-02-02,1.3458655023081905
2021-02-03,1.3419777017229286
2021-02-04,1.3392246075195462
2021-02-05,1.3415405045895912
2021-02-08,1.3613937071503384
2021-02-09,1.391165192747176
2021-02-10,1.4208830990646624
2021-02-18,1.4112588904293952
2021-02-19,1.4138182184718358
2021-02-22,1.3694112713677957
2021-02-23,1.3650894541543637
2021-02-24,1.3303240861368877
2021-02-25,1.3381505753900829
2021-02-26,1.305661225800943
2021-03-01,1.3257285008248518
2021-03-02,1.308809681262005
2021-03-03,1.3339070475346069
2021-03-04,1.2919471321751892
2021-03-05,1.2875653746720717
2021-03-08,1.2428496739125914
2021-03-09,1.2161760003483877
2021-03-10,1.2241549091953543
2021-03-11,1.254639806566569
2021-03-12,1.2590834615933206
2021-03-15,1.23196720850242
2021-03-16,1.2426874681490758
2021-03-17,1.2479465557697913
2021-03-18,1.2579553608760188
2021-03-19,1.2250060613088856
2021-03-22,1.2372536973984203
2021-03-23,1.2255332912038726
2021-03-24,1.2058237006841268
2021-03-25,1.2052516990625584
2021-03-26,1.2325656327822985
2021-03-29,1.2347398750452918
2021-03-30,1.2464470699106842
2021-03-31,1.2351029419428141
2021-04-01,1.2503732812121933
2021-04-02,1.262796823702886
2021-04-06,1.257606483924626
2021-04-07,1.2486523832626162
2021-04-08,1.2507236260890477
2021-04-09,1.231916565073992
2021-04-12,1.2104870552216433
2021-04-13,1.208504866539887
2021-04-14,1.218531776060142
2021-04-15,1.2107874906328007
2021-04-16,1.2149972562026579
2021-04-19,1.2445602963839368
2021-04-20,1.2436668190862605
2021-04-21,1.247429601353036
2021-04-22,1.245105141384464
2021-04-23,1.2564103693275999
2021-04-26,1.242167577881397
2021-04-27,1.245417320199315
2021-04-28,1.2524442793843815
2021-04-29,1.2634358605872045
2021-04-30,1.2534833259570077
2021-05-06,1.2382254640540529
2021-05-07,1.2223055677678798
2021-05-10,1.2214172282093192
2021-05-11,1.2289129449251495
2021-05-12,1.2341700753119158
2021-05-13,1.221552277351794
2021-05-14,1.2503275308686377
2021-05-17,1.2685285833222626
2021-05-18,1.2691685988235555
2021-05-19,1.2654182939232046
2021-05-20,1.2688777049278992
2021-05-21,1.256091095539684
2021-05-24,1.261336482522757
2021-05-25,1.3011882122649576
2021-05-26,1.3017056559902
2021-05-27,1.306021356847542
2021-05-28,1.3018270044950324
2021-05-31,1.3043912256223453
2021-06-01,1.306864680025278
2021-06-02,1.2942145877049989
2021-06-03,1.2857280213025344
2021-06-04,1.292331483991906
2021-06-07,1.2911938417591033
2021-06-08,1.2800596271322535
2021-06-09,1.281119469315587
2021-06-10,1.2896865269642006
2021-06-11,1.2782457605701032
2021-06-15,1.2640208288836845
2021-06-16,1.2429636827901154
2021-06-17,1.2481995282576874
2021-06-18,1.2483399597935216
2021-06-21,1.2453842918764273
2021-06-22,1.2531576911587585
2021-06-23,1.2593317856505883
2021-06-24,1.261430919060792
2021-06-25,1.281980407598863
2021-06-28,1.2848653704395532
2021-06-29,1.2698888609167538
2021-06-30,1.2780837994608312
2021-07-01,1.2794594902726697
2021-07-02,1.2431168363466174
2021-07-05,1.2442605949355106
2021-07-06,1.2436029643286775
2021-07-07,1.2576426927526807
2021-07-08,1.2448636676460176
2021-07-09,1.2402590301269683
2021-07-12,1.2557390380831241
2021-07-13,1.258036341430655
2021-07-14,1.2435983158980488
2021-07-15,1.2603272837678514
2021-07-16,1.2464578346974031
2021-07-19,1.2510382514463347
2021-07-20,1.2499370626958304
2021-07-21,1.2585119492802395
2021-07-22,1.260397988844256
2021-07-23,1.2451012269165664
2021-07-26,1.2049953014152515
2021-07-27,1.1624288881859157
2021-07-28,1.1646723675998514
2021-07-29,1.1866403614423933
2021-07-30,1.1770731572458881
2021-08-02,1.2070594492686184
2021-08-03,1.2072360896325072
2021-08-04,1.2180962915065099
2021-08-05,1.2107131157427422
2021-08-06,1.2040817624695985
2021-08-09,1.2197391447523744
2021-08-10,1.233827559370857
2021-08-11,1.227024458818697
2021-08-12,1.2167514271293665
2021-08-13,1.2100557297901529
2021-08-16,1.2088532541827925
2021-08-17,1.1834911720186008
2021-08-18,1.197396095954373
2021-08-19,1.1895429393886239
2021-08-20,1.166821655129996
2021-08-23,1.18311807429709
2021-08-24,1.1959653579377214
2021-08-25,1.1983548959350943
2021-08-26,1.1747340180226997
2021-08-27,1.1809565540547649
2021-08-30,1.1775869311574765
2021-08-31,1.175712879651397
2021-09-01,1.1913338084518745
2021-09-02,1.191322065048181
2021-09-03,1.1848756703832093
2021-09-06,1.2070570027261822
2021-09-07,1.22151680248647
2021-09-08,1.2164531936064016
2021-09-09,1.2159347712641848
2021-09-10,1.2265794327495638
2021-09-13,1.2212308016756859
2021-09-14,1.2030045498349686
2021-09-15,1.1908102483705416
2021-09-16,1.1762237177120622
2021-09-17,1.1880263277324636
2021-09-22,1.1796660029197037
2021-09-23,1.1873549964879884
2021-09-24,1.1864331392980527
2021-09-27,1.1932692681731008
2021-09-28,1.1948492452783568
2021-09-29,1.1826409985220436
2021-09-30,1.1905812519985193
2021-10-08,1.2061309864141052
2021-10-11,1.207660320090933
2021-10-12,1.1948514471665492
2021-10-13,1.2086186307631672
2021-10-14,1.2021360272701407
2021-10-15,1.2066611521600157
2021-10-18,1.1926343904109236
2021-10-19,1.2043650720837031
2021-10-20,1.2012975971772772
2021-10-21,1.2056600269951492
2021-10-22,1.2134177684058893
2021-10-25,1.2182616777751927
2021-10-26,1.2142429871695974
2021-10-27,1.1983566085147994
2021-10-28,1.1900320032216072
2021-10-29,1.2009514114225643
2021-11-01,1.1965268394268145
2021-11-02,1.1840888623357482
2021-11-03,1.1795055097358933
2021-11-04,1.1911583913592036
2021-11-05,1.184700497944782
2021-11-08,1.1861278108020232
2021-11-09,1.1857764873081942
2021-11-10,1.1795253267296262
2021-11-11,1.1984762444399266
2021-11-12,1.1959616881240671
2021-11-15,1.194494496625117
2021-11-16,1.1947252055768445
2021-11-17,1.1953204493515561
2021-11-18,1.183544017335221
2021-11-19,1.1963734412160687
2021-11-22,1.2018392616726377
2021-11-23,1.2020709492413393
2021-11-24,1.2028812440961874
2021-11-25,1.1979353139072972
2021-11-26,1.1890506950504736
2021-11-29,1.1869212245140617
2021-11-30,1.1821756661506908
2021-12-01,1.1850687025814204
2021-12-02,1.1880808856287894
2021-12-03,1.1990548517260724
2021-12-06,1.19700049004245
2021-12-07,1.2042131417984192
2021-12-08,1.2222754752959155
2021-12-09,1.2425230604973674
2021-12-10,1.2367558260126668
2021-12-13,1.2437734883364762
2021-12-14,1.2354293107037944
2021-12-15,1.2247144334504985
2021-12-16,1.231768549256606
2021-12-17,1.2122030600863483
2021-12-20,1.1940149743076345
2021-12-21,1.2021049561812016
2021-12-22,1.2023420261432631
2021-12-23,1.2107299968855514
2021-12-24,1.2040279385360038
2021-12-27,1.2035334923096608
2021-12-28,1.2124976237956588
2021-12-29,1.194764105601579
2021-12-30,1.2040685511404436
2021-12-31,1.2086832194834811
2022-01-04,1.2031520763438674
2022-01-05,1.191006216419676
2022-01-06,1.1788009055142865
2022-01-07,1.1798130401201155
2022-01-10,1.1851161655046814
2022-01-11,1.173795768998442
2022-01-12,1.1854914651143844
2022-01-13,1.1660023080681343
2022-01-14,1.1564150422236528
2022-01-17,1.1663343038767178
2022-01-18,1.1776057695342346
2022-01-19,1.1695397637765417
2022-01-20,1.180091945957835
2022-01-21,1.169279451661337
2022-01-24,1.1710957647659235
2022-01-25,1.1446028906877501
2022-01-26,1.1528868833765025
2022-01-27,1.130272513022334
2022-01-28,1.1165461866843993
2022-02-07,1.1337497837868122
2022-02-08,1.1275558723012498
2022-02-09,1.13814646519879
2022-02-10,1.135162172735193
2022-02-11,1.1257508132918694
2022-02-14,1.113589784804574
2022-02-15,1.1254347200091208
2022-02-16,1.1298106058103914
2022-02-17,1.1325448616370157
2022-02-18,1.137944625447809
2022-02-21,1.1338045863373818
2022-02-22,1.119085942387351
2022-02-23,1.1310480669745884
2022-02-24,1.108117114029184
2022-02-25,1.1189078340980003
2022-02-28,1.1209191366347466
2022-03-01,1.1302257840618035
2022-03-02,1.1201741644629435
2022-03-03,1.113575105549957
2022-03-04,1.1000706806109801
2022-03-07,1.0649256092074157
2022-03-08,1.043546008820764
2022-03-09,1.0339934838788756
2022-03-10,1.0502607891909799
2022-03-11,1.0536088825148304
2022-03-14,1.0213722607593432
2022-03-15,0.9746565115583228
2022-03-16,1.0168028534513742
2022-03-17,1.0367703095438887
2022-03-18,1.0436710271392506
2022-03-21,1.0419202813719526
2022-03-22,1.0410759795772424
2022-03-23,1.0462680319352078
2022-03-24,1.040100053799468
2022-03-25,1.0213272443785182
2022-03-28,1.0149398113862576
2022-03-29,1.0114358733092252
2022-03-30,1.0407833731018807
2022-03-31,1.0330762751195686
2022-04-01,1.0461802010617507
2022-04-06,1.0431667947431633
2022-04-07,1.0297741767935176
2022-04-08,1.0350751002898908
2022-04-11,1.0030995246123393
2022-04-12,1.0226481326397876
2022-04-13,1.0128042244937554
2022-04-14,1.025484898594486
2022-04-15,1.0247947289732524
2022-04-18,1.019323526123324
2022-04-19,1.0116213212258842
2022-04-20,0.9959358037050929
2022-04-21,0.9775967662580697
2022-04-22,0.9818586431818166
2022-04-25,0.9333346544662489
2022-04-26,0.9258010163426589
2022-04-27,0.9530594135490988
2022-04-28,0.9593154672125392
2022-04-29,0.9825904040244645
2022-05-05,0.9811148942812316
2022-05-06,0.9563081772500424
2022-05-09,0.9486311717396948
2022-05-10,0.9590123406047021
2022-05-11,0.9728487613522627
2022-05-12,0.9685225403624454
2022-05-13,0.9758279160767441
2022-05-16,0.9679838117180086
2022-05-17,0.9800587219115522
2022-05-18,0.976636987660374
2022-05-19,0.9785186234480052
2022-05-20,0.9976021437583442
2022-05-23,0.991823899832681
2022-05-24,0.9686238272193015
2022-05-25,0.9745014007678718
2022-05-26,0.9769154041896061
2022-05-27,0.9789347803163918
2022-05-30,0.985716351295114
2022-05-31,1.0010072415209568
2022-06-01,0.9989665804749767
2022-06-02,1.0005301657459105
2022-06-06,1.0192503745044834
2022-06-07,1.0224416444581776
2022-06-08,1.0323949130511052
2022-06-09,1.0215966087007369
2022-06-10,1.037087870752099
2022-06-13,1.024942989444882
2022-06-14,1.0330063040058952
2022-06-15,1.0466841888035943
2022-06-16,1.0397954592661693
2022-06-17,1.0542259005172236
2022-06-20,1.0594588101338724
2022-06-21,1.0582680779302056
2022-06-22,1.0448260398233498
2022-06-23,1.0627481864392556
2022-06-24,1.0751996195137203
2022-06-27,1.087308047338639
2022-06-28,1.0986240400684935
2022-06-29,1.081703752580185
2022-06-30,1.0972769738031578
2022-07-01,1.092801513724736
2022-07-04,1.0999728189135345
2022-07-05,1.0983845235639957
2022-07-06,1.082343034118747
2022-07-07,1.0871147704861843
2022-07-08,1.0835200656847714
2022-07-11,1.065375528361421
2022-07-12,1.0553449490275117
2022-07-13,1.0572640169144158
2022-07-14,1.0574137453115071
2022-07-15,1.0394201596564663
2022-07-18,1.050199380975833
2022-07-19,1.0445121484287938
2022-07-20,1.0480505827541755
2022-07-21,1.0363695658928498
2022-07-22,1.036901933526953
2022-07-25,1.0306412314328837
2022-07-26,1.0387960466810082
2022-07-27,1.033672986819742
2022-07-28,1.0338288315729236
2022-07-29,1.0202331506010789
2022-08-01,1.0247778478304428
2022-08-02,1.0048008502224275
2022-08-03,0.995002692419951
2022-08-04,1.0034584323877203
2022-08-05,1.0170059164735734
2022-08-08,1.0148441515770046
2022-08-09,1.016854230842533
2022-08-10,1.0054645971853509
2022-08-11,1.0259680907256223
2022-08-12,1.0253831224291428
2022-08-15,1.024044129753846
2022-08-16,1.0221255511754292
2022-08-17,1.0316969144940757
2022-08-18,1.0226792037287264
2022-08-19,1.0155778696536013
2022-08-22,1.0229965202826932
2022-08-23,1.0180263693236853
2022-08-24,0.9987813772125613
2022-08-25,1.0070555837315693
2022-08-26,1.0049285597375937
2022-08-29,1.0005186669964607
2022-08-30,0.9971602981943783
2022-08-31,0.997905515020425
2022-09-01,0.9893181510695916
2022-09-02,0.9843939951083831
2022-09-05,0.9823910108159195
2022-09-06,0.9914074983100509
2022-09-07,0.9920687987305381
2022-09-08,0.9878365249702685
2022-09-09,1.0015623619997156
2022-09-13,1.0058017307330502
2022-09-14,0.9946073311622716
2022-09-15,0.985251752886492
2022-09-16,0.962147584736609
2022-09-19,0.961001868913767
2022-09-20,0.9621850168358818
2022-09-21,0.9550653336924858
2022-09-22,0.9466514296003745
2022-09-23,0.9433919011127121
2022-09-26,0.9386593094242528
2022-09-27,0.9522664891455476
2022-09-28,0.9367101490653842
2022-09-29,0.9363267758656418
2022-09-30,0.9308812617112929
2022-10-10,0.9103430272684281
2022-10-11,0.9119944434128191
2022-10-12,0.9258465220319709
2022-10-13,0.9181073743437456
2022-10-14,0.9400765914575057
2022-10-17,0.94104101848583
2022-10-18,0.9390483096715981
2022-10-19,0.923945069250607
2022-10-20,0.9186588250088504
2022-10-21,0.9157146558412057
2022-10-24,0.8889201230806569
2022-10-25,0.8874720146127087
2022-10-26,0.8946768374328822
2022-10-27,0.8883750334258861
2022-10-28,0.866401412535741
2022-10-31,0.8584190785293638
2022-11-01,0.8891158464755476
2022-11-02,0.8997906004328912
2022-11-03,0.8924734813148991
2022-11-04,0.9216553501846284
2022-11-07,0.9236424319512571
2022-11-08,0.9172882719361276
2022-11-09,0.908711917426257
2022-11-10,0.9017194544895399
2022-11-11,0.9268576780208254
2022-11-14,0.9282223593917015
2022-11-15,0.9458267001451534
2022-11-16,0.9380997851691086
2022-11-17,0.9342523525340432
2022-11-18,0.9300699882394705
2022-11-21,0.9221329152681619
2022-11-22,0.9222420310608135
2022-11-23,0.9232098832485485
2022-11-24,0.9191190196410873
2022-11-25,0.923759621333948
2022-11-28,0.9133534977360921
2022-11-29,0.9415327735154931
2022-11-30,0.9426618528497693
2022-12-01,0.9528717637442472
2022-12-02,0.9470438550071304
2022-12-05,0.9656199624162152
2022-12-06,0.9708364801985419
2022-12-07,0.9684493887436051
2022-12-08,0.9686301882296354
2022-12-09,0.9781873616021527
2022-12-12,0.967226606834025
2022-12-13,0.965327600595097
2022-12-14,0.9675796429075592
2022-12-15,0.9668708795638109
2022-12-16,0.9674184157610178
2022-12-19,0.9524930389751336
2022-12-20,0.9367852579181735
2022-12-21,0.9371573770227096
2022-12-22,0.9385005288201476
2022-12-23,0.9365900238317699
2022-12-26,0.9403258941317478
2022-12-27,0.9511799796496601
2022-12-28,0.9471211657481123
2022-12-29,0.9435582659983692
2022-12-30,0.9472116878182494
2023-01-03,0.9511909890906226
2023-01-04,0.9524262483666271
2023-01-05,0.970929448811115
2023-01-06,0.9739413872042406
2023-01-09,0.9818268381301468
2023-01-10,0.9828920627068399
2023-01-11,0.9810711011716248
2023-01-12,0.9829887011330672
2023-01-13,0.996813623131178
2023-01-16,1.0123704525198287
2023-01-17,1.0121938121559397
2023-01-18,1.0104988475561856
2023-01-19,1.0167849936915903
2023-01-20,1.0230283253343628
2023-01-30,1.027876883134295
2023-01-31,1.0169929497986618
2023-02-01,1.0265528143678588
2023-02-02,1.022935846030277
2023-02-03,1.0132678442854028
2023-02-06,0.9998720458305902
2023-02-07,1.001671722446611
2023-02-08,0.9972451932169122
2023-02-09,1.0106316948104677
2023-02-10,1.0046261670924874
2023-02-13,1.0137429628265002
2023-02-14,1.014162789508541
2023-02-15,1.0088780131922463
2023-02-16,1.0014892103808752
2023-02-17,0.9870592584383084
2023-02-20,1.011275869433902
2023-02-21,1.0139337931365189
2023-02-22,1.0047829904626437
2023-02-23,1.003974408187501
2023-02-24,0.9935521374095666
2023-02-27,0.9893435951109275
2023-02-28,0.9956104135610868
2023-03-01,1.0096738734467208
2023-03-02,1.0074220757885024
2023-03-03,1.010556830611922
2023-03-06,1.0052867335502438
2023-03-07,0.9905688235629438
2023-03-08,0.9869616413951067
2023-03-09,0.9834736058439092
2023-03-10,0.9705764127375808
2023-03-13,0.9807420412139647
2023-03-14,0.9748727859096771
2023-03-15,0.9754124931710885
2023-03-16,0.9637300083843009
2023-03-17,0.9685418680476909
2023-03-20,0.9637119039702736
2023-03-21,0.9743056773729811
2023-03-22,0.9784807020402452
2023-03-23,0.988180508836789
2023-03-24,0.9852338931267082
2023-03-27,0.9816695254515033
2023-03-28,0.9784983171457853
2023-03-29,0.9801201301266991
2023-03-30,0.988042523843391
2023-03-31,0.9910762364641982
2023-04-03,1.000774819989524
2023-04-04,1.003842050241706
2023-04-06,1.002260360556745
2023-04-07,1.0087779496066083
2023-04-10,1.0042596750355544
2023-04-11,1.0031186076433412
2023-04-12,1.0024188965066065
2023-04-13,0.9954929795241524
2023-04-14,1.0011249202121348
2023-04-17,1.0151644039818946
2023-04-18,1.018258790855118
2023-04-19,1.0090908623841899
2023-04-20,1.0062675524128903
2023-04-21,0.9865846292056982
2023-04-24,0.9743705107475387
2023-04-25,0.9694830529228721
2023-04-26,0.9686429102503034
2023-04-27,0.9757836336586501
2023-04-28,0.9857329877836797
2023-05-04,0.9860170313605149
2023-05-05,0.9827460041234026
2023-05-08,0.993947498667246
2023-05-09,0.9854367114946637
2023-05-10,0.9778512066714277
2023-05-11,0.9763328824355625
2023-05-12,0.9633901836399219
2023-05-15,0.9783446742807961
2023-05-16,0.973284735214382
2023-05-17,0.9688711726595948
2023-05-18,0.9678693135319976
2023-05-19,0.965048450103134
2023-05-22,0.971112939493825
2023-05-23,0.9573780502573641
2023-05-24,0.9441437236033362
2023-05-25,0.9420411650337219
2023-05-26,0.9421515040975916
2023-05-29,0.9379901800679699
2023-05-30,0.9389225573903809
2023-05-31,0.9293296644982961
2023-06-01,0.9313664110763784
2023-06-02,0.9448140762308371
2023-06-05,0.940511831356894
2023-06-06,0.9316832383218578
2023-06-07,0.9270786008028085
2023-06-08,0.9346249609470664
2023-06-09,0.9386656704345867
2023-06-12,0.9405566030834753
2023-06-13,0.9455658987214615
2023-06-14,0.9453501136785943
2023-06-15,0.9603899886504896
2023-06-16,0.9696506410797473
2023-06-19,0.961713323454195
2023-06-20,0.960081479649293
2023-06-21,0.9453518262582996
2023-06-26,0.9320582932773173
2023-06-27,0.9408015019813324
2023-06-28,0.9396677742164276
2023-06-29,0.9350303530287339
2023-06-30,0.9400721876811207
2023-07-03,0.9524101011865487
2023-07-04,0.9539100763541429
2023-07-05,0.9465195609630668
2023-07-06,0.9401463179169356
2023-07-07,0.935973495137864
2023-07-10,0.9405309143878959
2023-07-11,0.9466861705029676
2023-07-12,0.9403131721110799
2023-07-13,0.9537657303504109
2023-07-14,0.9539320952360681
2023-07-17,0.9461207745459769
2023-07-18,0.9431271852211222
2023-07-19,0.9421307084868845
2023-07-20,0.9354832080336626
2023-07-21,0.9350465002088124
2023-07-24,0.930963465537147
2023-07-25,0.9578494989848072
2023-07-26,0.9558673103030508
2023-07-27,0.9547255089481067
2023-07-28,0.9768402953368167
2023-07-31,0.9821962660380031
2023-08-01,0.9781279106209546
2023-08-02,0.971251658449954
2023-08-03,0.9798363312041075
2023-08-04,0.9836517141332598
2023-08-07,0.9762078641170758
2023-08-08,0.9736583222443798
2023-08-09,0.9706816140623346
2023-08-10,0.9726760354562717
2023-08-11,0.9502992243726515
2023-08-14,0.9433637658746964
2023-08-15,0.9410713556120381
2023-08-16,0.9341716166336506
2023-08-17,0.937295117361864
2023-08-18,0.9257726364503996
2023-08-21,0.912451457539889
2023-08-22,0.9194661840127749
2023-08-23,0.9043971951858896
2023-08-24,0.9109527056435129
2023-08-25,0.9074597770074432
2023-08-28,0.9180941630145906
2023-08-29,0.9272657612991728
2023-08-30,0.9268750484721221
2023-08-31,0.9211887945420575
2023-09-01,0.9276043627723338
2023-09-04,0.9416624402646083
2023-09-05,0.9346567659987361
2023-09-06,0.932628826973424
2023-09-07,0.919526858265191
2023-09-08,0.9150051585347266
2023-09-11,0.9217439150208164
2023-09-12,0.9200479718040878
2023-09-13,0.9141875240525703
2023-09-14,0.9134185757648932
2023-09-15,0.9073680316660881
2023-09-18,0.9120003151146657
2023-09-19,0.9102366026724562
2023-09-20,0.9066127840160533
2023-09-21,0.898479253687123
2023-09-22,0.9147458250364964
2023-09-25,0.9087936319436238
2023-09-26,0.9034819436605315
2023-09-27,0.9053418052204812
2023-09-28,0.9026559909340923
2023-10-09,0.9014840971071838
2023-10-10,0.8947313953292081
2023-10-11,0.8972811818561477
2023-10-12,0.9058034677781799
2023-10-13,0.8962688025960751
2023-10-16,0.887262345925932
2023-10-17,0.8903951435154026
2023-10-18,0.8833429849432439
2023-10-19,0.86449677924921
2023-10-20,0.8588804964328188
2023-10-23,0.8499885379486868
2023-10-24,0.8531411525318902
2023-10-25,0.8573805212652246
2023-10-26,0.8597504869231084
2023-10-27,0.871552607635023
2023-10-30,0.8767850279431845
2023-10-31,0.8740287532346349
2023-11-01,0.8736669096083306
2023-11-02,0.8695474214543667
2023-11-03,0.8768740820878598
2023-11-06,0.8887329625842927
2023-11-07,0.885589400208103
2023-11-08,0.8834640887938326
2023-11-09,0.8838932123371307
2023-11-10,0.8774497535230823
2023-11-13,0.875718824749517
2023-11-14,0.876365690569631
2023-11-15,0.8825277970035238
2023-11-16,0.8739940123320419
2023-11-17,0.8729432223557219
2023-11-20,0.8749625984825076
2023-11-21,0.87612323821421
2023-11-22,0.8671564155315322
2023-11-23,0.8713409817142972
2023-11-24,0.8655889157927006
2023-11-27,0.8592115136244279
2023-11-28,0.8608215832016483
2023-11-29,0.8534291105766231
2023-11-30,0.8553609004841952
2023-12-01,0.8521016166507763
2023-12-04,0.8465374451882749
2023-12-05,0.830419378964775
2023-12-06,0.8317260772799145
2023-12-07,0.8296915325900249
2023-12-08,0.8316928043027831
2023-12-11,0.8365841765953476
2023-12-12,0.8383818959774194
2023-12-13,0.8243881625512154
2023-12-14,0.8200722170396298
2023-12-15,0.8175248770551263
2023-12-18,0.8145435204424524
2023-12-19,0.8156872790313454
2023-12-20,0.8067478576239523
2023-12-21,0.814911480424847
2023-12-22,0.8164669921057416
2023-12-25,0.8189680924382022
2023-12-26,0.813423982623677
2023-12-27,0.8162538982595542
2023-12-28,0.8353817009879873
2023-12-29,0.8394356218046627
2024-01-02,0.8284853871690103
2024-01-03,0.8265146972367038
2024-01-04,0.8188704753950005
2024-01-05,0.8144811336103309
2024-01-08,0.8039475451515523
2024-01-09,0.8055238524431539
2024-01-10,0.8017635167188147
2024-01-11,0.8063001403581396
2024-01-12,0.8034853932853664
2024-01-15,0.8026910009563535
2024-01-16,0.8075733210419043
2024-01-17,0.7900086142759176
2024-01-18,0.8011763465341424
2024-01-19,0.7999645740655248
2024-01-22,0.7875180340759323
2024-01-23,0.7907061235244597
2024-01-24,0.8017586236339425
2024-01-25,0.8178593194061459
2024-01-26,0.8156334550977504
2024-01-29,0.8083278347292081
2024-01-30,0.793912562041258
2024-01-31,0.7866495115111045
2024-02-01,0.7872266508717887
2024-02-02,0.7779094833122564
2024-02-05,0.7829968236539552
2024-02-06,0.8102195013408277
2024-02-07,0.8180332685733551
2024-02-08,0.8232444039623222
2024-02-19,0.8327560716455273
2024-02-20,0.8344799054460279
2024-02-21,0.8457381597743897
2024-02-22,0.853029834851046
2024-02-23,0.8537801894162086
2024-02-26,0.8448789340708192
2024-02-27,0.8550144700752385
2024-02-28,0.844120750569861
2024-02-29,0.8602246268472313
2024-03-01,0.8655387616727598
2024-03-04,0.8662886269294352
2024-03-05,0.8723181307632895
2024-03-06,0.8687789624751767
2024-03-07,0.8635609767673884
2024-03-08,0.8672772747278772
2024-03-11,0.8781286690491098
2024-03-12,0.8801421734740488
2024-03-13,0.873993278369311
2024-03-14,0.8715129736475575
2024-03-15,0.8734139371204342
2024-03-18,0.8816184171800124
2024-03-19,0.8752823615789105
2024-03-20,0.8771794105838894
2024-03-21,0.8761288652618131
2024-03-22,0.8672997829182897
2024-03-25,0.8625928799254098
2024-03-26,0.8669927418425547
2024-03-27,0.8569717040241464
2024-03-28,0.8614190288645523
2024-03-29,0.8654604723148035
2024-04-01,0.8796902970860946
2024-04-02,0.8760275784049572
2024-04-03,0.8728781443269207
2024-04-08,0.8651972243486754
2024-04-09,0.8644825893030804
2024-04-10,0.8574419294803715
2024-04-11,0.8573284099113349
2024-04-12,0.8503787614672502
2024-04-15,0.868296504306771
2024-04-16,0.8590091845649594
2024-04-17,0.8722909741422483
2024-04-18,0.8733672081599041
2024-04-19,0.8664826377446206
2024-04-22,0.8638508920460705
2024-04-23,0.8578128253136895
2024-04-24,0.8615797667026064
2024-04-25,0.8636982277980556
2024-04-26,0.8769066211022604
2024-04-29,0.8866054492818297
2024-04-30,0.8818302877549817
2024-05-06,0.8949151306661617
2024-05-07,0.8951918346156885
2024-05-08,0.8881494622132744
2024-05-09,0.8965503996304743
2024-05-10,0.896970226312515
2024-05-13,0.896582204682144
2024-05-14,0.8947115783354753
2024-05-15,0.8871299879801371
2024-05-16,0.8906292776265406
2024-05-17,0.8998309683830874
2024-05-20,0.9030095163161138
2024-05-21,0.8993883888563907
2024-05-22,0.9014165725359464
2024-05-23,0.8909798671576388
2024-05-24,0.8811161420178739
2024-05-27,0.8894913907394945
2024-05-28,0.882999245730967
2024-05-29,0.8840634916906857
2024-05-30,0.8793636836708706
2024-05-31,0.8758438430680034
2024-06-03,0.8780024274594052
2024-06-04,0.884589253660211
2024-06-05,0.8794816070162923
2024-06-06,0.8788579833493215
2024-06-07,0.8744221572583655
2024-06-11,0.8667798926506111
2024-06-12,0.8670847318381535
2024-06-13,0.8626829126870595
2024-06-14,0.8664510773471945
2024-06-17,0.8651460916117601
2024-06-18,0.8674436396135344
2024-06-19,0.8633234174968397
2024-06-20,0.8570928078747352
2024-06-21,0.8552182670601686
2024-06-24,0.8506163207377989
2024-06-25,0.8459903982995551
2024-06-26,0.8514616011494835
2024-06-27,0.8450646266417218
2024-06-28,0.8469090749843239
2024-07-01,0.8509522310142803
2024-07-02,0.8493871778178849
2024-07-03,0.8473389324903527
2024-07-04,0.8430327731485118
2024-07-05,0.8394236337467257
2024-07-08,0.832255019754607
2024-07-09,0.8415643583783436
2024-07-10,0.8389110831063553
2024-07-11,0.8485022634187348
2024-07-12,0.849537640177707
2024-07-15,0.8504785803986445
2024-07-16,0.8558697813109113
2024-07-17,0.8566773849690794
2024-07-18,0.8614107106202695
2024-07-19,0.8658352826160194
2024-07-22,0.859941317233127
2024-07-23,0.8415807502126658
2024-07-24,0.8362688172753298
2024-07-25,0.8316463199964965
2024-07-26,0.8340980001717473
2024-07-29,0.8295594192984737
2024-07-30,0.8243336046548896
2024-07-31,0.842120457474077
2024-08-01,0.8365381815975481
2024-08-02,0.8280058648515279
2024-08-05,0.8179576704120785
2024-08-06,0.8178739986607626
2024-08-07,0.8175094638377787
2024-08-08,0.8178637231825309
2024-08-09,0.8150966836872624
2024-08-12,0.8136869859355614
2024-08-13,0.8157726633623664
2024-08-14,0.8096193644812437
2024-08-15,0.8176229834068153
2024-08-16,0.8185235556775565
2024-08-19,0.8212964668746717
2024-08-20,0.8153599316533905
2024-08-21,0.8126520984850766
2024-08-22,0.8105727820686055
2024-08-23,0.814011397462593
2024-08-26,0.8132852636675482
2024-08-27,0.808663989659933
2024-08-28,0.8040551930187423
2024-08-29,0.8018985658612894
2024-08-30,0.812602433673623
2024-09-02,0.7987987965947065
2024-09-03,0.8008580513632012
2024-09-04,0.7956559681812477
2024-09-05,0.7970243193657779
2024-09-06,0.7905625114834586
2024-09-09,0.7811692564541626
2024-09-10,0.781855022299011
2024-09-11,0.7795002252042313
2024-09-12,0.7761594715076892
2024-09-13,0.7729231851731699
2024-09-18,0.7758010530407955
2024-09-19,0.7819237701414665
2024-09-20,0.7831504665189445
2024-09-23,0.7860163463286328
2024-09-24,0.8200587610562311
2024-09-25,0.8321994832413067
2024-09-26,0.8673775829677588
2024-09-27,0.9061222522576082
2024-09-30,0.9829852759736567
2024-10-08,1.0412719476263768
2024-10-09,0.9678482732670467
2024-10-10,0.9780757992670649
2024-10-11,0.9510119021842975
2024-10-14,0.9691591307043278
2024-10-15,0.9433855401023781
2024-10-16,0.9374145086327473
2024-10-17,0.9268045880499615
2024-10-18,0.9603251552759321
2024-10-21,0.9627626455050533
2024-10-22,0.968286693671602
2024-10-23,0.972062442613289
2024-10-24,0.961205665898697
2024-10-25,0.9679551871715057
2024-10-28,0.9698478324000998
2024-10-29,0.9601820325434182
2024-10-30,0.9515702031682236
2024-10-31,0.9519594480698126
2024-11-01,0.9517099007413269
2024-11-04,0.9651027633452163
2024-11-05,0.9895219480545216
2024-11-06,0.9845579134516041
2024-11-07,1.0142618744772045
2024-11-08,1.00407251453919
2024-11-11,1.0106987300732178
2024-11-12,0.9995943632640889
2024-11-13,1.0057466835282372
2024-11-14,0.9883099309316605
2024-11-15,0.9709913463347493
2024-11-18,0.9664774755400803
2024-11-19,0.9729632595382739
2024-11-20,0.9751362785300489
2024-11-21,0.9759986847387864
2024-11-22,0.9457596648824034
2024-11-25,0.941451792960857
2024-11-26,0.9395175565108489
2024-11-27,0.9558751392388465
2024-11-28,0.9474360357596429
2024-11-29,0.9582086514144319
2024-12-02,0.965804921024387
2024-12-03,0.9668469034479368
2024-12-04,0.9616274498146866
2024-12-05,0.9594331459037174
2024-12-06,0.9720458061247234
2024-12-09,0.9704384277441827
2024-12-10,0.9775495479890522
2024-12-11,0.975884431207019
2024-12-12,0.9855908436681403
2024-12-13,0.9622694225499284
2024-12-16,0.9570487456454604
2024-12-17,0.9595420170421253
2024-12-18,0.9644001163575583
2024-12-19,0.9652745106242329
2024-12-20,0.960939237427402
2024-12-23,0.9623650823591814
2024-12-24,0.9746261744321147
2024-12-25,0.9751010483189685
2024-12-26,0.975553903323897
2024-12-27,0.9739761281068336
2024-12-30,0.9783857761937231
2024-12-31,0.9626926743913798
2025-01-02,0.934675849029738
2025-01-03,0.9236101375911001
2025-01-06,0.9220945045519146
2025-01-07,0.9287334421066101
2025-01-08,0.9270475297138696
2025-01-09,0.9247629483870068
2025-01-10,0.9131673158567022
2025-01-13,0.9107286023563629
2025-01-14,0.934711323895062
2025-01-15,0.928713869767121
2025-01-16,0.9297800729607886
2025-01-17,0.9327058930601622
2025-01-20,0.9369464850647148
2025-01-21,0.9376655238866948
2025-01-22,0.9289563221225419
2025-01-23,0.9306021112193299
2025-01-24,0.9377264427933546
2025-01-27,0.9338648202121593
2025-02-05,0.9284836501238807
2025-02-06,0.9401649116394502
2025-02-07,0.9523663080769418
2025-02-10,0.9544113728993069
2025-02-11,0.9500254562740481
2025-02-12,0.9590108726792405
2025-02-13,0.9554090729047627
2025-02-14,0.9636952674817079
2025-02-17,0.9657476719313814
2025-02-18,0.9572789652887006
2025-02-19,0.963976864516107
2025-02-20,0.9612210791160447
2025-02-21,0.9733432075786056
2025-02-24,0.9712081099945907
2025-02-25,0.9604271760955189
2025-02-26,0.9688163701090252
2025-02-27,0.9708164185505656
2025-02-28,0.9517169957143916
2025-03-03,0.9513316652807005
2025-03-04,0.9505358050262257
2025-03-05,0.9547805561529197
2025-03-06,0.967910170790681
2025-03-07,0.9649197619709934
2025-03-10,0.961198081617145
2025-03-11,0.9642841502460856
2025-03-12,0.9608139744546719
2025-03-13,0.95698440157939
2025-03-14,0.9802211723293115
2025-03-17,0.9778311450234514
2025-03-18,0.9805064391773648
2025-03-19,0.9811046188029998
2025-03-20,0.9724986611296519
2025-03-21,0.9577469888567332
2025-03-24,0.9626775058282758
2025-03-25,0.962052658890087
2025-03-26,0.9588873222862156
2025-03-27,0.9620812834365896
2025-03-28,0.9578619763512316
2025-03-31,0.9510459091241599
2025-04-01,0.9511383884282458
2025-04-02,0.9503315187328085
2025-04-03,0.9447330956762011
2025-04-07,0.8781719728502293
2025-04-08,0.8931736817601209
2025-04-09,0.9019897974287329
2025-04-10,0.91381173513438
2025-04-11,0.9175798997945149
2025-04-14,0.9196900426456812
2025-04-15,0.9202021039775643
2025-04-16,0.9230364233898265
2025-04-17,0.9228901201521457
2025-04-18,0.9229637610794733
2025-04-21,0.9259871982220487
2025-04-22,0.9257599144297318
2025-04-23,0.9264767513635194
2025-04-24,0.9258589993983952
2025-04-25,0.926504152638804
2025-04-28,0.9251891360793816
2025-04-29,0.9235886080176622
2025-04-30,0.9224861959959397
2025-05-06,0.9317759622801873
2025-05-07,0.9374238054940046
2025-05-08,0.9426273566014199
2025-05-09,0.9409786316537087
2025-05-12,0.9518542467450588
2025-05-13,0.9532360539129877
2025-05-14,0.9647233046133716
2025-05-15,0.9559128159923629
2025-05-16,0.9514811490235483
2025-05-19,0.9485599773548032
2025-05-20,0.9537040774810204
2025-05-21,0.9581592312572219
2025-05-22,0.9575436811802903
2025-05-23,0.9498148089702968
2025-05-26,0.9443915583521167
2025-05-27,0.9393247689668814
2025-05-28,0.9385516615570628
2025-05-29,0.9440473298313525
2025-05-30,0.9395290552602987
2025-06-03,0.9424113269043092
2025-06-04,0.9465043923999628
2025-06-05,0.9486605302489284
2025-06-06,0.947786625290741
2025-06-09,0.9505419213823161
2025-06-10,0.9457024157893977
2025-06-11,0.952836533533167
2025-06-12,0.9522430023381606
2025-06-13,0.9453885243948416
2025-06-16,0.9477403856386981
2025-06-17,0.9469046467425144
2025-06-18,0.9480280990291875
2025-06-19,0.9402285217427896
2025-06-20,0.9410977782703484
2025-06-23,0.943852095744949
2025-06-24,0.9551384853113263
2025-06-25,0.9688469518894769
2025-06-26,0.965410538383682
2025-06-27,0.9594747371251315
2025-06-30,0.9629784305479204
2025-07-01,0.9646134548579893
2025-07-02,0.9648392707248445
2025-07-03,0.9708046751468722
2025-07-04,0.9742628628803487
2025-07-07,0.9700968904200983
2025-07-08,0.9782384943390678
2025-07-09,0.9765131926131055
2025-07-10,0.9810693885919194
2025-07-11,0.9822395698391228
2025-07-14,0.982939525630101
2025-07-15,0.9832810629541853
2025-07-16,0.9803789743164423
2025-07-17,0.9870553439704106
2025-07-18,0.9929412357632638
2025-07-21,0.9995610902869574
2025-07-22,1.0077205539657106
2025-07-23,1.0079189685572814
2025-07-24,1.0150795089593607
2025-07-25,1.0097279420345593
2025-07-28,1.0118468924384958
2025-07-29,1.0158105358392777
2025-07-30,1.0156179929495541
2025-07-31,0.9971106333829247
2025-08-01,0.992055587401383
2025-08-04,0.9959145187858985
2025-08-05,1.0039264559557528
2025-08-06,1.0063815612904141
2025-08-07,1.0066704979521217
2025-08-08,1.0042975964433145
2025-08-11,1.0085898104932696
2025-08-12,1.0138043710416473
2025-08-13,1.0218175314827198
2025-08-14,1.0210187353773217
2025-08-15,1.0281234946118574
2025-08-18,1.037190380880173
2025-08-19,1.0332663714668564
2025-08-20,1.045015157553663
2025-08-21,1.0490947670659179
2025-08-22,1.0710957892313477
2025-08-25,1.0934141279507443
2025-08-26,1.0893452832252086
2025-08-27,1.0730845835776819
2025-08-28,1.092083208865487
2025-08-29,1.1001511718571289
2025-09-01,1.1067450930309994
2025-09-02,1.0986083821969024
2025-09-03,1.0911163352947264
2025-09-04,1.067966906109775
2025-09-05,1.091237439145315
2025-09-08,1.0930106931030257
2025-09-09,1.0853493454642693
2025-09-10,1.0875774116608574
2025-09-11,1.1126960628526539
2025-09-12,1.1063260003116895
2025-09-15,1.1090313869375674
2025-09-16,1.106653592343888
2025-09-17,1.1134270897325709
2025-09-18,1.1004814550860071
2025-09-19,1.101413832408418
2025-09-22,1.106475239400294
2025-09-23,1.1057828678908677
2025-09-24,1.1171086467904667
2025-09-25,1.1238163321876176
2025-09-26,1.1131887964992915
2025-09-29,1.1303155721692097
2025-09-30,1.1353654804116358
2025-10-09,1.15219475652132
2025-10-10,1.1295280301590178
2025-10-13,1.1239364574212318
2025-10-14,1.1105012696331973
2025-10-15,1.12694790650587
2025-10-16,1.129916541097876
2025-10-17,1.104426749418518
2025-10-20,1.1102947814515876
2025-10-21,1.1273354388277539
2025-10-22,1.1235917395919803
2025-10-23,1.1269618517977562
2025-10-24,1.1402561187414693
2025-10-27,1.1537940613118214
2025-10-28,1.1479111053698916
2025-10-29,1.1615787146893588
2025-10-30,1.1522997131918302
2025-10-31,1.1353591194013017
2025-11-03,1.1384747911937196
2025-11-04,1.129984310323357
2025-11-05,1.1320780613402013
2025-11-06,1.148260960938259
2025-11-07,1.1446868070933094
2025-11-10,1.148664151131734
2025-11-11,1.1381721538943697
2025-11-12,1.1366411076378364
2025-11-13,1.1503823578846313
2025-11-14,1.132294091037312
2025-11-17,1.124933178809713
2025-11-18,1.1176278030954145
2025-11-19,1.122545108737802
2025-11-20,1.1168339000748888
2025-11-21,1.0895940965909634
2025-11-24,1.0882338189964724
2025-11-25,1.0985966387932087
2025-11-26,1.1052563719586115
2025-11-27,1.1047125055750586
2025-11-28,1.107467067703903
2025-12-01,1.119656720737701
2025-12-02,1.1142373845874187
2025-12-03,1.1085403658706352
2025-12-04,1.1123366657687856
2025-12-05,1.1216264320530334
2025-12-08,1.13073197369184
2025-12-09,1.1249747700311274
2025-12-10,1.1234099614889757
2025-12-11,1.1137113779636498
2025-12-12,1.1207488572811917
2025-12-15,1.1136807961831983
2025-12-16,1.1003459166350453
2025-12-17,1.1204858539693072
2025-12-18,1.1138601277437667
2025-12-19,1.1176241332817602
2025-12-22,1.1282533815497917
2025-12-23,1.1304821817091106
2025-12-24,1.1337421995052603
2025-12-25,1.1358161335283719
2025-12-26,1.1394135295264645
2025-12-29,1.1350420475015788
2025-12-30,1.1379558795430154
2025-12-31,1.1327344686758163
2026-01-05,1.1542165791905419
2026-01-06,1.1720636169536585
2026-01-07,1.1686316072242484
2026-01-08,1.1590871558723992
2026-01-09,1.1642904623255705
2026-01-12,1.171873275952127
2026-01-13,1.1648066827795953
2026-01-14,1.160133542072334
2026-01-15,1.1624572680781748
2026-01-16,1.1576728096900695
2026-01-19,1.1583047516013232
2026-01-20,1.1544935277943122
2026-01-21,1.1555188737292965
2026-01-22,1.155675452445209
2026-01-23,1.15048584662968
2026-01-26,1.1515787171359013
2026-01-27,1.1512675169380249
2026-01-28,1.1542765194802271
2026-01-29,1.1630544690868354
2026-01-30,1.1514260528878866
2026-02-02,1.126872552998837
2026-02-03,1.1401149532429042
2026-02-04,1.149552735344538
2026-02-05,1.1426378278030465
2026-02-06,1.136075467026602
2026-02-09,1.1545370762496754
2026-02-10,1.1558190644862103
2026-02-11,1.153255821975872
2026-02-12,1.154664785764842
2026-02-13,1.1401881048617446
2026-02-24,1.1517206165971972
2026-02-25,1.1586546071696906
2026-02-26,1.1564497831262457
2026-02-27,1.1524797787151297
2026-03-02,1.156888937493532
2026-03-03,1.1390847142230478
2026-03-04,1.126051738011514
2026-03-05,1.1370775708084429
2026-03-06,1.140196178451784
2026-03-09,1.129190651957075
2026-03-10,1.1436988932575982
2026-03-11,1.1509749104626632
2026-03-12,1.1468314461928253
2026-03-13,1.142324915025465
2026-03-16,1.142916733640766
2026-03-17,1.1345691308486738
2026-03-18,1.1396806919604905
2026-03-19,1.1213118066957464
2026-03-20,1.1173403343591686
2026-03-23,1.0808817143216436
2026-03-24,1.0947597262906184
2026-03-25,1.110110312151903
2026-03-26,1.0954476940236595
2026-03-27,1.1015728576667667
2026-03-30,1.0989746295995915
2026-03-31,1.088723372137943
2026-04-01,1.1073214984289528
2026-04-02,1.0957853168798461
2026-04-03,1.086457873842082
2026-04-07,1.086415548657937
2026-04-08,1.12432227716341
2026-04-09,1.1171460788897396
2026-04-10,1.1343555476939993
2026-04-13,1.136701537236009
2026-04-14,1.1501890810321767
2026-04-15,1.1462653162731038
2026-04-16,1.1588312475335796
2026-04-17,1.1568896714562626
2026-04-20,1.1639283740450228
2026-04-21,1.1665106995863632
2026-04-22,1.1742491133118578
2026-04-23,1.1709952118717983
2026-04-24,1.1668463652086007
2026-04-27,1.167232429605023
2026-04-28,1.1641157791956307
2026-04-29,1.176871806803394
2026-04-30,1.176128057902809
2026-05-06,1.1932014989476198
2026-05-07,1.1989305673703168
2026-05-08,1.1919339453114584
2026-05-11,1.2114879357322663
2026-05-12,1.210560696148971
2026-05-13,1.222865581331511
2026-05-14,1.2023770117000998
2026-05-15,1.1889200496843837
2026-05-18,1.182542158207624
2026-05-19,1.1872784197097372
2026-05-20,1.1867443394959292
2026-05-21,1.1702052233191704
2026-05-22,1.185373297114719
2026-05-25,1.2040895914053942
2026-05-26,1.2105122546087355
2026-05-27,1.2008048635306399
2026-05-28,1.2022830644705522
2026-05-29,1.1968781629206433
2026-06-01,1.185167787550084
2026-06-02,1.2023677148388427
2026-06-03,1.2083005802464697
2026-06-04,1.19996667809202
2026-06-05,1.1784799191466657
2026-06-08,1.1532110502492905
2026-06-09,1.1747834381799094
2026-06-10,1.161763428643287
2026-06-11,1.1553581358912426
2026-06-12,1.1687918557538153
2026-06-15,1.196778343989249
2026-06-16,1.1949480855927765
2026-06-17,1.206484511796127
2026-06-18,1.2089831655861514
2026-06-22,1.2378668009329157
2026-06-23,1.203548660872765
2026-06-24,1.2093308192663261
2026-06-25,1.228189746981028
2026-06-26,1.1910309264982808
2026-06-29,1.2053921305983926
2026-06-30,1.2182394142390238
2026-07-01,1.2132347670316663
2026-07-02,1.1773486379241969
2026-07-03,1.1846584174148806
2026-07-06,1.1846153582680046
2026-07-07,1.1724472348076442
2026-07-08,1.1634615737482081
2026-07-09,1.1930106686376014
2026-07-10,1.1696398273621798
2026-07-13,1.1487453763406135
2026-07-14,1.1734845688005655
2026-07-15,1.1711067742068861
2026-07-16,1.1494918164378782
2026-07-17,1.1080623114786146
2026-07-20,1.1249987461470015
2026-07-21,1.1594724863060906
2026-07-22,1.1540937627602479
2026-07-23,1.156725753113042
2026-07-24,1.1374445521738632
2026-07-27,1.150468720832627
2026-07-28,1.1179534378936642
2026-07-29,1.1254736200338553
2026-07-30,1.1131083052531425
2026-07-31,1.1225218665846586
2026-08-03,1.111507777191423
2026-08-04,1.1256370490685892
2026-08-05,1.1396373881593707
2026-08-06,1.1379627298618364
2026-08-07,1.1485139334261552
2026-08-10,1.1503703698266943
2026-08-11,1.1410157701678891
2026-08-12,1.1476527504886358
2026-08-13,1.1410554041553544
2026-08-14,1.1415275868455286
2026-08-17,1.159929745087404
2026-08-18,1.156190204973772
2026-08-19,1.1226439490522218
2026-08-20,1.1236357773558308
2026-08-21,1.1300322625551054
2026-08-24,1.1163883846972686
