date,TRUE_BUYHOLD_growth6
2018-01-02,0.999
2018-01-03,1.0211424891006613
2018-01-04,1.0281613101473677
2018-01-05,1.0100712377507544
2018-01-08,0.9884307458484507
2018-01-09,0.994771491243401
2018-01-10,0.980720371150065
2018-01-11,0.9815202011463937
2018-01-12,0.9765879056300366
2018-01-15,0.9251340756792833
2018-01-16,0.8929159654426859
2018-01-17,0.9003424273365228
2018-01-18,0.905524105270541
2018-01-19,0.9029671458832261
2018-01-22,0.9055732659993522
2018-05-14,0.9518887866019474
2018-05-15,0.9613700351109683
2018-05-16,0.9534016003159893
2018-05-17,0.9494060420723807
2018-05-18,0.9357923496203726
2018-05-21,0.9768505757234223
2018-05-22,0.9902900487124251
2018-05-23,0.9855272544962994
2018-05-24,0.9701142173322399
2018-05-25,0.9419900871183027
2018-05-28,0.9511760576471796
2018-05-29,0.9408301473296085
2018-05-30,0.922570234216221
2018-05-31,0.9205873286754486
2018-06-01,0.8939232644521505
2018-06-04,0.9028741562685039
2018-06-05,0.9489529164582724
2018-06-06,0.9497862172947207
2018-06-07,0.9412611451622191
2018-06-08,0.945953451398246
2018-06-11,0.9428799007453377
2018-06-12,0.9488288094175222
2018-06-13,0.9476571758115804
2018-06-14,0.9472378219474232
2018-06-15,0.9334956851502811
2018-06-19,0.9023791272699535
2018-06-20,0.9095249144029351
2018-06-21,0.861011257479306
2018-06-22,0.8611055450604788
2018-06-25,0.8432678787240765
2018-06-26,0.855820483683844
2018-06-27,0.8509209134970467
2018-06-28,0.8543850448277124
2018-06-29,0.9133693692111345
2018-07-02,0.9009548570055927
2018-07-03,0.9238017959439351
2018-07-04,0.9027200232149193
2018-07-05,0.8894216475551904
2018-07-06,0.8928580701132651
2018-07-09,0.9318232227579447
2018-07-10,0.9309989240111854
2018-07-11,0.9170122803580403
2018-07-12,0.9586527071997252
2018-07-13,0.9763618249549784
2018-07-16,0.9754970234935102
2018-07-17,0.9903533152252202
2018-07-18,0.9633893502997916
2018-07-19,0.9628945402177996
2018-07-20,0.9790051784086953
2018-07-23,1.0067192743361455
2018-07-24,1.0046831655204793
2018-07-25,1.00083655697531
2018-07-26,0.9729023162904917
2018-07-27,0.9718621698030703
2018-07-30,0.9520569965225636
2018-07-31,0.9423034575094374
2018-08-01,0.9326615787876119
2018-08-02,0.9352504279001277
2018-08-03,0.9041300845594997
2018-08-06,0.8914903089574068
2018-08-07,0.9235176642888934
2018-08-08,0.8879763296723415
2018-08-09,0.9434290972498826
2018-08-10,0.9529332384349023
2018-08-13,0.9721655770379436
2018-08-14,0.9480110289354888
2018-08-15,0.9253217948005195
2018-08-16,0.9088004462482095
2018-08-17,0.8933418858958603
2018-08-20,0.9071234591121253
2018-08-21,0.9180444908905122
2018-08-22,0.8991314033667496
2018-08-23,0.9058673051782569
2018-08-24,0.9078846709343126
2018-08-27,0.9542074545173728
2018-08-28,0.9559330526373461
2018-08-29,0.9443050304048367
2018-08-30,0.9284602763431179
2018-08-31,0.9242646871914622
2018-09-03,0.9207982371420772
2018-09-04,0.944990012777885
2018-09-05,0.9210023612879257
2018-09-06,0.9166401424359298
2018-09-07,0.8973493359231759
2018-09-10,0.8450494706211781
2018-09-11,0.8469032277289033
2018-09-12,0.8329377405408206
2018-09-13,0.8219162528061091
2018-09-14,0.7992740374296129
2018-09-17,0.7745148314748361
2018-09-18,0.7880472825487435
2018-09-19,0.7937042335358874
2018-09-20,0.7986379275583957
2018-09-21,0.805293713152965
2018-09-25,0.8115086465400192
2018-09-26,0.8214520431977679
2018-09-27,0.8099015092820236
2018-09-28,0.8169999344125093
2018-10-08,0.7779566583835333
2018-10-09,0.766110378180696
2018-10-10,0.7648477547555086
2018-10-11,0.7112717743027048
2018-10-12,0.7210788309095237
2018-10-15,0.7225534364579631
2018-10-16,0.6977371157409403
2018-10-17,0.7096303766490601
2018-10-18,0.7008362284257071
2018-10-19,0.7301361975054965
2018-10-22,0.782526560372521
2018-10-23,0.7648623894646748
2018-10-24,0.7528281279315838
2018-10-25,0.7486614219229923
2018-10-26,0.7319570986678029
2018-10-29,0.7246258613221492
2018-10-30,0.7189581110567883
2018-10-31,0.7321762705371062
2018-11-01,0.7340279198527045
2018-11-02,0.772144596394258
2018-11-05,0.7561331842392678
2018-11-06,0.7471592237069747
2018-11-07,0.7532713154181828
2018-11-08,0.7430594978518033
2018-11-09,0.739818050000767
2018-11-12,0.7621802565913379
2018-11-13,0.7661908920950854
2018-11-14,0.763842775711122
2018-11-15,0.7773716876938304
2018-11-16,0.7980857330887858
2018-11-19,0.8026995217252323
2018-11-20,0.7790525277054429
2018-11-21,0.7718798482605288
2018-11-22,0.7662787311363205
2018-11-23,0.7392592348410599
2018-11-26,0.7255654203640876
2018-11-27,0.7239957330837034
2018-11-28,0.7413615028953461
2018-11-29,0.7242903812085294
2018-11-30,0.7360461409477239
2018-12-03,0.7805774799460671
2018-12-04,0.7829184524047406
2018-12-05,0.781391837057229
2018-12-06,0.7518870552433218
2018-12-07,0.7579535807377463
2018-12-10,0.7574481331501636
2018-12-11,0.7659638728057343
2018-12-12,0.7537070850101052
2018-12-13,0.7608650489180542
2018-12-14,0.7287952546898558
2018-12-17,0.7134800641539404
2018-12-18,0.7083117525063422
2018-12-19,0.6861918158714254
2018-12-20,0.6903013156189367
2018-12-21,0.6854292520737022
2018-12-24,0.7018380520433216
2018-12-25,0.7054425709374881
2018-12-26,0.6992953868320618
2018-12-27,0.683188381654469
2018-12-28,0.6728641358580745
2019-01-02,0.6730494659016114
2019-01-03,0.6529719399501958
2019-01-04,0.6537133242267258
2019-01-07,0.679756386631583
2019-01-08,0.6784746709691117
2019-01-09,0.6858157335691248
2019-01-10,0.6878987939683521
2019-01-11,0.689750283451442
2019-01-14,0.6790587131743014
2019-01-15,0.6884740984907046
2019-01-16,0.6741098943389029
2019-01-17,0.6617501201610575
2019-01-18,0.6697391562693468
2019-01-21,0.6879544222550229
2019-01-22,0.6898755848551364
2019-01-23,0.6868012450780463
2019-01-24,0.7089781953298178
2019-01-25,0.7168400089722116
2019-01-28,0.7219757697790996
2019-01-29,0.7073409635599562
2019-01-30,0.712056229782445
2019-01-31,0.7111050659855741
2019-02-01,0.7434110020281204
2019-02-11,0.7737082598663816
2019-02-12,0.7835617334332324
2019-02-13,0.7942964808134998
2019-02-14,0.7963981985354334
2019-02-15,0.7925408774953008
2019-02-18,0.8416235613022914
2019-02-19,0.8542410953957711
2019-02-20,0.8654444957437939
2019-02-21,0.8691596898308277
2019-02-22,0.9263113573655404
2019-02-25,0.9848490033306357
2019-02-26,0.9690916961447107
2019-02-27,0.9404915104434439
2019-02-28,0.9456072142828906
2019-03-01,0.937475872655324
2019-03-04,0.9633433816884763
2019-03-05,1.0205996463890032
2019-03-06,1.0229681554240504
2019-03-07,1.0175320059866975
2019-03-08,1.051518843582114
2019-03-11,1.0691340265374334
2019-03-12,1.118795675223144
2019-03-13,1.0499351213152814
2019-03-14,1.0305578794544397
2019-03-15,1.0350554289124032
2019-03-18,1.069484165414735
2019-03-19,1.0724399949062795
2019-03-20,1.0587865065029327
2019-03-21,1.0780100886322672
2019-03-22,1.0916830239518822
2019-03-25,1.0710282369911892
2019-03-26,1.0328149945085066
2019-03-27,1.0306171899892076
2019-03-28,1.0421666456330476
2019-03-29,1.0901604096674704
2019-04-01,1.1277651482549411
2019-04-02,1.11566048115695
2019-04-03,1.1209586762698
2019-04-04,1.1139991301134493
2019-04-08,1.066645097309386
2019-04-09,1.0733075333757285
2019-04-10,1.0671283065932944
2019-04-11,1.0220325468870817
2019-04-12,1.0374259731156443
2019-04-15,1.020794777441226
2019-04-16,1.0740114265565395
2019-04-17,1.0849394809330761
2019-04-18,1.0718494016003657
2019-04-19,1.0723119277430815
2019-04-22,1.0710788864554688
2019-04-23,1.065267042409452
2019-04-24,1.087948157322106
2019-04-25,1.049892088592252
2019-04-26,1.0373654777813823
2019-04-29,1.0212245534327198
2019-04-30,1.015561852854349
2019-05-06,0.9129347603047527
2019-05-07,0.9137269035068539
2019-05-08,0.9190733088323273
2019-05-09,0.9240303057625913
2019-05-10,0.9959610567582295
2019-05-13,0.9534425387305236
2019-05-14,0.9412216479231956
2019-05-15,0.9576887472430284
2019-05-16,0.9334501148618308
2019-05-17,0.9075500829497471
2019-05-20,0.8928065590341154
2019-05-21,0.9198877603864688
2019-05-22,0.9398047443240642
2019-05-23,0.9123368512854889
2019-05-24,0.8890396234162438
2019-05-27,0.9356202298609048
2019-05-28,0.9471377525467739
2019-05-29,0.9467023593048907
2019-05-30,0.9265793359514257
2019-05-31,0.9270456490588759
2019-06-03,0.9231238884212168
2019-06-04,0.9137433164618515
2019-06-05,0.9240956946936633
2019-06-06,0.9031077559556421
2019-06-10,0.9254101655905983
2019-06-11,0.9554862728801127
2019-06-12,0.9492282971691097
2019-06-13,0.9351209194995519
2019-06-14,0.9025506707679561
2019-06-17,0.8889804071292401
2019-06-18,0.8871775558051903
2019-06-19,0.9227859193782887
2019-06-20,0.9426570421483369
2019-06-21,0.9656719240748287
2019-06-24,0.9573124962719064
2019-06-25,0.9351246028961115
2019-06-26,0.9601292101624012
2019-06-27,1.0020735374062457
2019-06-28,0.9861480109874333
2019-07-01,1.0434088050200827
2019-07-02,1.0290661493725317
2019-07-03,0.9947947027426673
2019-07-04,0.9833428782052953
2019-07-05,0.9896956467392257
2019-07-08,0.9717931942016526
2019-07-09,0.9658631116861953
2019-07-10,0.9721204305530095
2019-07-11,0.9567084102151684
2019-07-12,0.957171879129434
2019-07-15,0.9857489006135133
2019-07-16,0.9882736219178877
2019-07-17,1.0027506466579115
2019-07-18,0.9635599470287646
2019-07-19,0.9669620181558283
2019-07-22,0.9462926788809637
2019-07-23,0.9746345459101277
2019-07-24,1.00677601723417
2019-07-25,1.0272099709574842
2019-07-26,1.025911973210963
2019-07-29,1.0408193095566638
2019-07-30,1.0261191848874167
2019-07-31,1.0331631125122984
2019-08-01,1.0281460826599387
2019-08-02,1.0087858086499553
2019-08-05,0.9853109065293714
2019-08-06,0.9745927448565551
2019-08-07,0.9634102228257873
2019-08-08,1.0162437404003242
2019-08-09,1.0163468951061985
2019-08-12,1.0708588999593605
2019-08-13,1.0587966333612582
2019-08-14,1.0632406181533687
2019-08-15,1.09641667470338
2019-08-16,1.08458652524062
2019-08-19,1.140558110143312
2019-08-20,1.1338980266418208
2019-08-21,1.1342130565088346
2019-08-22,1.1261768186726941
2019-08-23,1.1323008137156199
2019-08-26,1.1280481250031393
2019-08-27,1.1337185765855866
2019-08-28,1.1177400203126635
2019-08-29,1.1247623670539095
2019-08-30,1.1203930638658026
2019-09-02,1.1441997455157398
2019-09-03,1.1889020709718916
2019-09-04,1.209457983208881
2019-09-05,1.2417840363036612
2019-09-06,1.2349192335240535
2019-09-09,1.2757884326999582
2019-09-10,1.2424053776252486
2019-09-11,1.225856320105269
2019-09-12,1.2328250831801224
2019-09-16,1.2630511081133506
2019-09-17,1.2334400983438525
2019-09-18,1.2539964499959675
2019-09-19,1.2899073072601213
2019-09-20,1.310760562033703
2019-09-23,1.3357086930882973
2019-09-24,1.3392181987994678
2019-09-25,1.2721119322033634
2019-09-26,1.2184554640246146
2019-09-27,1.2370226028169065
2019-09-30,1.1952757284238225
2019-10-08,1.175674355450572
2019-10-09,1.1817328570018206
2019-10-10,1.221924307116964
2019-10-11,1.2043948267329252
2019-10-14,1.2417635819145603
2019-10-15,1.2043571830747815
2019-10-16,1.1875957206307841
2019-10-17,1.20645525802346
2019-10-18,1.1879603469436997
2019-10-21,1.18330061392435
2019-10-22,1.219238621428149
2019-10-23,1.220616036498808
2019-10-24,1.2145766889106806
2019-10-25,1.26358104502084
2019-10-28,1.2914807712104115
2019-10-29,1.292000674874773
2019-10-30,1.3063037709117
2019-10-31,1.2917500375452817
2019-11-01,1.3113109209493854
2019-11-04,1.324858784343543
2019-11-05,1.3607558936520734
2019-11-06,1.3308095578203056
2019-11-07,1.3402361799220768
2019-11-08,1.3320590318147674
2019-11-11,1.3044620327769931
2019-11-12,1.3043378976605953
2019-11-13,1.363344363055806
2019-11-14,1.4106320875380491
2019-11-15,1.3897483302505538
2019-11-18,1.378159218196864
2019-11-19,1.3991437110690752
2019-11-20,1.365037595251122
2019-11-21,1.3627687330185143
2019-11-22,1.3169107435313865
2019-11-25,1.275761984443958
2019-11-26,1.3027366685793138
2019-11-27,1.3554686729883059
2019-11-28,1.352418308244883
2019-11-29,1.3579478116317563
2019-12-02,1.368235069880279
2019-12-03,1.3734207921146118
2019-12-04,1.4032109055041382
2019-12-05,1.4543681135164608
2019-12-06,1.485738127126893
2019-12-09,1.4763639047142485
2019-12-10,1.5067913336488346
2019-12-11,1.4844686006213121
2019-12-12,1.4876000860363654
2019-12-13,1.508594213485432
2019-12-16,1.5512819577310608
2019-12-17,1.5565691823892818
2019-12-18,1.5439544256461122
2019-12-19,1.5083587004937047
2019-12-20,1.4844582832754298
2019-12-23,1.4450719888782457
2019-12-24,1.4788992483438173
2019-12-25,1.527169223128996
2019-12-26,1.517955846154871
2019-12-27,1.482856070013571
2019-12-30,1.475765952012142
2019-12-31,1.4914853072563483
2020-01-02,1.559598626865204
2020-01-03,1.566482626726924
2020-01-06,1.5780322500445614
2020-01-07,1.5850639540161555
2020-01-08,1.5520900124853183
2020-01-09,1.608407198702478
2020-01-10,1.6190865327191453
2020-01-13,1.7059816893192057
2020-01-14,1.7274105451393509
2020-01-15,1.7702130690837339
2020-01-16,1.7738458214375092
2020-01-17,1.7600188048248329
2020-01-20,1.8242361672431002
2020-01-21,1.832729506381352
2020-01-22,1.9519364991256662
2020-01-23,1.8553028433166223
2020-02-03,1.669711892592667
2020-02-04,1.7857131512706292
2020-02-05,1.8028296976727851
2020-02-06,1.8578846445547543
2020-02-07,1.8954996998342026
2020-02-10,1.870179725571739
2020-02-11,1.9335629761251674
2020-02-12,1.9479168056181444
2020-02-13,1.9520116372749816
2020-02-14,1.9672821362646136
2020-02-17,2.041479337428142
2020-02-18,2.092933072227209
2020-02-19,2.0746509284170904
2020-02-20,2.155871951918571
2020-02-21,2.177471989743949
2020-02-24,2.3175545951130783
2020-02-25,2.3673748158530206
2020-02-26,2.1622267384352565
2020-02-27,2.1278022117336843
2020-02-28,2.006990577165704
2020-03-02,2.0182716542334567
2020-03-03,2.014806048798764
2020-03-04,1.9187952884494843
2020-03-05,1.950935170817514
2020-03-06,1.9371851269521363
2020-03-09,1.7891249239672704
2020-03-10,1.9206217439361737
2020-03-11,1.8437446147144412
2020-03-12,1.8317385350976454
2020-03-13,1.8550923078384611
2020-03-16,1.7326256265212812
2020-03-17,1.7573007267106648
2020-03-18,1.7347531392353122
2020-03-19,1.7921672642616409
2020-03-20,1.8050278790049004
2020-03-23,1.629496475724655
2020-03-24,1.6286119342322516
2020-03-25,1.7037838795932436
2020-03-26,1.6569919656262084
2020-03-27,1.6387146041211718
2020-03-30,1.6019644360776017
2020-03-31,1.5882637503260315
2020-04-01,1.6092290961692286
2020-04-02,1.7307793771299798
2020-04-03,1.6985248188794408
2020-04-07,1.7350418338992664
2020-04-08,1.7510969810978643
2020-04-09,1.7335082358198632
2020-04-10,1.643788954245366
2020-04-13,1.6135574481339334
2020-04-14,1.688160231831875
2020-04-15,1.7045411776908324
2020-04-16,1.7211514757808757
2020-04-17,1.7935132107496354
2020-04-20,1.8070038781009685
2020-04-21,1.7685706328033541
2020-04-22,1.800371499196212
2020-04-23,1.7697723510339525
2020-04-24,1.7423347400514682
2020-04-27,1.7666392172692889
2020-04-28,1.8594119386683758
2020-04-29,1.8833043636476157
2020-04-30,1.9885451174220374
2020-05-06,2.0601707165090724
2020-05-07,2.02823992261702
2020-05-08,2.026740311480063
2020-05-11,2.000502926633416
2020-05-12,2.0451410263168284
2020-05-13,2.0768677031609704
2020-05-14,2.06805190157549
2020-05-15,2.1143060931111823
2020-05-18,2.055390682341083
2020-05-19,2.187943590777167
2020-05-20,2.129885826632817
2020-05-21,2.036884867462737
2020-05-22,1.983263032767574
2020-05-25,1.9455498698971407
2020-05-26,2.01809279911794
2020-05-27,1.9933073844270162
2020-05-28,1.936406311461944
2020-05-29,1.9398424321475178
2020-06-01,2.058338755703165
2020-06-02,2.0787824298969624
2020-06-03,2.108754711533982
2020-06-04,2.083376701229615
2020-06-05,2.1148305125165505
2020-06-08,2.1067352861862854
2020-06-09,2.1155022005711417
2020-06-10,2.1433675802067205
2020-06-11,2.1544938419285025
2020-06-12,2.0994670242189426
2020-06-15,2.0230724900770594
2020-06-16,2.092239513918095
2020-06-17,2.0961086508506224
2020-06-18,2.180071769795394
2020-06-19,2.2090156598108805
2020-06-22,2.315613183707503
2020-06-23,2.33894561471643
2020-06-24,2.339857032302218
2020-06-29,2.301824865050134
2020-06-30,2.4005028443215273
2020-07-01,2.409790554635992
2020-07-02,2.4205863772752623
2020-07-03,2.44848174496068
2020-07-06,2.6150036945529025
2020-07-07,2.678573181475193
2020-07-08,2.7720424264578525
2020-07-09,2.8067057819188497
2020-07-10,2.875406013261341
2020-07-13,3.001951093177002
2020-07-14,2.9137045816150753
2020-07-15,2.7478925328859356
2020-07-16,2.519820949488748
2020-07-17,2.520174640755278
2020-07-20,2.6039495557377155
2020-07-21,2.607764102283541
2020-07-22,2.6499374708660324
2020-07-23,2.662030677409535
2020-07-24,2.473004910959903
2020-07-27,2.462126858131786
2020-07-28,2.523762486007729
2020-07-29,2.645572714650664
2020-07-30,2.632725004336457
2020-07-31,2.7813516079297718
2020-08-03,2.9038734771007424
2020-08-04,2.7778510538101906
2020-08-05,2.815168925965663
2020-08-06,2.8113874185486525
2020-08-07,2.6878313335607134
2020-08-10,2.7252973212123797
2020-08-11,2.6884706227401525
2020-08-12,2.700845529877237
2020-08-13,2.647301220093686
2020-08-14,2.698940889409184
2020-08-17,2.753151013036799
2020-08-18,2.724792056165411
2020-08-19,2.6167054492990665
2020-08-20,2.602991206669532
2020-08-21,2.6276798684875144
2020-08-24,2.672928283456602
2020-08-25,2.6605746052755723
2020-08-26,2.583260263728495
2020-08-27,2.604237746346046
2020-08-28,2.626465882385835
2020-08-31,2.5830820486536985
2020-09-01,2.617938909044354
2020-09-02,2.572451962762288
2020-09-03,2.5577710752247995
2020-09-04,2.5774982062082583
2020-09-07,2.439103946517483
2020-09-08,2.4259244082463467
2020-09-09,2.3185858096120437
2020-09-10,2.344137442041589
2020-09-11,2.421242634377032
2020-09-14,2.423144836823401
2020-09-15,2.438024115423275
2020-09-16,2.393197067782991
2020-09-17,2.405968433380571
2020-09-18,2.4611995775104827
2020-09-21,2.4470201383467476
2020-09-22,2.4212208378617395
2020-09-23,2.437306923338941
2020-09-24,2.380505221633884
2020-09-25,2.3845244040719815
2020-09-28,2.3903660568947624
2020-09-29,2.424478117895328
2020-09-30,2.4339619318697605
2020-10-09,2.542863869155259
2020-10-12,2.6442432984037114
2020-10-13,2.642306039294561
2020-10-14,2.5688405966512886
2020-10-15,2.5464872160978484
2020-10-16,2.5298129083471332
2020-10-19,2.5180401686010927
2020-10-20,2.5355879351818778
2020-10-21,2.4688086766911894
2020-10-22,2.446330395369231
2020-10-23,2.4015121976813756
2020-10-26,2.419925982260047
2020-10-27,2.4481796258149706
2020-10-28,2.4813763274145737
2020-10-29,2.443371590996489
2020-10-30,2.4215909851354165
2020-11-02,2.4921790357639524
2020-11-03,2.5094404637798844
2020-11-04,2.493224065592987
2020-11-05,2.5409902771276345
2020-11-06,2.6159494026266605
2020-11-09,2.7561739316171026
2020-11-10,2.684495902376024
2020-11-11,2.5498338877353897
2020-11-12,2.5601639118730164
2020-11-13,2.5661813875518233
2020-11-16,2.4959990877459637
2020-11-17,2.54054454806572
2020-11-18,2.514118491737096
2020-11-19,2.4977411942446013
2020-11-20,2.4796464130151126
2020-11-23,2.4779021414064473
2020-11-24,2.4768005574987235
2020-11-25,2.479346424325803
2020-11-26,2.425883589510292
2020-11-27,2.458488879791076
2020-11-30,2.4792452744210616
2020-12-01,2.5217911162851294
2020-12-02,2.5176056251305954
2020-12-03,2.475909343090827
2020-12-04,2.4931110768375895
2020-12-07,2.547955580707419
2020-12-08,2.528830664747041
2020-12-09,2.4716205246341247
2020-12-10,2.454564902748115
2020-12-11,2.392156438992795
2020-12-14,2.376671189590555
2020-12-15,2.381151923903438
2020-12-16,2.365139325913118
2020-12-17,2.382540565722917
2020-12-18,2.340627832846009
2020-12-21,2.436788344642637
2020-12-22,2.365597042100419
2020-12-23,2.488896504532809
2020-12-24,2.4984382426680907
2020-12-25,2.5129322031507564
2020-12-28,2.47438852947381
2020-12-29,2.4932731287706664
2020-12-30,2.5054155893139964
2020-12-31,2.5511114159238204
2021-01-04,2.573127869607471
2021-01-05,2.678266851777464
2021-01-06,2.6149953873503415
2021-01-07,2.6524806071029245
2021-01-08,2.665502700574
2021-01-11,2.7536174623188314
2021-01-12,2.794037059517725
2021-01-13,2.902110538550692
2021-01-14,2.8496163258310263
2021-01-15,2.76534981011458
2021-01-18,2.890689465609283
2021-01-19,2.8142061576132176
2021-01-20,2.803928784507146
2021-01-21,2.8104595487557704
2021-01-22,2.767461456078905
2021-01-25,2.7318558758628746
2021-01-26,2.6572562280733907
2021-01-27,2.6486536550342223
2021-01-28,2.496832191722502
2021-01-29,2.522494236609544
2021-02-01,2.551652468870633
2021-02-02,2.5687282855677602
2021-02-03,2.4656447178490017
2021-02-04,2.425890280638585
2021-02-05,2.3884586240078054
2021-02-08,2.4002110364570965
2021-02-09,2.473837147395562
2021-02-10,2.5238231778072495
2021-02-18,2.5327662612790114
2021-02-19,2.4996081907315117
2021-02-22,2.4302067640926186
2021-02-23,2.4144459577345745
2021-02-24,2.41948865800435
2021-02-25,2.384312172998266
2021-02-26,2.3353902739872736
2021-03-01,2.4017056346511776
2021-03-02,2.4829360126533224
2021-03-03,2.4506309471893895
2021-03-04,2.3558300070213214
2021-03-05,2.3715920999784403
2021-03-08,2.263092427241225
2021-03-09,2.1598632078949085
2021-03-10,2.114584278935116
2021-03-11,2.1276052042341487
2021-03-12,2.0707912915925384
2021-03-15,1.9654238454285646
2021-03-16,1.9295034124843284
2021-03-17,1.960078264470483
2021-03-18,1.952227671596692
2021-03-19,1.8882934736906338
2021-03-22,1.8860866661605946
2021-03-23,1.8670854569643256
2021-03-24,1.7963841471296371
2021-03-25,1.8226708400809375
2021-03-26,1.877789137082587
2021-03-29,1.857790370348419
2021-03-30,1.873935560476962
2021-03-31,1.861971651004773
2021-04-01,1.9366572156634594
2021-04-02,2.0335328860300264
2021-04-06,2.0078687027914457
2021-04-07,2.0086790258000278
2021-04-08,1.989438886484555
2021-04-09,1.9612720396673322
2021-04-12,1.9393562886148206
2021-04-13,1.9356057652365914
2021-04-14,1.9351056476573487
2021-04-15,1.9125709994879518
2021-04-16,1.903121568020594
2021-04-19,2.0084047861713605
2021-04-20,1.9688359317981723
2021-04-21,1.9891445477507481
2021-04-22,2.0111317339186074
2021-04-23,2.0440539236752975
2021-04-26,2.0268985468536838
2021-04-27,2.03985114245698
2021-04-28,2.0295637757927087
2021-04-29,2.0456954070111077
2021-04-30,2.0355373873685103
2021-05-06,2.011835181254589
2021-05-07,1.9411048872141579
2021-05-10,1.8778226371727116
2021-05-11,1.8869361568381073
2021-05-12,1.9219853351830145
2021-05-13,1.8906213267501033
2021-05-14,1.9265005625813278
2021-05-17,1.9801189858179988
2021-05-18,1.9879974788734749
2021-05-19,2.006218249610159
2021-05-20,1.9853205774899998
2021-05-21,1.9304760697537073
2021-05-24,1.9888515847752317
2021-05-25,2.0801938219148473
2021-05-26,2.056135867640743
2021-05-27,2.165235328186261
2021-05-28,2.149573522065021
2021-05-31,2.1523476176147343
2021-06-01,2.222289287742945
2021-06-02,2.2092581482611515
2021-06-03,2.202524353415306
2021-06-04,2.238956055857559
2021-06-07,2.3053885811243515
2021-06-08,2.3199380064564186
2021-06-09,2.3217184176507395
2021-06-10,2.357351956805036
2021-06-11,2.264721159692106
2021-06-15,2.35477112542013
2021-06-16,2.2764914340794298
2021-06-17,2.4356986922459596
2021-06-18,2.4796089331322797
2021-06-21,2.482884122597531
2021-06-22,2.4734795257460283
2021-06-23,2.6273309621933696
2021-06-24,2.6125606764858134
2021-06-25,2.6688005269417503
2021-06-28,2.6913603538625166
2021-06-29,2.6888405342672526
2021-06-30,2.7002289539484416
2021-07-01,2.6443286995242934
2021-07-02,2.6060529299140307
2021-07-05,2.741750848111392
2021-07-06,2.736442029375539
2021-07-07,2.8248441949665297
2021-07-08,2.967277660379258
2021-07-09,2.9529875279560645
2021-07-12,2.9757178023320763
2021-07-13,2.865884117418823
2021-07-14,2.8267408364163304
2021-07-15,2.872893151943148
2021-07-16,2.8085940655881325
2021-07-19,2.8366114662202344
2021-07-20,2.8415746528047947
2021-07-21,2.9605933871872305
2021-07-22,3.0844333611838013
2021-07-23,3.0463987051996204
2021-07-26,3.0302390347246013
2021-07-27,3.0254379706524657
2021-07-28,2.9948087832044923
2021-07-29,3.150074809816262
2021-07-30,3.283233496625488
2021-08-02,3.1876359354004262
2021-08-03,3.0147822271031686
2021-08-04,3.2282922673893744
2021-08-05,3.139139521612539
2021-08-06,3.1115857100048534
2021-08-09,3.068800512019994
2021-08-10,3.017751983111563
2021-08-11,3.052428770763102
2021-08-12,3.0883714664710835
2021-08-13,2.917668171811286
2021-08-16,2.898545484982596
2021-08-17,2.763694162884331
2021-08-18,2.8256204664559483
2021-08-19,2.902261461443304
2021-08-20,2.9203644175272077
2021-08-23,3.0811456403740087
2021-08-24,3.044821944139567
2021-08-25,3.029312193367977
2021-08-26,2.9696290086244606
2021-08-27,3.00107182441676
2021-08-30,2.8002966328870333
2021-08-31,2.8014930487290175
2021-09-01,2.747448154529003
2021-09-02,2.61913650338759
2021-09-03,2.667820170157532
2021-09-06,2.775008084972224
2021-09-07,2.7675068300105323
2021-09-08,2.788069601920139
2021-09-09,2.7506805384631674
2021-09-10,2.9034710613909174
2021-09-13,2.7679385866723205
2021-09-14,2.8785588390618075
2021-09-15,2.8486240770233726
2021-09-16,2.77962707008244
2021-09-17,2.771277499830634
2021-09-22,2.820758176432127
2021-09-23,2.934006482223237
2021-09-24,2.9129835833588413
2021-09-27,2.923293595060663
2021-09-28,2.9063651154276195
2021-09-29,2.822866372456649
2021-09-30,2.833477088440084
2021-10-08,2.836253918209258
2021-10-11,2.7771823463041483
2021-10-12,2.710043222959786
2021-10-13,2.7481346203660677
2021-10-14,2.7340854089134243
2021-10-15,2.811540761409691
2021-10-18,2.790614408903995
2021-10-19,2.7623544117193304
2021-10-20,2.770295073947731
2021-10-21,2.7392710276818204
2021-10-22,2.859684540353782
2021-10-25,2.886913612820466
2021-10-26,2.944696504117863
2021-10-27,2.90507675718606
2021-10-28,2.906040960097365
2021-10-29,2.9106052465305248
2021-11-01,2.9935337337602292
2021-11-02,3.0803272862740916
2021-11-03,3.029622806528416
2021-11-04,3.0688601761441947
2021-11-05,3.0601216745699147
2021-11-08,3.0631370936040474
2021-11-09,3.1597203183707925
2021-11-10,3.1888506652795034
2021-11-11,3.354883893071855
2021-11-12,3.323381861830233
2021-11-15,3.241744182367963
2021-11-16,3.2108360803325184
2021-11-17,3.218291015818706
2021-11-18,3.1543975708970233
2021-11-19,3.165603405741741
2021-11-22,3.2276942876568917
2021-11-23,3.156685348338949
2021-11-24,3.1479282635377475
2021-11-25,3.1588499571532407
2021-11-26,3.033100466209444
2021-11-29,3.0339611271720224
2021-11-30,3.070186954778015
2021-12-01,3.0451500165778334
2021-12-02,2.9974832473155906
2021-12-03,3.0436934443522903
2021-12-06,3.034683209942374
2021-12-07,2.9766875356550564
2021-12-08,3.1056291225369597
2021-12-09,3.15149054978895
2021-12-10,3.0983828879622033
2021-12-13,3.1292808769856353
2021-12-14,3.12617967012357
2021-12-15,3.081655217856056
2021-12-16,3.1352268743901353
2021-12-17,3.010400035047984
2021-12-20,2.9702086548645856
2021-12-21,3.0215709058650857
2021-12-22,3.065364450059497
2021-12-23,3.073752568287155
2021-12-24,3.0635668147394006
2021-12-27,3.023283792616223
2021-12-28,3.0230151348292154
2021-12-29,3.0042123891284245
2021-12-30,3.0801707962200906
2021-12-31,3.1281847010362727
2022-01-04,3.028689104307108
2022-01-05,2.895303757093581
2022-01-06,2.8521427929136682
2022-01-07,2.829195498110673
2022-01-10,2.8339214714698215
2022-01-11,2.7325026082990895
2022-01-12,2.8221023423946527
2022-01-13,2.7336248648597317
2022-01-14,2.776001287525558
2022-01-17,2.8799874404094448
2022-01-18,2.9088098236701647
2022-01-19,2.8538028641257314
2022-01-20,2.8625625942149795
2022-01-21,2.781434095138644
2022-01-24,2.847563532803327
2022-01-25,2.798761470713414
2022-01-26,2.8608961951664247
2022-01-27,2.7468349684928164
2022-01-28,2.707844489993657
2022-02-07,2.7047712081606474
2022-02-08,2.5430073572044916
2022-02-09,2.5579347669225614
2022-02-10,2.564941086271792
2022-02-11,2.460845579213507
2022-02-14,2.4798048712403684
2022-02-15,2.6116186531997974
2022-02-16,2.576328847471923
2022-02-17,2.6044272488870908
2022-02-18,2.5825367116867763
2022-02-21,2.542770633550638
2022-02-22,2.526424581656526
2022-02-23,2.683122495337844
2022-02-24,2.654656561347239
2022-02-25,2.7048876891909464
2022-02-28,2.7083857301863254
2022-03-01,2.7030330932409834
2022-03-02,2.622709434838233
2022-03-03,2.529284300387936
2022-03-04,2.543231382560377
2022-03-07,2.4025156085781068
2022-03-08,2.447744914151196
2022-03-09,2.4921866308320397
2022-03-10,2.553561368489168
2022-03-11,2.4927859250277185
2022-03-14,2.4102009816904157
2022-03-15,2.391099491390899
2022-03-16,2.5141960652279156
2022-03-17,2.5095814162912404
2022-03-18,2.500897320710545
2022-03-21,2.5210413760705617
2022-03-22,2.4777938309520473
2022-03-23,2.471171953015816
2022-03-24,2.4336299663625236
2022-03-25,2.3748440756149343
2022-03-28,2.3409118550064236
2022-03-29,2.2639343866608566
2022-03-30,2.3669268577163254
2022-03-31,2.266084422830801
2022-04-01,2.265519699942779
2022-04-06,2.191668717273757
2022-04-07,2.162036184564852
2022-04-08,2.1579796816378467
2022-04-11,2.0488815924394967
2022-04-12,2.077120502811429
2022-04-13,2.02340135635138
2022-04-14,2.127875101492659
2022-04-15,2.126695516791677
2022-04-18,2.199335060978014
2022-04-19,2.1414986621611902
2022-04-20,2.120716709426482
2022-04-21,2.1093347282597312
2022-04-22,2.0669892381052817
2022-04-25,1.8786474747491422
2022-04-26,1.8341561202400358
2022-04-27,1.956395312810776
2022-04-28,1.963075833634541
2022-04-29,2.018176538428052
2022-05-05,1.9951735784127833
2022-05-06,1.9162205466060636
2022-05-09,1.8570411645517582
2022-05-10,1.956348120200445
2022-05-11,2.0318696069444546
2022-05-12,2.072737146384914
2022-05-13,2.07888389945625
2022-05-16,2.0433788612415715
2022-05-17,2.1375430729117113
2022-05-18,2.152448062905475
2022-05-19,2.1661222007618797
2022-05-20,2.1742882071199174
2022-05-23,2.179171984354715
2022-05-24,2.1112435467872657
2022-05-25,2.1149161560590892
2022-05-26,2.12059000884668
2022-05-27,2.1244113240152496
2022-05-30,2.1370744755955102
2022-05-31,2.256879609289021
2022-06-01,2.2442801967272423
2022-06-02,2.3463583774718293
2022-06-06,2.4133484421667815
2022-06-07,2.327859002383708
2022-06-08,2.3321673197161807
2022-06-09,2.2400412260594944
2022-06-10,2.2787950981167735
2022-06-13,2.2404918457584455
2022-06-14,2.173752943186907
2022-06-15,2.204969828330762
2022-06-16,2.254780329430299
2022-06-17,2.225687764948438
2022-06-20,2.272486337419154
2022-06-21,2.3015288144558013
2022-06-22,2.199885710681651
2022-06-23,2.2647326374800234
2022-06-24,2.318280188604491
2022-06-27,2.3379644986023584
2022-06-28,2.4083948059372418
2022-06-29,2.3369107567247145
2022-06-30,2.375654680511994
2022-07-01,2.3956122783556144
2022-07-04,2.292075196593076
2022-07-05,2.2944133763147683
2022-07-06,2.3696667097432718
2022-07-07,2.414476876070704
2022-07-08,2.4710070523655085
2022-07-11,2.4084213244387462
2022-07-12,2.314715452375334
2022-07-13,2.3033163711454487
2022-07-14,2.2952764004612796
2022-07-15,2.3300345964933715
2022-07-18,2.2906344613216216
2022-07-19,2.267507055749268
2022-07-20,2.285370539724865
2022-07-21,2.3370331632996604
2022-07-22,2.2969505352008763
2022-07-25,2.278109381055331
2022-07-26,2.279823270377472
2022-07-27,2.244842270635698
2022-07-28,2.3509003596881946
2022-07-29,2.2888775951925444
2022-08-01,2.3615550922888606
2022-08-02,2.3857016384843144
2022-08-03,2.419674263363013
2022-08-04,2.4661055137970305
2022-08-05,2.6183046130738905
2022-08-08,2.676028378779541
2022-08-09,2.6798754935353593
2022-08-10,2.6727929067834744
2022-08-11,2.7556015397010776
2022-08-12,2.6917221904270403
2022-08-15,2.7051618600817244
2022-08-16,2.6390957089989335
2022-08-17,2.6910430143650306
2022-08-18,2.7052916272356557
2022-08-19,2.643303668511979
2022-08-22,2.674124776922035
2022-08-23,2.623482010458647
2022-08-24,2.5101752737169636
2022-08-25,2.5206800433789223
2022-08-26,2.5028598878263812
2022-08-29,2.5068579530534785
2022-08-30,2.507328646945802
2022-08-31,2.4555389313269687
2022-09-01,2.420935542083891
2022-09-02,2.487694324409222
2022-09-05,2.5031146264706727
2022-09-06,2.4970705351973477
2022-09-07,2.6071315570123677
2022-09-08,2.5880358053912507
2022-09-09,2.5862048747115343
2022-09-13,2.598519499331352
2022-09-14,2.613998578990267
2022-09-15,2.51821866503559
2022-09-16,2.50590551507873
2022-09-19,2.4888947122398744
2022-09-20,2.461420473646189
2022-09-21,2.3906512822458525
2022-09-22,2.360625519093781
2022-09-23,2.2981473078796886
2022-09-26,2.316836365506111
2022-09-27,2.346639953797863
2022-09-28,2.261090299820346
2022-09-29,2.285093177454261
2022-09-30,2.201002519476631
2022-10-10,2.0475465012055167
2022-10-11,1.943070718794485
2022-10-12,2.0045702120287894
2022-10-13,1.9648561398170852
2022-10-14,2.022450919545312
2022-10-17,2.121934087177655
2022-10-18,2.0895930295698064
2022-10-19,2.081449202383886
2022-10-20,2.186925905592797
2022-10-21,2.158509101570517
2022-10-24,2.150962180645238
2022-10-25,2.140224123930525
2022-10-26,2.159975218850968
2022-10-27,2.171116606824504
2022-10-28,2.141690466971306
2022-10-31,2.181058205582743
2022-11-01,2.208845698359072
2022-11-02,2.20840150312757
2022-11-03,2.244613017521876
2022-11-04,2.3003860720008813
2022-11-07,2.289971276124483
2022-11-08,2.256275428436776
2022-11-09,2.216651641367129
2022-11-10,2.1118863614626706
2022-11-11,2.1487196967206272
2022-11-14,2.1487268725711535
2022-11-15,2.2851075851460636
2022-11-16,2.225066156872794
2022-11-17,2.2267022943652246
2022-11-18,2.155160243211757
2022-11-21,2.159157579307588
2022-11-22,2.144702158913038
2022-11-23,2.119035971583743
2022-11-24,2.113105226591332
2022-11-25,2.081888792748879
2022-11-28,2.060459312866924
2022-11-29,2.0857432776850153
2022-11-30,2.071492117684345
2022-12-01,2.1155438397196566
2022-12-02,2.0840627481094343
2022-12-05,2.0551984807372654
2022-12-06,2.145212120735888
2022-12-07,2.1495927029045347
2022-12-08,2.1286426861724204
2022-12-09,2.160918821670354
2022-12-12,2.180103387046876
2022-12-13,2.119846935711782
2022-12-14,2.1441875991674677
2022-12-15,2.1828742731392223
2022-12-16,2.144682397392136
2022-12-19,2.091315795992941
2022-12-20,2.074144591486644
2022-12-21,2.048694357123847
2022-12-22,2.0414876894294176
2022-12-23,2.0098223640744215
2022-12-26,2.055642406701896
2022-12-27,2.082523514909517
2022-12-28,2.0575906543090485
2022-12-29,2.0708045357642515
2022-12-30,2.0585330818559147
2023-01-03,2.0790024527110864
2023-01-04,1.991875328073465
2023-01-05,2.035187559322976
2023-01-06,2.0270625775906277
2023-01-09,2.037830031167747
2023-01-10,2.0692622053170147
2023-01-11,2.061902694055695
2023-01-12,2.055915496036592
2023-01-13,2.058572863918516
2023-01-16,2.110249336308436
2023-01-17,2.1692545205289995
2023-01-18,2.1590740079703252
2023-01-19,2.1962147379285373
2023-01-20,2.202611626317889
2023-01-30,2.2447576193908834
2023-01-31,2.1918429777308472
2023-02-01,2.23644422260164
2023-02-02,2.2948283006342547
2023-02-03,2.295432880998545
2023-02-06,2.279767162372016
2023-02-07,2.265415326465072
2023-02-08,2.2370660504847906
2023-02-09,2.3054545446290633
2023-02-10,2.288546986642464
2023-02-13,2.316969654114603
2023-02-14,2.320314861096426
2023-02-15,2.3619969376010945
2023-02-16,2.330714522385017
2023-02-17,2.2271237282211294
2023-02-20,2.2414531652419787
2023-02-21,2.243937696299532
2023-02-22,2.237015388275047
2023-02-23,2.241848722589759
2023-02-24,2.2173541351796744
2023-02-27,2.1682143254201476
2023-02-28,2.180550978540006
2023-03-01,2.2045584122974105
2023-03-02,2.192014198907268
2023-03-03,2.249129079064057
2023-03-06,2.264956225790007
2023-03-07,2.200171560380824
2023-03-08,2.209204731418038
2023-03-09,2.2565236803031934
2023-03-10,2.257512140726719
2023-03-13,2.2624138113331465
2023-03-14,2.320378607650578
2023-03-15,2.308697648872019
2023-03-16,2.277450994128046
2023-03-17,2.287209441552799
2023-03-20,2.3453123227813695
2023-03-21,2.342718925122677
2023-03-22,2.350988192162368
2023-03-23,2.380590465689487
2023-03-24,2.367698579393029
2023-03-27,2.3216274820515794
2023-03-28,2.2817310264005974
2023-03-29,2.4069978934283722
2023-03-30,2.3820137962587613
2023-03-31,2.383101668807022
2023-04-03,2.4583073896790046
2023-04-04,2.4858837130842883
2023-04-06,2.606115668510586
2023-04-07,2.6261733856744587
2023-04-10,2.5326413546265507
2023-04-11,2.50949821986794
2023-04-12,2.5476547850070044
2023-04-13,2.4487375330384866
2023-04-14,2.580297808311999
2023-04-17,2.6118049090582054
2023-04-18,2.581346326044793
2023-04-19,2.5811078835914487
2023-04-20,2.684508137093508
2023-04-21,2.5623697340525577
2023-04-24,2.5314857973922975
2023-04-25,2.475772692625129
2023-04-26,2.472796836711028
2023-04-27,2.440781723056914
2023-04-28,2.460097670079399
2023-05-04,2.3958885792597555
2023-05-05,2.3860135672015086
2023-05-08,2.302169977068232
2023-05-09,2.3155721270575946
2023-05-10,2.277332484324961
2023-05-11,2.278831639966808
2023-05-12,2.2628387474735105
2023-05-15,2.2889290673708693
2023-05-16,2.3404279163541046
2023-05-17,2.3678232530291132
2023-05-18,2.362535130306656
2023-05-19,2.393108774850348
2023-05-22,2.3618252811076417
2023-05-23,2.333552458477726
2023-05-24,2.356403992655274
2023-05-25,2.366534569824065
2023-05-26,2.3901601525335776
2023-05-29,2.3890703153665087
2023-05-30,2.411499888965564
2023-05-31,2.4224130951128733
2023-06-01,2.41116248561474
2023-06-02,2.432225400903657
2023-06-05,2.497302500533905
2023-06-06,2.395940996394958
2023-06-07,2.4299573774434977
2023-06-08,2.3937962901410734
2023-06-09,2.416367574055075
2023-06-12,2.478734893218128
2023-06-13,2.523272351920887
2023-06-14,2.495752199559462
2023-06-15,2.498469728618167
2023-06-16,2.5456057071045484
2023-06-19,2.5523540617509646
2023-06-20,2.55705943014347
2023-06-21,2.454221323669827
2023-06-26,2.442335513397008
2023-06-27,2.4721499444053863
2023-06-28,2.4908496979094648
2023-06-29,2.514859283412039
2023-06-30,2.554765757135532
2023-07-03,2.5209381043347254
2023-07-04,2.55348695327091
2023-07-05,2.4929541025556636
2023-07-06,2.4755678562651435
2023-07-07,2.4351718141170684
2023-07-10,2.4144861542781233
2023-07-11,2.4723327396036354
2023-07-12,2.410730245828421
2023-07-13,2.4771200900532286
2023-07-14,2.5216399157432248
2023-07-17,2.4720500677342274
2023-07-18,2.478106443260536
2023-07-19,2.413131921482298
2023-07-20,2.370292294325662
2023-07-21,2.3327122109431193
2023-07-24,2.329070888449807
2023-07-25,2.3669177936759795
2023-07-26,2.3773258802502237
2023-07-27,2.335861339379441
2023-07-28,2.354213473772989
2023-07-31,2.3874298533958895
2023-08-01,2.3996440134217147
2023-08-02,2.4114864237587574
2023-08-03,2.418873386577323
2023-08-04,2.421699622763087
2023-08-07,2.429987250157243
2023-08-08,2.4288749481884464
2023-08-09,2.3971491152960653
2023-08-10,2.4083469074996278
2023-08-11,2.346169394092055
2023-08-14,2.317082925344
2023-08-15,2.2983699387605756
2023-08-16,2.239905207825855
2023-08-17,2.251907133672447
2023-08-18,2.192224324998879
2023-08-21,2.1736529118629258
2023-08-22,2.214107346685455
2023-08-23,2.159751644475829
2023-08-24,2.2098150991381322
2023-08-25,2.1554224946674676
2023-08-28,2.165638124179852
2023-08-29,2.221883209647222
2023-08-30,2.2760523291359247
2023-08-31,2.2896585517464545
2023-09-01,2.2935363999262837
2023-09-04,2.3064959301487664
2023-09-05,2.2739333108545856
2023-09-06,2.315243516382841
2023-09-07,2.208179502464892
2023-09-08,2.205512511287313
2023-09-11,2.216390179957527
2023-09-12,2.222012120846429
2023-09-13,2.160738214011055
2023-09-14,2.1192042116352017
2023-09-15,2.1054813111010553
2023-09-18,2.098000940992607
2023-09-19,2.0638016560888204
2023-09-20,2.032883184535547
2023-09-21,2.0261005452866754
2023-09-22,2.0681617878841947
2023-09-25,2.0586644613328087
2023-09-26,2.0401114414537904
2023-09-27,2.049268018129718
2023-09-28,2.086923365177333
2023-10-09,2.132006789484616
2023-10-10,2.1366656361846226
2023-10-11,2.1497781937102705
2023-10-12,2.196837029180791
2023-10-13,2.1801571560273043
2023-10-16,2.141157239864836
2023-10-17,2.1399051188567157
2023-10-18,2.1149771582498578
2023-10-19,2.093217356334376
2023-10-20,2.0533986790309444
2023-10-23,2.0332888009412344
2023-10-24,2.0997568240494155
2023-10-25,2.1002950931370505
2023-10-26,2.103012423270822
2023-10-27,2.1431777168965658
2023-10-30,2.225539248506003
2023-10-31,2.2084478282049784
2023-11-01,2.181194147455338
2023-11-02,2.152794753127242
2023-11-03,2.207847488478733
2023-11-06,2.2546488644607248
2023-11-07,2.2394954260370215
2023-11-08,2.2444756184460615
2023-11-09,2.2162146218611634
2023-11-10,2.217386399006402
2023-11-13,2.215039071091789
2023-11-14,2.215309815171322
2023-11-15,2.2151569617671236
2023-11-16,2.179619947440142
2023-11-17,2.1768514619057324
2023-11-20,2.1426348846780723
2023-11-21,2.1255582189455255
2023-11-22,2.0856748182528726
2023-11-23,2.1184303352395624
2023-11-24,2.0961650733331125
2023-11-27,2.1261237401974147
2023-11-28,2.1317703444225446
2023-11-29,2.113565855735362
2023-11-30,2.1017220337253972
2023-12-01,2.086105063889755
2023-12-04,2.057488828235772
2023-12-05,2.010849820795218
2023-12-06,2.002471684184711
2023-12-07,1.9686707374765262
2023-12-08,2.021133871245513
2023-12-11,2.0623586047413793
2023-12-12,2.0686551651928737
2023-12-13,2.0540803538046895
2023-12-14,2.04518185885187
2023-12-15,2.042270460727958
2023-12-18,2.0193651527145957
2023-12-19,2.0646371019835974
2023-12-20,2.0599039496641747
2023-12-21,2.086842008636745
2023-12-22,2.0555625263780417
2023-12-25,2.0647545559380474
2023-12-26,2.023905981375964
2023-12-27,2.089401567278791
2023-12-28,2.1414242139064226
2023-12-29,2.1784060653383706
2024-01-02,2.1411533111095675
2024-01-03,2.098319362396772
2024-01-04,2.0630984751239536
2024-01-05,2.0459594816776594
2024-01-08,1.9805672671235506
2024-01-09,1.9886008350941577
2024-01-10,1.9758572410695792
2024-01-11,2.0074750907384065
2024-01-12,1.9866638949966364
2024-01-15,1.9898327647415228
2024-01-16,2.0281840874920465
2024-01-17,1.974344820065152
2024-01-18,2.0388136090731788
2024-01-19,2.031534130485686
2024-01-22,2.0010850462918053
2024-01-23,2.0067373744762715
2024-01-24,2.0046199698461513
2024-01-25,2.0354674148387955
2024-01-26,1.971142473488743
2024-01-29,1.918200547484151
2024-01-30,1.8422320190239927
2024-01-31,1.7986366645253398
2024-02-01,1.8403504025200372
2024-02-02,1.8002843905565162
2024-02-05,1.8454159230278138
2024-02-06,1.9412636005889348
2024-02-07,1.9609819571997509
2024-02-08,1.9848354232214636
2024-02-19,2.0041657574753255
2024-02-20,1.9741659242735787
2024-02-21,2.005383673570226
2024-02-22,2.0289597070679024
2024-02-23,2.020782062136181
2024-02-26,2.0122682256527336
2024-02-27,2.0879842557319734
2024-02-28,2.019094345375254
2024-02-29,2.1385751003192435
2024-03-01,2.201221049825722
2024-03-04,2.2073293696990537
2024-03-05,2.22066564595614
2024-03-06,2.199743377237281
2024-03-07,2.1688929998470114
2024-03-08,2.2416121581798087
2024-03-11,2.260496308362233
2024-03-12,2.2421636382097088
2024-03-13,2.22015466228182
2024-03-14,2.183640209244274
2024-03-15,2.1877594549317956
2024-03-18,2.2455626336012564
2024-03-19,2.254959239130991
2024-03-27,2.2687099926400767
2024-03-28,2.2743724291272627
2024-03-29,2.259244174589372
2024-04-01,2.2851092106089808
2024-04-02,2.2201332198064474
2024-04-03,2.2140885275207283
2024-04-08,2.191013111749403
2024-04-09,2.199406816498613
2024-04-10,2.137567822989291
2024-04-11,2.132545325734924
2024-04-12,2.1361462685626322
2024-04-15,2.2297351416269584
2024-04-16,2.1782280659001825
2024-04-17,2.2111058743877106
2024-04-18,2.1894744489995834
2024-04-19,2.1397013181759577
2024-04-22,2.1453527605118974
2024-04-23,2.1653269523493974
2024-04-24,2.1888852752505197
2024-04-25,2.20967893090706
2024-04-26,2.261292386764023
2024-04-29,2.3476936119710645
2024-04-30,2.3252986779762095
2024-05-06,2.3699618264145443
2024-05-07,2.3687192119896987
2024-05-08,2.32298892439755
2024-05-09,2.3383870558473907
2024-05-10,2.263964617657734
2024-05-13,2.2532705994428714
2024-05-14,2.258244508481798
2024-05-15,2.2517626423201555
2024-05-16,2.280734207893365
2024-05-17,2.2807398046283267
2024-05-20,2.2804756029335715
2024-05-21,2.3064007035974194
2024-05-22,2.3119967793264258
2024-05-23,2.293480960068406
2024-05-24,2.2394873512500153
2024-05-27,2.323283397177938
2024-05-28,2.3078200983657258
2024-05-29,2.2825091096647294
2024-05-30,2.318419680712843
2024-05-31,2.2837935205193762
2024-06-03,2.3658422215067385
2024-06-04,2.3854546439478317
2024-06-05,2.3952575415630766
2024-06-06,2.426106471586968
2024-06-07,2.3979237032464686
2024-06-11,2.4417147530325987
2024-06-12,2.4667964470307258
2024-06-13,2.481129438768454
2024-06-14,2.4901915087287976
2024-06-17,2.6110950892087956
2024-06-18,2.6340020066834877
2024-06-19,2.6127238855318895
2024-06-20,2.594315926146175
2024-06-21,2.619708405926142
2024-06-24,2.620563913420395
2024-06-25,2.542400594130518
2024-06-26,2.6007463226847376
2024-06-27,2.610196973076739
2024-06-28,2.645148934639679
2024-07-01,2.642419781148442
2024-07-02,2.606971735291103
2024-07-03,2.6321508961764417
2024-07-04,2.632425561673936
2024-07-05,2.604227586151292
2024-07-08,2.6223744039944226
2024-07-09,2.738372008797213
2024-07-10,2.7409438278437572
2024-07-11,2.7360587994751295
2024-07-12,2.7742321374507104
2024-07-15,2.8124593411194136
2024-07-16,2.938967063294304
2024-07-17,2.8659799618305555
2024-07-18,2.8701067392893207
2024-07-19,2.845117587819912
2024-07-22,2.8415806062995013
2024-07-23,2.720254228069332
2024-07-24,2.691641989512355
2024-07-25,2.632006782045185
2024-07-26,2.670657665073631
2024-07-29,2.6952538230825347
2024-07-30,2.680928776841264
2024-07-31,2.7411995303292382
2024-08-01,2.743724096129218
2024-08-02,2.671673372852244
2024-08-05,2.517853687343378
2024-08-06,2.5369688731065265
2024-08-07,2.5176834959416556
2024-08-08,2.54194625697071
2024-08-09,2.5626109706619267
2024-08-12,2.551601069112563
2024-08-13,2.5795095666286914
2024-08-14,2.54577422985727
2024-08-15,2.5367678592896685
2024-08-16,2.5534442377606212
2024-08-19,2.5466051742052445
2024-08-20,2.52493586376233
2024-08-21,2.5453060503448137
2024-08-22,2.5196218614265034
2024-08-23,2.4986276278852526
2024-08-26,2.501908977229621
2024-08-27,2.454964298529604
2024-08-28,2.46676315041683
2024-08-29,2.497263149713031
2024-08-30,2.6254049781632722
2024-09-02,2.5467231300434854
2024-09-03,2.569976319543605
2024-09-04,2.5256231078981832
2024-09-05,2.5073112641749913
2024-09-06,2.444396305391283
2024-09-09,2.4243976948639445
2024-09-10,2.447432768766721
2024-09-11,2.437224101096742
2024-09-12,2.4335702767792244
2024-09-13,2.4284462052617863
2024-09-18,2.3876274927306
2024-09-19,2.3738137861223247
2024-09-20,2.387629027010936
2024-09-23,2.346941104064428
2024-09-24,2.4664874995550536
2024-09-25,2.460045384511442
2024-09-26,2.504244337595379
2024-09-27,2.69694870877681
2024-09-30,2.9449621440423472
2024-10-08,3.2046708560259534
2024-10-09,3.1044274180574276
2024-10-10,3.048454606608445
2024-10-11,2.900384631036731
2024-10-14,2.9730597492688444
2024-10-15,2.9929029028175806
2024-10-16,2.9035752939449155
2024-10-17,2.9059138770889974
2024-10-18,3.1446060945368934
2024-10-21,3.1510062566800743
2024-10-22,3.164167028760616
2024-10-23,3.1248917647574386
2024-10-24,3.0834287082862413
2024-10-25,3.0798757362674145
2024-10-28,3.0593865021576
2024-10-29,3.0901798979271096
2024-10-30,3.09313306093047
2024-10-31,3.129527725569421
2024-11-01,3.0935714076366616
2024-11-04,3.1637927078017896
2024-11-05,3.266838506268814
2024-11-06,3.223878838196995
2024-11-07,3.2981577702292357
2024-11-08,3.3507253305625615
2024-11-11,3.555037004178815
2024-11-12,3.470263528328094
2024-11-13,3.461717523675391
2024-11-14,3.34661555739689
2024-11-15,3.2154762072229754
2024-11-18,3.1515863013983756
2024-11-19,3.2202816183386522
2024-11-20,3.209442314676184
2024-11-21,3.2070726777001815
2024-11-22,3.0955930276288544
2024-11-25,3.046252092813037
2024-11-26,3.0177144313547597
2024-11-27,3.1036573731972434
2024-11-28,3.064948114377629
2024-11-29,3.0920822331951987
2024-12-02,3.1684347162391617
2024-12-03,3.091946476948394
2024-12-04,3.0568804737983304
2024-12-05,3.041731675338467
2024-12-06,3.0980907500908987
2024-12-09,3.047691125693737
2024-12-10,3.081073253347646
2024-12-11,3.066415305805937
2024-12-12,3.095712575884465
2024-12-13,3.0162687876074346
2024-12-16,2.9605248291991613
2024-12-17,2.9914303176558534
2024-12-18,3.0444366905603575
2024-12-19,3.117022651799061
2024-12-20,3.1821159201871527
2024-12-23,3.1082156862545767
2024-12-24,3.161904965112918
2024-12-25,3.14429550748342
2024-12-26,3.200297011927419
2024-12-27,3.207363744907356
2024-12-30,3.215495284965446
2024-12-31,3.0890348291268674
2025-01-02,2.9852365018120333
2025-01-03,2.941719051186579
2025-01-06,2.9461403010833562
2025-01-07,3.0728354935213353
2025-01-08,3.0215183812164694
2025-01-09,3.040321289665473
2025-01-10,3.019046047532225
2025-01-13,2.9986243520016918
2025-01-14,3.1015453473625056
2025-01-15,3.039391200034532
2025-01-16,3.075155909002091
2025-01-17,3.082455489879499
2025-01-20,3.1482841966592137
2025-01-21,3.1945011396138905
2025-01-22,3.157206358825053
2025-01-23,3.13404757247642
2025-01-24,3.151646684929895
2025-01-27,3.0871900281210882
2025-02-05,3.0501516991869235
2025-02-06,3.2458185804776463
2025-02-07,3.2502785373644323
2025-02-10,3.253714244376067
2025-02-11,3.228549017048695
2025-02-12,3.3432675554860083
2025-02-13,3.27286798595724
2025-02-14,3.3042067867749974
2025-02-17,3.359956687103565
2025-02-18,3.359126961231526
2025-02-19,3.4867170817550206
2025-02-20,3.5022070306098216
2025-02-21,3.569687041986298
2025-02-24,3.582973076873806
2025-02-25,3.552927107737291
2025-02-26,3.5630414560387207
2025-02-27,3.516039594294233
2025-02-28,3.3890717137249395
2025-03-03,3.3021129730853627
2025-03-04,3.285061618656368
2025-03-05,3.3078700343528116
2025-03-06,3.434271875152359
2025-03-07,3.421229569268774
2025-03-10,3.3943339755327426
2025-03-11,3.3529495036761596
2025-03-12,3.350546465481954
2025-03-13,3.3036925344384347
2025-03-14,3.3755143071870934
2025-03-17,3.3608206213480676
2025-03-18,3.424296948409401
2025-03-19,3.3636112685077677
2025-03-20,3.3050516223500073
2025-03-21,3.2499369357535453
2025-03-24,3.311754790448243
2025-03-25,3.276061215457151
2025-03-26,3.274305892970483
2025-03-27,3.2801665185705438
2025-03-28,3.234278220045955
2025-03-31,3.220291855531649
2025-04-01,3.264373606098225
2025-04-02,3.2556133516495547
2025-04-03,3.172739793944162
2025-04-07,3.002370435674817
2025-04-08,2.9153541041730704
2025-04-09,3.022436090442545
2025-04-10,3.040072825909744
2025-04-11,3.1194754707922
2025-04-14,3.117256533797987
2025-04-15,3.062445884054323
2025-04-16,3.087251727568379
2025-04-17,3.0663107024315104
2025-04-18,3.044166329366941
2025-04-21,3.082534964788259
2025-04-22,3.0833173835890437
2025-04-23,3.0979996552010762
2025-04-24,3.0771928600685783
2025-04-25,3.0941086043615593
2025-04-28,3.0795150989033044
2025-04-29,3.0711023451432733
2025-04-30,3.0790465590696985
2025-05-06,3.150918317331025
2025-05-07,3.104569990165955
2025-05-08,3.145444991457706
2025-05-09,3.082712380820636
2025-05-12,3.1275627709602585
2025-05-13,3.111326293466689
2025-05-14,3.1181167900551934
2025-05-15,3.0505131583016922
2025-05-16,3.05064912146838
2025-05-19,3.069801809173931
2025-05-20,3.0805057308628965
2025-05-21,3.0563564614299503
2025-05-22,3.0190384155524432
2025-05-23,3.007866285422727
2025-05-26,3.038307519101481
2025-05-27,3.0107441028431126
2025-05-28,2.9588214792810494
2025-05-29,3.0292638803861367
2025-05-30,2.9776000887600356
2025-06-03,3.0014937195124287
2025-06-04,3.040594727258701
2025-06-05,3.098600975770082
2025-06-06,3.0933449639554444
2025-06-09,3.1030763276748097
2025-06-10,3.035116332050935
2025-06-11,3.0385148595894984
2025-06-12,2.9956382138426902
2025-06-13,2.9977394831163315
2025-06-16,3.045861111105033
2025-06-17,3.065307148826
2025-06-18,3.100960748735486
2025-06-19,3.125611700251474
2025-06-20,3.128512498581825
2025-06-23,3.1896023581196644
2025-06-24,3.1827399050850924
2025-06-25,3.2119739242400875
2025-06-26,3.216809809157016
2025-06-27,3.2493902876355367
2025-06-30,3.3236775316323928
2025-07-01,3.369230478170646
2025-07-02,3.2987956786799466
2025-07-03,3.4081524604714972
2025-07-04,3.4514938778558495
2025-07-07,3.4024904395812663
2025-07-08,3.4860832268905124
2025-07-09,3.493338284444879
2025-07-10,3.489526462770898
2025-07-11,3.4666745930395755
2025-07-14,3.4566395777848635
2025-07-15,3.535988311627021
2025-07-16,3.502962342749667
2025-07-17,3.60582273099543
2025-07-18,3.6213908373910706
2025-07-21,3.625219718911418
2025-07-22,3.603774023136372
2025-07-23,3.6395925261558846
2025-07-24,3.689775698956522
2025-07-25,3.737231224149952
2025-07-28,3.7851256531328796
2025-07-29,3.8555225759363596
2025-07-30,3.8604844801107645
2025-07-31,3.7808988264499965
2025-08-01,3.686778021721698
2025-08-04,3.6467534906238175
2025-08-05,3.637209120308495
2025-08-06,3.645773946846085
2025-08-07,3.6668889624584655
2025-08-08,3.6354130209310025
2025-08-11,3.6888141662447977
2025-08-12,3.715583990224744
2025-08-13,3.760395746658066
2025-08-14,3.7343970671612103
2025-08-15,3.7185255141099747
2025-08-18,3.8181035237113807
2025-08-19,3.7428721396364772
2025-08-20,3.8206767085570568
2025-08-21,3.8848952924595297
2025-08-22,4.050819876464887
2025-08-25,4.112773105806281
2025-08-26,4.184576183278735
2025-08-27,4.104439545038773
2025-08-28,4.3431049513096385
2025-08-29,4.243913960329513
2025-09-01,4.2780594515399235
2025-09-02,4.146307575197415
2025-09-03,4.11227992017381
2025-09-04,3.908147193676866
2025-09-05,4.075029050311171
2025-09-08,4.198804042596347
2025-09-09,4.1098845879841335
2025-09-10,4.237490699567763
2025-09-11,4.487727302741122
2025-09-12,4.493669382833149
2025-09-15,4.5229799287658885
2025-09-16,4.552690670699319
2025-09-17,4.64518588353114
2025-09-18,4.7435838632815805
2025-09-19,4.727482792255055
2025-09-22,4.916993012231494
2025-09-23,4.984794726482621
2025-09-24,5.257940465969791
2025-09-25,5.18406614463621
2025-09-26,5.009073985444846
2025-09-29,5.096681965801357
2025-09-30,5.063186555813391
2025-10-09,5.117217331250398
2025-10-10,4.878355590423585
2025-10-13,4.769970068454561
2025-10-14,4.451648944516426
2025-10-15,4.59511822830518
2025-10-16,4.596472446046907
2025-10-17,4.40706820760515
2025-10-20,4.508552819062206
2025-10-21,4.69412642831907
2025-10-22,4.6445496905671
2025-10-23,4.607414562310739
2025-10-24,4.797533605422638
2025-10-27,5.004982668845533
2025-10-28,5.017587283046978
2025-10-29,5.081236545604403
2025-10-30,4.9254060410283325
2025-10-31,4.784800623926067
2025-11-03,4.784960991743531
2025-11-04,4.75357715402484
2025-11-05,4.716157512923548
2025-11-06,4.873208618860365
2025-11-07,4.81077925439425
2025-11-10,4.783207063259102
2025-11-11,4.741105453584426
2025-11-12,4.743218201546268
2025-11-13,4.717566571839866
2025-11-14,4.610650739556317
2025-11-17,4.59690604320714
2025-11-18,4.750592733801648
2025-11-19,4.694156567491793
2025-11-20,4.588593005492568
2025-11-21,4.345637875384252
2025-11-24,4.501689665997036
2025-11-25,4.629910871091888
2025-11-26,4.736829543528259
2025-11-27,4.711690734050919
2025-11-28,4.787807711230478
2025-12-01,4.916986496413655
2025-12-02,4.83385505805929
2025-12-03,4.803691802433709
2025-12-04,4.870973563878806
2025-12-05,4.8721624798828245
2025-12-08,5.0495303041343815
2025-12-09,5.072305269495602
2025-12-10,5.077793935436509
2025-12-11,4.994923836679296
2025-12-12,5.093814591362338
2025-12-15,4.94054954935357
2025-12-16,4.9072940202353035
2025-12-17,4.997658292343785
2025-12-18,4.883228913211971
2025-12-19,4.896161509966542
2025-12-22,5.112712778589021
2025-12-23,5.191901902309828
2025-12-24,5.273628490416041
2025-12-25,5.253820124531553
2025-12-26,5.132620444805397
2025-12-29,5.143231901037346
2025-12-30,5.167851273332469
2025-12-31,5.095221444766001
2026-01-05,5.228776921492985
2026-01-06,5.302674905083174
2026-01-07,5.445303409111898
2026-01-08,5.343391646019558
2026-01-09,5.31063238509264
2026-01-12,5.305316980349332
2026-01-13,5.1752303705713825
2026-01-14,5.1822156390002005
2026-01-15,5.365501238920045
2026-01-16,5.522094358995421
2026-01-19,5.474386179287678
2026-01-20,5.3592145293663
2026-01-21,5.377712105010888
2026-01-22,5.309042926449735
2026-01-23,5.310548873113648
2026-01-26,5.19064198537327
2026-01-27,5.23702541727923
2026-01-28,5.246426559545954
2026-01-29,5.061229982452734
2026-01-30,5.08389422994575
2026-02-02,4.980766297789324
2026-02-03,5.060172859725654
2026-02-04,4.978063651032194
2026-02-05,4.961544926722371
2026-02-06,4.947025449655484
2026-02-09,5.075738590077795
2026-02-10,5.080445344621214
2026-02-11,4.983389241633177
2026-02-12,5.0270572213926625
2026-02-13,5.0878473344340245
2026-02-24,5.120792525571751
2026-02-25,5.211209887329688
2026-02-26,5.261285750041875
2026-02-27,5.131050713535418
2026-03-02,5.122511262898058
2026-03-03,4.994670903743788
2026-03-04,4.9942902390706365
2026-03-05,5.087860100881619
2026-03-06,5.105154504328041
2026-03-09,5.002976645996476
2026-03-10,5.19630623863723
2026-03-11,5.221726996007137
2026-03-12,5.2461737829339175
2026-03-13,5.2383056905171435
2026-03-16,5.304770474014506
2026-03-17,5.1605716439450475
2026-03-18,5.222883946343809
2026-03-19,5.207449629447137
2026-03-20,5.260082906493733
2026-03-23,4.94721653707592
2026-03-24,4.9668813406053784
2026-03-25,5.181175573689452
2026-03-26,5.010375875120183
2026-03-27,5.031813064265131
2026-03-30,5.099551516729462
2026-03-31,4.969826212876077
2026-04-01,5.070678143974785
2026-04-02,4.939988145918114
2026-04-03,4.89839677757594
2026-04-07,4.875862717833212
2026-04-08,5.314982031253045
2026-04-09,5.519028013326525
2026-04-10,5.7130027144816875
2026-04-13,5.73913764633368
2026-04-14,5.811433895899685
2026-04-15,5.746384077524005
2026-04-16,5.822621440915722
2026-04-17,5.939323767892642
2026-04-20,5.992356514396903
2026-04-21,5.995526871470276
2026-04-22,6.3886524981648725
2026-04-23,6.37386772348957
2026-04-24,6.3347037712114185
2026-04-27,6.712791402004235
2026-04-28,6.628698642158617
2026-04-29,6.567213655027039
2026-04-30,6.694877449713404
2026-05-06,6.817580706122432
2026-05-07,7.110349182295132
2026-05-08,7.099530230040569
2026-05-11,7.472508225516223
2026-05-12,7.548816736125032
2026-05-13,7.638981886956275
2026-05-14,7.366918493401855
2026-05-15,7.387502154237403
2026-05-18,7.497059777495233
2026-05-19,7.716720725611333
2026-05-20,7.959888049858084
2026-05-21,7.799786618905328
2026-05-22,8.137327261574631
2026-05-25,8.473987784730253
2026-05-26,8.303748037661656
2026-05-27,8.180508492649764
2026-05-28,8.16405041655883
2026-05-29,7.914812932182799
2026-06-01,7.3524140535593245
2026-06-02,7.67912064661421
2026-06-03,7.911291598175343
2026-06-04,8.120860023635373
2026-06-05,7.679965267316394
2026-06-08,7.400628956112935
2026-06-09,7.797587434167383
2026-06-10,7.632169095039572
2026-06-11,7.6885410182501275
2026-06-12,7.845760512229188
2026-06-15,8.300041521808186
2026-06-16,8.344658844409098
2026-06-17,8.651168576452838
2026-06-18,8.950930138145104
2026-06-22,9.078713512681093
2026-06-23,8.899659537647853
2026-06-24,9.215832116953907
2026-06-25,9.638663987304595
2026-06-26,9.410811567325677
2026-06-29,9.504703754167375
2026-06-30,9.870260994520377
2026-07-01,9.911628837628683
2026-07-02,8.982758781833514
2026-07-03,9.003860091302451
2026-07-06,8.831283029845705
2026-07-07,8.995238263689433
2026-07-08,8.891801545104917
2026-07-09,9.681989345243096
2026-07-10,9.03325330062956
2026-07-13,8.67493860007174
2026-07-14,9.04311413126783
2026-07-15,8.762726537092886
2026-07-16,8.583046949414037
2026-07-17,8.149185303560401
2026-07-20,7.830821649254303
2026-07-21,8.462587275649206
2026-07-22,8.443230382434848
2026-07-23,8.187763550467071
2026-07-24,8.219244645162599
2026-07-27,8.498406554709675
2026-07-28,7.853499023310921
2026-07-29,7.711566775337197
2026-07-30,7.157472445003103
2026-07-31,7.383213792426835
2026-08-03,6.969238990833967
2026-08-04,7.473387839555826
2026-08-05,7.848859064551125
2026-08-06,7.994651458275407
2026-08-07,8.214750939940853
2026-08-10,8.15996950399159
2026-08-11,8.100954494808953
2026-08-12,8.331367641444805
2026-08-13,8.20143368538077
2026-08-14,8.252391124866655
2026-08-17,8.607329008786708
2026-08-18,8.62081383981952
2026-08-19,7.909625646138424
2026-08-20,7.933216795605938
2026-08-21,8.029127564086918
2026-08-24,7.8421615974818195
