date,TRUE_BUYHOLD_single_002475
2018-01-02,0.999
2018-01-03,1.0394333662388944
2018-01-04,1.0532398815399802
2018-01-05,1.0335162882527147
2018-01-08,1.0187235932872654
2018-01-09,1.0443642645607107
2018-01-10,1.009847976307996
2018-01-11,1.0118203356367226
2018-01-12,1.0088617966436326
2018-01-15,0.9723731490621913
2018-01-16,0.9339121421520237
2018-01-17,0.9546219151036525
2018-01-18,0.9832211253701876
2018-01-19,1.002944718657453
2018-01-22,0.9970276406712733
2018-01-23,0.9812487660414608
2018-01-24,0.9763178677196447
2018-01-25,0.9881520236920038
2018-01-26,0.9536357354392891
2018-01-29,0.9398292201382031
2018-01-30,0.9378568608094767
2018-01-31,0.9427877591312932
2018-02-01,0.9427877591312932
2018-02-02,0.9861796643632773
2018-02-05,1.0009723593287265
2018-02-06,0.9704007897334649
2018-02-07,0.9861796643632773
2018-02-08,0.9901243830207304
2018-02-09,0.985193484698914
2018-02-12,1.0295715695952614
2018-02-13,1.0266130306021717
2018-02-14,1.0463366238894372
2018-02-22,1.076908193484699
2018-02-23,1.048308983218164
2018-02-26,1.1005765054294174
2018-02-27,1.0867699901283316
2018-02-28,1.0611293188548865
2018-03-01,1.099590325765054
2018-03-02,1.0788805528134253
2018-03-05,1.0660602171767029
2018-03-06,1.084797630799605
2018-03-07,1.0561984205330701
2018-03-08,1.0621154985192496
2018-03-09,1.095645607107601
2018-03-12,1.1193139190523198
2018-03-13,1.0966317867719644
2018-03-14,1.0966317867719644
2018-03-15,1.1104383020730502
2018-03-16,1.1104383020730502
2018-03-19,1.109452122408687
2018-03-20,1.1045212240868707
2018-03-21,1.1005765054294174
2018-03-22,1.0690187561697926
2018-03-23,1.0335162882527147
2018-03-26,1.0335162882527147
2018-03-27,1.073949654491609
2018-03-28,1.076908193484699
2018-03-29,1.0552122408687068
2018-03-30,1.0473228035538005
2018-04-02,1.0187235932872654
2018-04-03,1.0335162882527147
2018-04-04,1.0374610069101677
2018-04-09,1.012806515301086
2018-04-10,1.0335162882527147
2018-04-11,1.035488647581441
2018-04-12,1.0364748272458044
2018-04-13,1.0285853899308983
2018-04-16,1.020695952615992
2018-04-17,0.9842073050345509
2018-04-18,0.9575804540967423
2018-04-19,0.9684284304047382
2018-04-20,0.9684284304047382
2018-04-23,0.8727690029615004
2018-04-24,0.8816446199407699
2018-04-25,0.9408153998025665
2018-04-26,0.8905202369200393
2018-04-27,0.9062991115498519
2018-05-02,0.9220779861796643
2018-05-03,0.93884304047384
2018-05-04,0.9398292201382031
2018-05-07,0.9427877591312932
2018-05-08,0.9733593287265546
2018-05-09,1.0009723593287265
2018-05-10,1.0266130306021717
2018-05-11,1.0009723593287265
2018-05-14,1.0433780848963474
2018-05-15,1.035488647581441
2018-05-16,1.0068894373149064
2018-05-17,0.989138203356367
2018-05-18,0.9940691016781835
2018-05-21,1.0394333662388944
2018-05-22,1.0433780848963474
2018-05-23,1.0315439289239883
2018-05-24,0.9999861796643633
2018-05-25,0.9920967423494571
2018-05-28,1.0256268509378084
2018-05-29,1.023654491609082
2018-05-30,0.99604146100691
2018-05-31,1.0068894373149064
2018-06-01,0.9792764067127344
2018-06-04,1.0118203356367226
2018-06-05,1.0640878578479762
2018-06-06,1.0640878578479762
2018-06-07,1.0404195459032575
2018-06-08,1.073949654491609
2018-06-11,1.1133968410661401
2018-06-12,1.1064935834155971
2018-06-13,1.0966317867719644
2018-06-14,1.0749358341559723
2018-06-15,1.070004935834156
2018-06-19,1.038447186574531
2018-06-20,1.0502813425468904
2018-06-21,0.9871658440276406
2018-06-22,0.9881520236920038
2018-06-25,0.9526495557749258
2018-06-26,0.9398292201382031
2018-06-27,0.8993958538993088
2018-06-28,0.9220779861796643
2018-06-29,0.9763178677196447
2018-07-02,0.9319397828232969
2018-07-03,0.9319397828232969
2018-07-04,0.9191194471865745
2018-07-05,0.9171470878578479
2018-07-06,0.9289812438302072
2018-07-09,0.9723731490621913
2018-07-10,0.9723731490621913
2018-07-11,0.9654698914116484
2018-07-12,1.0305577492596247
2018-07-13,1.0571846001974332
2018-07-16,1.0621154985192496
2018-07-17,1.0709911154985192
2018-07-18,1.0463366238894372
2018-07-19,1.0374610069101677
2018-07-20,1.048308983218164
2018-07-23,1.0907147087857847
2018-07-24,1.0828252714708784
2018-07-25,1.099590325765054
2018-07-26,1.0552122408687068
2018-07-27,1.0591569595261598
2018-07-30,1.0364748272458044
2018-07-31,1.0197097729516287
2018-08-01,1.0118203356367226
2018-08-02,1.0394333662388944
2018-08-03,0.9999861796643633
2018-08-06,0.9546219151036525
2018-08-07,1.0197097729516287
2018-08-08,0.9901243830207304
2018-08-09,1.0502813425468904
2018-08-10,1.045350444225074
2018-08-13,1.0719772951628825
2018-08-14,1.0404195459032575
2018-08-15,1.002944718657453
2018-08-16,0.9871658440276406
2018-08-17,0.9270088845014808
2018-08-20,0.9220779861796643
2018-08-21,0.9615251727541954
2018-08-22,0.9516633761105627
2018-08-23,0.9398292201382031
2018-08-24,0.9920967423494571
2018-08-27,1.0473228035538005
2018-08-28,1.0502813425468904
2018-08-29,1.0473228035538005
2018-08-30,1.0532398815399802
2018-08-31,1.0502813425468904
2018-09-03,1.0039308983218163
2018-09-04,1.0591569595261598
2018-09-05,1.027599210266535
2018-09-06,1.020695952615992
2018-09-07,1.009847976307996
2018-09-10,0.9082714708785785
2018-09-11,0.9171470878578479
2018-09-12,0.903340572556762
2018-09-13,0.9112300098716682
2018-09-14,0.9003820335636723
2018-09-17,0.8461421520236919
2018-09-18,0.8530454096742349
2018-09-19,0.8343079960513327
2018-09-20,0.856990128331688
2018-09-21,0.8619210266535043
2018-09-25,0.8796722606120434
2018-09-26,0.8826307996051331
2018-09-27,0.8609348469891411
2018-09-28,0.8707966436327739
2018-10-08,0.796833168805528
2018-10-09,0.8431836130306022
2018-10-10,0.8441697926949655
2018-10-11,0.8293770977295162
2018-10-12,0.856990128331688
2018-10-15,0.8668519249753207
2018-10-16,0.8461421520236919
2018-10-17,0.8530454096742349
2018-10-18,0.856990128331688
2018-10-19,0.910243830207305
2018-10-22,1.0009723593287265
2018-10-23,0.9654698914116484
2018-10-24,0.9506771964461994
2018-10-25,0.9704007897334649
2018-10-26,0.9309536031589338
2018-10-29,0.9141885488647581
2018-10-30,0.9309536031589338
2018-10-31,0.9378568608094767
2018-11-01,0.9319397828232969
2018-11-02,0.9625113524185587
2018-11-05,0.9053129318854886
2018-11-06,0.8648795656465942
2018-11-07,0.8747413622902269
2018-11-08,0.8767137216189537
2018-11-09,0.8560039486673247
2018-11-12,0.8855893385982231
2018-11-13,0.8698104639684106
2018-11-14,0.8520592300098717
2018-11-15,0.8668519249753207
2018-11-16,0.8944649555774925
2018-11-19,0.9132023692003948
2018-11-20,0.8796722606120434
2018-11-21,0.8776999012833169
2018-11-22,0.8767137216189537
2018-11-23,0.8579763079960512
2018-11-26,0.8402250740375122
2018-11-27,0.835294175715696
2018-11-28,0.8412112537018754
2018-11-29,0.8274047384007898
2018-11-30,0.8520592300098717
2018-12-03,0.8885478775913128
2018-12-04,0.8934787759131293
2018-12-05,0.8885478775913128
2018-12-06,0.8491006910167817
2018-12-07,0.8560039486673247
2018-12-10,0.8441697926949655
2018-12-11,0.8431836130306022
2018-12-12,0.8333218163869692
2018-12-13,0.839238894373149
2018-12-14,0.7988055281342546
2018-12-17,0.7623168805528134
2018-12-18,0.7711924975320829
2018-12-19,0.7416071076011845
2018-12-20,0.7504827245804541
2018-12-21,0.7455518262586377
2018-12-24,0.768233958538993
2018-12-25,0.7771095755182625
2018-12-26,0.7909160908193484
2018-12-27,0.7879575518262586
2018-12-28,0.7938746298124383
2019-01-02,0.7988055281342546
2019-01-03,0.7593583415597235
2019-01-04,0.7455518262586377
2019-01-07,0.7741510365251727
2019-01-08,0.7859851924975321
2019-01-09,0.7899299111549851
2019-01-10,0.8421974333662388
2019-01-11,0.8333218163869692
2019-01-14,0.8372665350444224
2019-01-15,0.8491006910167817
2019-01-16,0.8421974333662388
2019-01-17,0.8421974333662388
2019-01-18,0.8520592300098717
2019-01-21,0.850086870681145
2019-01-22,0.8510730503455084
2019-01-23,0.8510730503455084
2019-01-24,0.8530454096742349
2019-01-25,0.8796722606120434
2019-01-28,0.9230641658440275
2019-01-29,0.9191194471865745
2019-01-30,0.9122161895360315
2019-01-31,0.9240503455083907
2019-02-01,0.9427877591312932
2019-02-11,0.9911105626850938
2019-02-12,0.9871658440276406
2019-02-13,0.9901243830207304
2019-02-14,0.9723731490621913
2019-02-15,0.9654698914116484
2019-02-18,1.0305577492596247
2019-02-19,1.0335162882527147
2019-02-20,1.1005765054294174
2019-02-21,1.0946594274432377
2019-02-22,1.155802566633761
2019-02-25,1.1972221125370186
2019-02-26,1.213000987166831
2019-02-27,1.1765123395853898
2019-02-28,1.1844017769002961
2019-03-01,1.1794708785784798
2019-03-04,1.1834155972359328
2019-03-05,1.212014807502468
2019-03-06,1.1853879565646592
2019-03-07,1.159747285291214
2019-03-08,1.1686229022704837
2019-03-11,1.2031391905231983
2019-03-12,1.2327245804540967
2019-03-13,1.1972221125370186
2019-03-14,1.2041253701875618
2019-03-15,1.2682270483711746
2019-03-18,1.3313425468904243
2019-03-19,1.3352872655478776
2019-03-20,1.3254254689042446
2019-03-21,1.3195083909180652
2019-03-22,1.3836100691016782
2019-03-25,1.3283840078973346
2019-03-26,1.276116485686081
2019-03-27,1.2958400789733464
2019-03-28,1.3165498519249752
2019-03-29,1.4003751233958537
2019-04-01,1.4477117472852912
2019-04-02,1.4260157946692993
2019-04-03,1.457573543928924
2019-04-04,1.4457393879565645
2019-04-08,1.412209279368213
2019-04-09,1.4062922013820334
2019-04-10,1.4250296150049357
2019-04-11,1.3737482724580452
2019-04-12,1.4102369200394864
2019-04-15,1.3836100691016782
2019-04-16,1.472366238894373
2019-04-17,1.5019516288252712
2019-04-18,1.4713800592300097
2019-04-19,1.4960345508390918
2019-04-22,1.46842152023692
2019-04-23,1.5019516288252712
2019-04-24,1.5275923000987166
2019-04-25,1.521675222112537
2019-04-26,1.4713800592300097
2019-04-29,1.479269496544916
2019-04-30,1.4733524185587363
2019-05-06,1.3254254689042446
2019-05-07,1.365858835143139
2019-05-08,1.3165498519249752
2019-05-09,1.3027433366238894
2019-05-10,1.3993889437314906
2019-05-13,1.3076742349457058
2019-05-14,1.2830197433366237
2019-05-15,1.329370187561698
2019-05-16,1.2682270483711746
2019-05-17,1.2110286278381046
2019-05-20,1.1291757156959525
2019-05-21,1.2011668311944719
2019-05-22,1.2001806515301086
2019-05-23,1.1291757156959525
2019-05-24,1.151857847976308
2019-05-27,1.1636920039486671
2019-05-28,1.212014807502468
2019-05-29,1.1991944718657452
2019-05-30,1.202153010858835
2019-05-31,1.212014807502468
2019-06-03,1.2297660414610068
2019-06-04,1.215959526159921
2019-06-05,1.2396278381046395
2019-06-06,1.198208292201382
2019-06-10,1.2534343534057257
2019-06-11,1.2928815399802565
2019-06-12,1.2830197433366237
2019-06-13,1.2396278381046395
2019-06-14,1.219904244817374
2019-06-17,1.1883464955577492
2019-06-18,1.2060977295162882
2019-06-19,1.2938677196446198
2019-06-20,1.3382458045409673
2019-06-21,1.3431767028627837
2019-06-24,1.3214807502467916
2019-06-25,1.2928815399802565
2019-06-26,1.3323287265547876
2019-06-27,1.4171401776900294
2019-06-28,1.4003751233958537
2019-07-01,1.540412635735439
2019-07-02,1.5226614017769002
2019-07-03,1.4556011846001973
2019-07-04,1.443767028627838
2019-07-05,1.4556011846001973
2019-07-08,1.4388361303060215
2019-07-09,1.4417946692991115
2019-07-10,1.4625044422507403
2019-07-11,1.4339052319842052
2019-07-12,1.4339052319842052
2019-07-15,1.490117472852912
2019-07-16,1.4802556762092793
2019-07-17,1.5137857847976306
2019-07-18,1.4743385982230997
2019-07-19,1.4713800592300097
2019-07-22,1.4713800592300097
2019-07-23,1.4980069101678182
2019-07-24,1.5611224086870679
2019-07-25,1.5956386969397827
2019-07-26,1.6133899308983217
2019-07-29,1.6055004935834156
2019-07-30,1.5847907206317866
2019-07-31,1.5887354392892397
2019-08-01,1.6025419545903257
2019-08-02,1.5512606120434351
2019-08-05,1.4881451135241854
2019-08-06,1.5088548864758142
2019-08-07,1.5068825271470878
2019-08-08,1.583804540967423
2019-08-09,1.5443573543928923
2019-08-12,1.6370582428430405
2019-08-13,1.6222655478775911
2019-08-14,1.6479062191510365
2019-08-15,1.739620927936821
2019-08-16,1.7287729516288253
2019-08-19,1.782026653504442
2019-08-20,1.8707828232971369
2019-08-21,1.8333079960513325
2019-08-22,1.7958331688055282
2019-08-23,1.888534057255676
2019-08-26,1.849086870681145
2019-08-27,1.855990128331688
2019-08-28,1.824432379072063
2019-08-29,1.832321816386969
2019-08-30,1.8007640671273446
2019-09-02,1.8195014807502465
2019-09-03,1.8826169792694964
2019-09-04,1.846128331688055
2019-09-05,1.8786722606120434
2019-09-06,1.8855755182625864
2019-09-09,1.9171332675222112
2019-09-10,1.858948667324778
2019-09-11,1.792874629812438
2019-09-12,1.8303494570582426
2019-09-16,1.9122023692003947
2019-09-17,1.9171332675222112
2019-09-18,1.9861658440276404
2019-09-19,1.9930691016781836
2019-09-20,2.0384333662388947
2019-09-23,2.0502675222112536
2019-09-24,2.002930898321816
2019-09-25,1.9516495557749258
2019-09-26,1.921077986179664
2019-09-27,2.0522398815399803
2019-09-30,1.9684146100691018
2019-10-08,1.9269950641658438
2019-10-09,1.9082576505429418
2019-10-10,1.9901105626850937
2019-10-11,2.0009585389930895
2019-10-14,2.0887285291214215
2019-10-15,2.070977295162882
2019-10-16,2.048295162882527
2019-10-17,2.162692003948667
2019-10-18,2.134092793682132
2019-10-21,2.133106614017769
2019-10-22,2.198194471865745
2019-10-23,2.2386278381046396
2019-10-24,2.2445449160908195
2019-10-25,2.351052319842053
2019-10-28,2.3589417571569595
2019-10-29,2.440794669299111
2019-10-30,2.4901036525172753
2019-10-31,2.340204343534057
2019-11-01,2.4131816386969396
2019-11-04,2.415153998025666
2019-11-05,2.5571638696939782
2019-11-06,2.5187028627838104
2019-11-07,2.5295508390918062
2019-11-08,2.5344817374136226
2019-11-11,2.513771964461994
2019-11-12,2.4960207305034547
2019-11-13,2.588721618953603
2019-11-14,2.588721618953603
2019-11-15,2.5571638696939782
2019-11-18,2.5236337611056268
2019-11-19,2.605486673247779
2019-11-20,2.552232971372162
2019-11-21,2.5482882527147086
2019-11-22,2.426001974333662
2019-11-25,2.386554787759131
2019-11-26,2.449670286278381
2019-11-27,2.5433573543928922
2019-11-28,2.5256061204343534
2019-11-29,2.5029239881539977
2019-12-02,2.482214215202369
2019-12-03,2.4654491609081934
2019-12-04,2.5265923000987165
2019-12-05,2.651837117472853
2019-12-06,2.7435518262586376
2019-12-09,2.674519249753208
2019-12-10,2.7080493583415595
2019-12-11,2.6321135241855873
2019-12-12,2.612389930898322
2019-12-13,2.69917374136229
2019-12-16,2.7188973346495553
2019-12-17,2.774123395853899
2019-12-18,2.6883257650542944
2019-12-19,2.6557818361303056
2019-12-20,2.645920039486673
2019-12-23,2.603514313919052
2019-12-24,2.6153484698914116
2019-12-25,2.6114037512339583
2019-12-26,2.6015419545903256
2019-12-27,2.6025281342546887
2019-12-30,2.588721618953603
2019-12-31,2.6843810463968407
2020-01-02,2.7652477788746297
2020-01-03,2.741579466929911
2020-01-06,2.8027226061204344
2020-01-07,2.817515301085883
2020-01-08,2.748482724580454
2020-01-09,2.9388153998025666
2020-01-10,2.922050345508391
2020-01-13,3.05123988153998
2020-01-14,3.0768805528134253
2020-01-15,3.213959526159921
2020-01-16,3.1478854886475816
2020-01-17,3.0818114511352417
2020-01-20,3.207056268509378
2020-01-21,3.2455172754195454
2020-01-22,3.4713524185587366
2020-01-23,3.321453109575518
2020-02-03,2.9940414610069097
2020-02-04,3.278061204343534
2020-02-05,3.281019743336624
2020-02-06,3.275102665350444
2020-02-07,3.146899308983218
2020-02-10,3.1794432379072064
2020-02-11,3.347093780848963
2020-02-12,3.3175083909180647
2020-02-13,3.243544916090819
2020-02-14,3.263268509378085
2020-02-17,3.395416584402764
2020-02-18,3.3727344521224087
2020-02-19,3.3894995064165836
2020-02-20,3.655768015794669
2020-02-21,3.703104639684106
2020-02-24,3.751427443237907
2020-02-25,3.7543859822309966
2020-02-26,3.501923988153998
2020-02-27,3.4397946692991117
2020-02-28,3.5157305034550834
2020-03-02,3.573915103652517
2020-03-03,3.5384126357354395
2020-03-04,3.3707620927936817
2020-03-05,3.345121421520237
2020-03-06,3.3510384995064157
2020-03-09,3.1242171767028624
2020-03-10,3.3224392892398806
2020-03-11,3.234669299111549
2020-03-12,3.1794432379072064
2020-03-13,3.1597196446199405
2020-03-16,2.8431559723593285
2020-03-17,2.770178677196446
2020-03-18,2.752427443237907
2020-03-19,2.734676209279368
2020-03-20,2.811598223099704
2020-03-23,2.5305370187561698
2020-03-24,2.6045004935834153
2020-03-25,2.8648519249753206
2020-03-26,2.7474965449160904
2020-03-27,2.724814412635735
2020-03-30,2.808639684106614
2020-03-31,2.8066673247778873
2020-04-01,2.8727413622902267
2020-04-02,3.087728529121421
2020-04-03,3.0325024679170776
2020-04-07,3.101535044422507
2020-04-08,3.118300098716683
2020-04-09,3.0334886475814415
2020-04-10,2.916133267522211
2020-04-13,2.8855616979269496
2020-04-14,3.036447186574531
2020-04-15,3.0354610069101673
2020-04-16,3.036447186574531
2020-04-17,3.0956179664363273
2020-04-20,3.118300098716683
2020-04-21,3.0453228035538005
2020-04-22,3.0778667324777884
2020-04-23,3.0492675222112537
2020-04-24,3.0334886475814415
2020-04-27,3.086742349457058
2020-04-28,3.347093780848963
2020-04-29,3.3904856860809476
2020-04-30,3.4802280355380057
2020-05-06,3.4950207305034544
2020-05-07,3.4476841066140174
2020-05-08,3.47529713721619
2020-05-11,3.4309190523198416
2020-05-12,3.5058687068114502
2020-05-13,3.637030602171767
2020-05-14,3.5906801579466925
2020-05-15,3.5472882527147087
2020-05-18,3.341176702862784
2020-05-19,3.4466979269496547
2020-05-20,3.3993613030602168
2020-05-21,3.383582428430405
2020-05-22,3.2770750246791702
2020-05-25,3.2455172754195454
2020-05-26,3.383582428430405
2020-05-27,3.276088845014807
2020-05-28,3.269185587364264
2020-05-29,3.273130306021717
2020-06-01,3.5246061204343535
2020-06-02,3.5541915103652513
2020-06-03,3.7287453109575517
2020-06-04,3.69225666337611
2020-06-05,3.813556762092794
2020-06-08,3.763261599210266
2020-06-09,3.7958055281342546
2020-06-10,4.017695952615992
2020-06-11,4.036433366238894
2020-06-12,4.008820335636722
2020-06-15,3.9279536031589335
2020-06-16,4.065032576505429
2020-06-17,4.11039684106614
2020-06-18,4.374692991115498
2020-06-19,4.369762092793682
2020-06-22,4.535440276406712
2020-06-23,4.70013228035538
2020-06-24,4.699146100691016
2020-06-29,4.602500493583415
2020-06-30,4.921036525172754
2020-07-01,4.954566633761105
2020-07-02,4.915119447186575
2020-07-03,4.849045409674234
2020-07-06,5.051212240868707
2020-07-07,5.2415449160908185
2020-07-08,5.34706614017769
2020-07-09,5.394402764067126
2020-07-10,5.3825686080947674
2020-07-13,5.749427443237907
2020-07-14,5.649823297137216
2020-07-15,5.439767028627838
2020-07-16,5.070935834155972
2020-07-17,5.285923000987166
2020-07-20,5.3362181638696935
2020-07-21,5.366789733464955
2020-07-22,5.492034550839091
2020-07-23,5.498937808489634
2020-07-24,5.088687068114511
2020-07-27,5.048253701875616
2020-07-28,5.361858835143138
2020-07-29,5.52457847976308
2020-07-30,5.4239881539980255
2020-07-31,5.614320829220138
2020-08-03,5.676450148075024
2020-08-04,5.492034550839091
2020-08-05,5.479214215202369
2020-08-06,5.3894718657453105
2020-08-07,5.140954590325764
2020-08-10,5.024585389930897
2020-08-11,4.999930898321816
2020-08-12,5.097562685093781
2020-08-13,5.001903257650542
2020-08-14,5.155747285291214
2020-08-17,5.162650542941757
2020-08-18,5.0521984205330694
2020-08-19,4.819460019743336
2020-08-20,4.917091806515301
2020-08-21,5.137996051332674
2020-08-24,5.504854886475814
2020-08-25,5.391444225074037
2020-08-26,5.267185587364264
2020-08-27,5.2898677196446195
2020-08-28,5.349038499506416
2020-08-31,5.270144126357354
2020-09-01,5.463435340572556
2020-09-02,5.494006910167818
2020-09-03,5.328328726554787
2020-09-04,5.274088845014807
2020-09-07,5.010778874629812
2020-09-08,5.056143139190524
2020-09-09,4.949635735439289
2020-09-10,5.088687068114511
2020-09-11,5.361858835143138
2020-09-14,5.386513326752221
2020-09-15,5.317480750246792
2020-09-16,5.193222112537018
2020-09-17,5.143913129318855
2020-09-18,5.337204343534057
2020-09-21,5.252392892398815
2020-09-22,5.342135241855873
2020-09-23,5.40426456071076
2020-09-24,5.303674234945706
2020-09-25,5.2898677196446195
2020-09-28,5.451601184600197
2020-09-29,5.45258736426456
2020-09-30,5.474283316880553
2020-10-09,5.887492596248766
2020-10-12,5.9417324777887455
2020-10-13,5.883547877591313
2020-10-14,5.730690029615005
2020-10-15,5.725759131293188
2020-10-16,5.593611056268509
2020-10-19,5.603472852912142
2020-10-20,5.674477788746298
2020-10-21,5.52753701875617
2020-10-22,5.5186614017769
2020-10-23,5.437794669299111
2020-10-26,5.50978578479763
2020-10-27,5.521619940769989
2020-10-28,5.69617374136229
2020-10-29,5.596569595261599
2020-10-30,5.257323790720632
2020-11-02,5.412153998025666
2020-11-03,5.447656465942743
2020-11-04,5.551205330700888
2020-11-05,5.604459032576505
2020-11-06,5.658698914116485
2020-11-09,5.710966436327739
2020-11-10,5.568956564659427
2020-11-11,5.433849950641658
2020-11-12,5.46738005923001
2020-11-13,5.353969397828233
2020-11-16,5.0591016781836124
2020-11-17,5.115313919052319
2020-11-18,5.024585389930897
2020-11-19,4.987110562685094
2020-11-20,4.999930898321816
2020-11-23,4.9525942744323785
2020-11-24,4.884547877591312
2020-11-25,4.894409674234945
2020-11-26,4.80861204343534
2020-11-27,4.98316584402764
2020-11-30,4.953580454096742
2020-12-01,5.048253701875616
2020-12-02,4.944704837117472
2020-12-03,4.913147087857848
2020-12-04,4.995986179664363
2020-12-07,5.057129318854886
2020-12-08,5.035433366238894
2020-12-09,5.083756169792695
2020-12-10,4.963442250740375
2020-12-11,4.856934846989141
2020-12-14,4.773109575518262
2020-12-15,4.824390918065153
2020-12-16,5.014723593287265
2020-12-17,5.020640671273445
2020-12-18,4.932870681145114
2020-12-21,5.070935834155972
2020-12-22,5.029516288252714
2020-12-23,5.3155083909180645
2020-12-24,5.340162882527147
2020-12-25,5.420043435340572
2020-12-28,5.326356367226061
2020-12-29,5.318466929911154
2020-12-30,5.373692991115498
2020-12-31,5.3776377097729515
2021-01-04,5.181387956564659
2021-01-05,5.390458045409674
2021-01-06,5.324384007897334
2021-01-07,5.605445212240869
2021-01-08,5.75041362290227
2021-01-11,5.845086870681145
2021-01-12,5.784929911154984
2021-01-13,5.951594274432378
2021-01-14,5.732662388943731
2021-01-15,5.500910167818361
2021-01-18,5.548246791707798
2021-01-19,5.33819052319842
2021-01-20,5.386513326752221
2021-01-21,5.548246791707798
2021-01-22,5.508799605133267
2021-01-25,5.290853899308983
2021-01-26,5.058115498519249
2021-01-27,5.154761105626851
2021-01-28,4.825377097729516
2021-01-29,5.088687068114511
2021-02-01,5.095590325765054
2021-02-02,5.155747285291214
2021-02-03,4.9387877591312925
2021-02-04,4.695201382033563
2021-02-05,4.74549654491609
2021-02-08,4.586721618953603
2021-02-09,4.818473840078973
2021-02-10,5.058115498519249
2021-02-18,4.801708785784797
2021-02-19,4.776068114511352
2021-02-22,4.666602171767028
2021-02-23,4.6478647581441255
2021-02-24,4.561080947680158
2021-02-25,4.494020730503455
2021-02-26,4.455559723593287
2021-03-01,4.561080947680158
2021-03-02,4.695201382033563
2021-03-03,4.690270483711747
2021-03-04,4.4279466929911155
2021-03-05,4.564039486673248
2021-03-08,4.426960513326752
2021-03-09,4.264240868706811
2021-03-10,4.16167818361303
2021-03-11,4.039391905231984
2021-03-12,3.914147087857847
2021-03-15,3.660698914116485
2021-03-16,3.681408687068114
2021-03-17,3.69817374136229
2021-03-18,3.697187561697927
2021-03-19,3.434863770977295
2021-03-22,3.3825962487660406
2021-03-23,3.29186771964462
2021-03-24,3.104493583415597
2021-03-25,3.1518302073050344
2021-03-26,3.3461076011846
2021-03-29,3.2336831194471864
2021-03-30,3.249461994076999
2021-03-31,3.241572556762092
2021-04-01,3.3618864758144125
2021-04-02,3.4240157946692986
2021-04-06,3.362872655478776
2021-04-07,3.303701875616979
2021-04-08,3.2642546890424478
2021-04-09,3.2050839091806513
2021-04-12,3.139009871668312
2021-04-13,3.270171767028627
2021-04-14,3.2721441263573543
2021-04-15,3.207056268509378
2021-04-16,3.189305034550839
2021-04-19,3.503896347482724
2021-04-20,3.378651530108588
2021-04-21,3.4664215202369197
2021-04-22,3.58081836130306
2021-04-23,3.5827907206317864
2021-04-26,3.4812142152023684
2021-04-27,3.679436327739388
2021-04-28,3.5650394866732475
2021-04-29,3.5177028627838105
2021-04-30,3.5413711747285284
2021-05-06,3.4812142152023684
2021-05-07,3.3253978282329713
2021-05-10,3.307646594274432
2021-05-11,3.305674234945706
2021-05-12,3.2267798617966434
2021-05-13,3.1587334649555774
2021-05-14,3.207056268509378
2021-05-17,3.333287265547877
2021-05-18,3.334273445212241
2021-05-19,3.4259881539980257
2021-05-20,3.4437393879565645
2021-05-21,3.320466929911155
2021-05-24,3.5265784797630797
2021-05-25,3.8125705824284295
2021-05-26,3.748468904244817
2021-05-27,3.8234185587364267
2021-05-28,3.7662201382033555
2021-05-31,3.737620927936821
2021-06-01,3.757344521224087
2021-06-02,3.672533070088845
2021-06-03,3.69225666337611
2021-06-04,3.674505429417571
2021-06-07,3.777068114511352
2021-06-08,3.8569486673247777
2021-06-09,3.9190779861796643
2021-06-10,3.8697690029615006
2021-06-11,3.737620927936821
2021-06-15,3.8145429417571566
2021-06-16,3.62914116485686
2021-06-17,3.7681924975320826
2021-06-18,3.8096120434353407
2021-06-21,4.034461006910168
2021-06-22,4.009806515301086
2021-06-23,4.220848963474827
2021-06-24,4.392444225074037
2021-06-25,4.50486870681145
2021-06-28,4.530509378084896
2021-06-29,4.551219151036525
2021-06-30,4.408223099703849
2021-07-01,4.388499506416584
2021-07-02,4.178443237907206
2021-07-05,4.381596248766041
2021-07-06,4.35102467917078
2021-07-07,4.343135241855873
2021-07-08,4.482186574531095
2021-07-09,4.44471174728529
2021-07-12,4.370748272458045
2021-07-13,4.136037512339585
2021-07-14,4.142940769990128
2021-07-15,4.059115498519249
2021-07-16,3.963456071076011
2021-07-19,4.09856268509378
2021-07-20,4.151816386969397
2021-07-21,4.039391905231984
2021-07-22,3.9664146100691013
2021-07-23,3.885547877591313
2021-07-26,3.8224323790720627
2021-07-27,3.710994076999013
2021-07-28,3.620265547877591
2021-07-29,3.676477788746298
2021-07-30,3.552219151036525
2021-08-02,3.6754916090819347
2021-08-03,3.7543859822309966
2021-08-04,3.99008292201382
2021-08-05,3.9802211253701874
2021-08-06,3.9052714708785787
2021-08-09,4.052212240868707
2021-08-10,4.017695952615992
2021-08-11,4.016709772951629
2021-08-12,4.05023988153998
2021-08-13,3.7790404738400785
2021-08-16,3.710994076999013
2021-08-17,3.62914116485686
2021-08-18,3.672533070088845
2021-08-19,3.6212517275419542
2021-08-20,3.645906219151036
2021-08-23,3.743538005923001
2021-08-24,3.7159249753208288
2021-08-25,3.573915103652517
2021-08-26,3.5749012833168803
2021-08-27,3.647878578479763
2021-08-30,3.4309190523198416
2021-08-31,3.2524205330700884
2021-09-01,3.295812438302073
2021-09-02,3.289895360315893
2021-09-03,3.284964461994077
2021-09-06,3.388513326752221
2021-09-07,3.3727344521224087
2021-09-08,3.4693800592300095
2021-09-09,3.394430404738401
2021-09-10,3.4605044422507403
2021-09-13,3.360900296150049
2021-09-14,3.296798617966436
2021-09-15,3.208042448173741
2021-09-16,3.274116485686081
2021-09-17,3.2208627838104635
2021-09-22,3.1607058242843036
2021-09-23,3.408236920039487
2021-09-24,3.420071076011846
2021-09-27,3.5384126357354395
2021-09-28,3.4397946692991117
2021-09-29,3.4299328726554785
2021-09-30,3.4299328726554785
2021-10-08,3.619279368213228
2021-10-11,3.6094175715695953
2021-10-12,3.5009378084896343
2021-10-13,3.4733247778874627
2021-10-14,3.4309190523198416
2021-10-15,3.47529713721619
2021-10-18,3.3421628825271466
2021-10-19,3.553205330700888
2021-10-20,3.5630671273445214
2021-10-21,3.58081836130306
2021-10-22,3.634072063178677
2021-10-25,3.6271688055281337
2021-10-26,3.777068114511352
2021-10-27,3.661685093780849
2021-10-28,3.7346623889437307
2021-10-29,3.711980256663376
2021-11-01,3.8224323790720627
2021-11-02,3.8214461994076996
2021-11-03,3.8214461994076996
2021-11-04,3.957538993089832
2021-11-05,3.957538993089832
2021-11-08,3.909216189536031
2021-11-09,3.8332803553800585
2021-11-10,3.7987640671273444
2021-11-11,3.8322941757156954
2021-11-12,3.8885064165844025
2021-11-15,4.009806515301086
2021-11-16,4.11927245804541
2021-11-17,4.078839091806515
2021-11-18,3.92400888450148
2021-11-19,4.139982230997038
2021-11-22,4.10743830207305
2021-11-23,4.036433366238894
2021-11-24,4.0630602171767025
2021-11-25,4.010792694965449
2021-11-26,3.8539901283316875
2021-11-29,3.8520177690029613
2021-11-30,3.8086258637709767
2021-12-01,3.8234185587364267
2021-12-02,3.710994076999013
2021-12-03,3.710994076999013
2021-12-06,3.7967917077986177
2021-12-07,3.988110562685093
2021-12-08,4.235641658440276
2021-12-09,4.381596248766041
2021-12-10,4.352997038499506
2021-12-13,4.482186574531095
2021-12-14,4.452601184600197
2021-12-15,4.357927936821323
2021-12-16,4.472324777887462
2021-12-17,4.397375123395855
2021-12-20,4.262268509378084
2021-12-21,4.371734452122408
2021-12-22,4.591652517275419
2021-12-23,4.707035538005923
2021-12-24,4.759303060217176
2021-12-27,4.678436327739387
2021-12-28,4.62814116485686
2021-12-29,4.58277690029615
2021-12-30,4.659698914116485
2021-12-31,4.725772951628825
2022-01-04,4.899340572556762
2022-01-05,4.631099703849951
2022-01-06,4.499937808489634
2022-01-07,4.477255676209279
2022-01-10,4.668574531095755
2022-01-11,4.493034550839091
2022-01-12,4.546288252714708
2022-01-13,4.356941757156959
2022-01-14,4.447670286278381
2022-01-17,4.50486870681145
2022-01-18,4.604472852912142
2022-01-19,4.559108588351431
2022-01-20,4.706049358341559
2022-01-21,4.533467917077986
2022-01-24,4.734648568608095
2022-01-25,4.6478647581441255
2022-01-26,4.610389930898322
2022-01-27,4.446684106614018
2022-01-28,4.482186574531095
2022-02-07,4.466407699901283
2022-02-08,4.154774925962487
2022-02-09,4.210000987166831
2022-02-10,4.199153010858835
2022-02-11,3.943732477788746
2022-02-14,4.024599210266534
2022-02-15,4.357927936821323
2022-02-16,4.232683119447186
2022-02-17,4.254379072063179
2022-02-18,4.183374136229022
2022-02-21,4.122230997038499
2022-02-22,3.996986179664363
2022-02-23,4.1301204343534055
2022-02-24,4.092645607107601
2022-02-25,4.156747285291214
2022-02-28,4.1715399802566635
2022-03-01,4.1301204343534055
2022-03-02,3.9279536031589335
2022-03-03,3.7494550839091807
2022-03-04,3.676477788746298
2022-03-07,3.4733247778874627
2022-03-08,3.546302073050345
2022-03-09,3.597583415597235
2022-03-10,3.5699703849950644
2022-03-11,3.4388084896347477
2022-03-14,3.294826258637709
2022-03-15,3.2376278381046393
2022-03-16,3.278061204343534
2022-03-17,3.333287265547877
2022-03-18,3.3520246791707797
2022-03-21,3.3707620927936817
2022-03-22,3.3539970384995064
2022-03-23,3.3806238894373144
2022-03-24,3.303701875616979
2022-03-25,3.2267798617966434
2022-03-28,3.1459131293188545
2022-03-29,2.9536080947680157
2022-03-30,3.1143553800592296
2022-03-31,3.0453228035538005
2022-04-01,3.0068617966436326
2022-04-06,2.9033129318854884
2022-04-07,2.8895064165844024
2022-04-08,2.8185014807502466
2022-04-11,2.6755054294175715
2022-04-12,2.774123395853899
2022-04-13,2.7119940769990127
2022-04-14,2.757358341559723
2022-04-15,2.8066673247778873
2022-04-18,2.887534057255676
2022-04-19,2.7908884501480746
2022-04-20,2.757358341559723
2022-04-21,2.8037087857847975
2022-04-22,2.7859575518262583
2022-04-25,2.5768874629812437
2022-04-26,2.5019378084896347
2022-04-27,2.6646574531095752
2022-04-28,2.823432379072063
2022-04-29,2.966428430404738
2022-05-05,2.8678104639684103
2022-05-06,2.8027226061204344
2022-05-09,2.717911154985192
2022-05-10,2.7859575518262583
2022-05-11,2.9407877591312928
2022-05-12,2.9141609081934843
2022-05-13,2.9042991115498515
2022-05-16,2.8579486673247776
2022-05-17,2.9279674234945703
2022-05-18,2.913174728529121
2022-05-19,2.9181056268509376
2022-05-20,2.977276406712734
2022-05-23,2.915147087857848
2022-05-24,2.791874629812438
2022-05-25,2.811598223099704
2022-05-26,2.9398015794669297
2022-05-27,2.983193484698914
2022-05-30,2.9782625863770975
2022-05-31,3.247489634748272
2022-06-01,3.1498578479763077
2022-06-02,3.2179042448173742
2022-06-06,3.4388084896347477
2022-06-07,3.3559693978282326
2022-06-08,3.385554787759131
2022-06-09,3.229738400789733
2022-06-10,3.28299210266535
2022-06-13,3.2031115498519243
2022-06-14,3.174512339585389
2022-06-15,3.1774708785784793
2022-06-16,3.1971944718657452
2022-06-17,3.1962082922013813
2022-06-20,3.1883188548864756
2022-06-21,3.254392892398815
2022-06-22,3.086742349457058
2022-06-23,3.0887147087857847
2022-06-24,3.1133692003948665
2022-06-27,3.1636643632773938
2022-06-28,3.276088845014807
2022-06-29,3.1429545903257647
2022-06-30,3.2455172754195454
2022-07-01,3.2770750246791702
2022-07-04,3.1311204343534054
2022-07-05,2.9881243830207302
2022-07-06,2.9644560710760115
2022-07-07,3.10843830207305
2022-07-08,3.327370187561698
2022-07-11,3.22875222112537
2022-07-12,3.208042448173741
2022-07-13,3.139009871668312
2022-07-14,3.146899308983218
2022-07-15,3.1804294175715695
2022-07-18,3.132106614017769
2022-07-19,3.1242171767028624
2022-07-20,3.079839091806515
2022-07-21,3.0758943731490618
2022-07-22,3.0039032576505424
2022-07-25,2.9684007897334648
2022-07-26,2.9930552813425466
2022-07-27,2.9743178677196442
2022-07-28,3.2317107601184603
2022-07-29,3.2721441263573543
2022-08-01,3.4644491609081935
2022-08-02,3.3421628825271466
2022-08-03,3.2455172754195454
2022-08-04,3.332301085883514
2022-08-05,3.3461076011846
2022-08-08,3.4220434353405724
2022-08-09,3.410209279368213
2022-08-10,3.34314906219151
2022-08-11,3.677463968410661
2022-08-12,3.5620809476801574
2022-08-15,3.593638696939782
2022-08-16,3.5305231984205325
2022-08-17,3.703104639684106
2022-08-18,3.684367226061204
2022-08-19,3.604486673247778
2022-08-22,3.699159921026653
2022-08-23,3.69817374136229
2022-08-24,3.532495557749259
2022-08-25,3.633085883514314
2022-08-26,3.729731490621915
2022-08-29,3.7228282329713718
2022-08-30,3.645906219151036
2022-08-31,3.6163208292201383
2022-09-01,3.4595182625863767
2022-09-02,3.652809476801579
2022-09-05,3.657740375123396
2022-09-06,3.5502467917077984
2022-09-07,3.5009378084896343
2022-09-08,3.4969930898321815
2022-09-09,3.4930483711747287
2022-09-13,3.5433435340572554
2022-09-14,3.417112537018756
2022-09-15,3.3648450148075018
2022-09-16,3.2938400789733464
2022-09-19,3.259323790720631
2022-09-20,3.22875222112537
2022-09-21,3.1607058242843036
2022-09-22,3.1005488647581436
2022-09-23,3.0739220138203356
2022-09-26,3.0532122408687066
2022-09-27,3.0749081934846987
2022-09-28,2.945718657453109
2022-09-29,2.9210641658440273
2022-09-30,2.8332941757156958
2022-10-10,2.6981875616979267
2022-10-11,2.674519249753208
2022-10-12,2.7583445212240867
2022-10-13,2.749468904244817
2022-10-14,2.8520315893385986
2022-10-17,2.9398015794669297
2022-10-18,2.868796643632774
2022-10-19,2.8135705824284303
2022-10-20,2.8046949654491606
2022-10-21,2.7366485686080946
2022-10-24,2.659726554787759
2022-10-25,2.6577541954590322
2022-10-26,2.6981875616979267
2022-10-27,2.6902981243830206
2022-10-28,2.5660394866732474
2022-10-31,2.7465103652517273
2022-11-01,2.841183613030602
2022-11-02,2.9398015794669297
2022-11-03,2.9398015794669297
2022-11-04,3.0630740375123393
2022-11-07,3.1212586377097726
2022-11-08,3.0847699901283314
2022-11-09,3.0916732477788744
2022-11-10,2.9328983218163867
2022-11-11,3.029543928923988
2022-11-14,3.059129318854886
2022-11-15,3.292853899308983
2022-11-16,3.236641658440276
2022-11-17,3.2040977295162882
2022-11-18,3.1439407699901283
2022-11-21,3.1488716683119446
2022-11-22,3.139009871668312
2022-11-23,3.096604146100691
2022-11-24,3.0522260612043435
2022-11-25,3.0255992102665346
2022-11-28,2.9614975320829218
2022-11-29,3.0216544916090817
2022-11-30,2.9792487660414606
2022-12-01,2.9920691016781835
2022-12-02,2.9536080947680157
2022-12-05,2.906271470878578
2022-12-06,3.047295162882527
2022-12-07,3.0887147087857847
2022-12-08,3.0492675222112537
2022-12-09,3.078852912142152
2022-12-12,3.1607058242843036
2022-12-13,3.0611016781836127
2022-12-14,3.0384195459032575
2022-12-15,3.062087857847976
2022-12-16,3.0561707798617963
2022-12-19,2.980234945705824
2022-12-20,2.93092596248766
2022-12-21,2.9417739387956563
2022-12-22,3.047295162882527
2022-12-23,3.0325024679170776
2022-12-26,3.0739220138203356
2022-12-27,3.1133692003948665
2022-12-28,3.0709634748272454
2022-12-29,3.090687068114511
2022-12-30,3.0601154985192496
2023-01-03,3.037433366238894
2023-01-04,2.734676209279368
2023-01-05,2.8332941757156958
2023-01-06,2.780040473840079
2023-01-09,2.8037087857847975
2023-01-10,2.8579486673247776
2023-01-11,2.8293494570582425
2023-01-12,2.839211253701875
2023-01-13,2.8185014807502466
2023-01-16,2.869782823297137
2023-01-17,2.99108292201382
2023-01-18,2.9684007897334648
2023-01-19,2.9881243830207302
2023-01-20,2.9960138203356363
2023-01-30,3.1459131293188545
2023-01-31,3.1301342546890423
2023-02-01,3.1912773938795653
2023-02-02,3.1449269496544914
2023-02-03,3.1597196446199405
2023-02-06,3.0758943731490618
2023-02-07,3.059129318854886
2023-02-08,3.0463089832181636
2023-02-09,3.126189536031589
2023-02-10,3.096604146100691
2023-02-13,3.1764846989141162
2023-02-14,3.1784570582428424
2023-02-15,3.2031115498519243
2023-02-16,3.1833879565646592
2023-02-17,3.0601154985192496
2023-02-20,3.0167235932872654
2023-02-21,3.0325024679170776
2023-02-22,2.9644560710760115
2023-02-23,3.0561707798617963
2023-02-24,2.9881243830207302
2023-02-27,2.891478775913129
2023-02-28,2.8855616979269496
2023-03-01,2.9782625863770975
2023-03-02,2.9407877591312928
2023-03-03,2.915147087857848
2023-03-06,2.892464955577492
2023-03-07,2.8263909180651527
2023-03-08,2.8076535044422504
2023-03-09,2.8214600197433364
2023-03-10,2.7760957551826255
2023-03-13,2.7760957551826255
2023-03-14,2.7307314906219147
2023-03-15,2.770178677196446
2023-03-16,2.6715607107601183
2023-03-17,2.658740375123396
2023-03-20,2.689311944718657
2023-03-21,2.7218558736426455
2023-03-22,2.781026653504442
2023-03-23,2.8263909180651527
2023-03-24,3.0167235932872654
2023-03-27,2.9881243830207302
2023-03-28,2.868796643632774
2023-03-29,2.910216189536032
2023-03-30,2.9348706811451137
2023-03-31,2.9210641658440273
2023-04-03,2.9476910167818358
2023-04-04,2.965442250740375
2023-04-06,3.0167235932872654
2023-04-07,2.997
2023-04-10,2.9614975320829218
2023-04-11,2.9358568608094764
2023-04-12,3.0857561697926945
2023-04-13,2.9427601184600194
2023-04-14,2.9467048371174727
2023-04-17,2.861893385982231
2023-04-18,2.846114511352418
2023-04-19,2.7820128331688054
2023-04-20,2.7583445212240867
2023-04-21,2.6715607107601183
2023-04-24,2.6025281342546887
2023-04-25,2.507854886475814
2023-04-26,2.567025666337611
2023-04-27,2.424029615004936
2023-04-28,2.5157443237907207
2023-05-04,2.4693938795656463
2023-05-05,2.4901036525172753
2023-05-08,2.4674215202369196
2023-05-09,2.5433573543928922
2023-05-10,2.564067127344521
2023-05-11,2.5571638696939782
2023-05-12,2.5423711747285287
2023-05-15,2.582804540967423
2023-05-16,2.588721618953603
2023-05-17,2.666629812438302
2023-05-18,2.6508509378084892
2023-05-19,2.710021717670286
2023-05-22,2.6843810463968407
2023-05-23,2.6656436327739383
2023-05-24,2.6833948667324776
2023-05-25,2.667615992102665
2023-05-26,2.645920039486673
2023-05-29,2.63605824284304
2023-05-30,2.6646574531095752
2023-05-31,2.6311273445212238
2023-06-01,2.7465103652517273
2023-06-02,2.7751095755182624
2023-06-05,2.7327038499506413
2023-06-06,2.5315231984205333
2023-06-07,2.617320829220138
2023-06-08,2.64197532082922
2023-06-09,2.6192931885488644
2023-06-12,2.649864758144126
2023-06-13,2.7721510365251727
2023-06-14,2.7603168805528133
2023-06-15,2.749468904244817
2023-06-16,2.869782823297137
2023-06-19,2.8934511352418557
2023-06-20,3.05715695952616
2023-06-21,2.9427601184600194
2023-06-26,2.9388153998025666
2023-06-27,3.0463089832181636
2023-06-28,2.950649555774926
2023-06-29,3.1380236920039484
2023-06-30,3.1419684106614016
2023-07-03,3.2603099703849954
2023-07-04,3.292853899308983
2023-07-05,3.261296150049358
2023-07-06,3.218890424481737
2023-07-07,3.2248075024679173
2023-07-10,3.1607058242843036
2023-07-11,3.2179042448173742
2023-07-12,3.1705676209279368
2023-07-13,3.332301085883514
2023-07-14,3.308632773938795
2023-07-17,3.297784797630799
2023-07-18,3.3244116485686077
2023-07-19,3.249461994076999
2023-07-20,3.134078973346495
2023-07-21,3.0995626850937805
2023-07-24,3.1005488647581436
2023-07-25,3.103507403751234
2023-07-26,3.104493583415597
2023-07-27,3.036447186574531
2023-07-28,3.080825271470878
2023-07-31,3.1291480750246787
2023-08-01,3.218890424481737
2023-08-02,3.22875222112537
2023-08-03,3.275102665350444
2023-08-04,3.266227048371174
2023-08-07,3.3046880552813422
2023-08-08,3.3707620927936817
2023-08-09,3.309618953603159
2023-08-10,3.290881539980256
2023-08-11,3.2050839091806513
2023-08-14,3.1518302073050344
2023-08-15,3.146899308983218
2023-08-16,3.0827976307996052
2023-08-17,3.0847699901283314
2023-08-18,3.0019308983218163
2023-08-21,2.93684304047384
2023-08-22,3.0699772951628823
2023-08-23,3.0147512339585387
2023-08-24,3.0453228035538005
2023-08-25,3.0009447186574527
2023-08-28,3.103507403751234
2023-08-29,3.1360513326752217
2023-08-30,3.1853603158933854
2023-08-31,3.1952221125370186
2023-09-01,3.16563672260612
2023-09-04,3.207056268509378
2023-09-05,3.0325024679170776
2023-09-06,3.024613030602172
2023-09-07,2.898382033563672
2023-09-08,2.841183613030602
2023-09-11,2.8895064165844024
2023-09-12,2.928953603158934
2023-09-13,2.8076535044422504
2023-09-14,2.7780681145113526
2023-09-15,2.75933070088845
2023-09-18,2.8323079960513327
2023-09-19,2.8323079960513327
2023-09-20,2.8283632773938794
2023-09-21,2.7977917077986176
2023-09-22,2.9190918065153006
2023-09-25,2.8964096742349454
2023-09-26,2.8747137216189533
2023-09-27,2.8973958538993085
2023-09-28,2.887534057255676
2023-10-09,3.0216544916090817
2023-10-10,2.997
2023-10-11,3.080825271470878
2023-10-12,3.107452122408687
2023-10-13,3.093645607107601
2023-10-16,3.080825271470878
2023-10-17,3.0640602171767024
2023-10-18,3.0689911154985188
2023-10-19,3.0019308983218163
2023-10-20,2.973331688055281
2023-10-23,3.0611016781836127
2023-10-24,3.034474827245804
2023-10-25,3.0167235932872654
2023-10-26,3.022640671273445
2023-10-27,3.098576505429418
2023-10-30,3.270171767028627
2023-10-31,3.1725399802566634
2023-11-01,3.1212586377097726
2023-11-02,3.05123988153998
2023-11-03,3.098576505429418
2023-11-06,3.2238213228035533
2023-11-07,3.1804294175715695
2023-11-08,3.155774925962487
2023-11-09,3.090687068114511
2023-11-10,3.1380236920039484
2023-11-13,3.1005488647581436
2023-11-14,3.087728529121421
2023-11-15,3.16267818361303
2023-11-16,3.1281618953603156
2023-11-17,3.0887147087857847
2023-11-20,3.015737413622902
2023-11-21,2.973331688055281
2023-11-22,2.922050345508391
2023-11-23,2.99108292201382
2023-11-24,3.0068617966436326
2023-11-27,3.0680049358341557
2023-11-28,3.072935834155972
2023-11-29,3.078852912142152
2023-11-30,3.0818114511352417
2023-12-01,3.036447186574531
2023-12-04,2.99995853899309
2023-12-05,2.9427601184600194
2023-12-06,2.9328983218163867
2023-12-07,2.8954234945705823
2023-12-08,2.99108292201382
2023-12-11,3.043350444225074
2023-12-12,3.098576505429418
2023-12-13,3.0768805528134253
2023-12-14,3.04828134254689
2023-12-15,3.071949654491609
2023-12-18,3.093645607107601
2023-12-19,3.146899308983218
2023-12-20,3.16267818361303
2023-12-21,3.153802566633761
2023-12-22,3.132106614017769
2023-12-25,3.174512339585389
2023-12-26,3.1222448173741357
2023-12-27,3.1567611056268507
2023-12-28,3.213959526159921
2023-12-29,3.335259624876604
2024-01-02,3.289895360315893
2024-01-03,3.16267818361303
2024-01-04,3.146899308983218
2024-01-05,3.146899308983218
2024-01-08,3.0334886475814415
2024-01-09,3.0463089832181636
2024-01-10,3.022640671273445
2024-01-11,3.030530108588351
2024-01-12,2.962483711747285
2024-01-15,2.9703731490621914
2024-01-16,2.9328983218163867
2024-01-17,2.749468904244817
2024-01-18,2.781026653504442
2024-01-19,2.8401974333662388
2024-01-22,2.8007502467917074
2024-01-23,2.834280355380059
2024-01-24,2.8125844027640667
2024-01-25,2.820473840078973
2024-01-26,2.6932566633761104
2024-01-29,2.629154985192497
2024-01-30,2.568011846001974
2024-01-31,2.4674215202369196
2024-02-01,2.5029239881539977
2024-02-02,2.4812280355380056
2024-02-05,2.612389930898322
2024-02-06,2.731717670286278
2024-02-07,2.7327038499506413
2024-02-08,2.801736426456071
2024-02-19,2.6616989141164855
2024-02-20,2.612389930898322
2024-02-21,2.659726554787759
2024-02-22,2.6725468904244813
2024-02-23,2.629154985192497
2024-02-26,2.6557818361303056
2024-02-27,2.7218558736426455
2024-02-28,2.630141164856861
2024-02-29,2.670574531095755
2024-03-01,2.7435518262586376
2024-03-04,2.7119940769990127
2024-03-05,2.7297453109575516
2024-03-06,2.7070631786771964
2024-03-07,2.6311273445212238
2024-03-08,2.6686021717670285
2024-03-11,2.7356623889437315
2024-03-12,2.7583445212240867
2024-03-13,2.734676209279368
2024-03-14,2.6686021717670285
2024-03-15,2.6883257650542944
2024-03-18,2.7149526159921025
2024-03-19,2.8520315893385986
2024-03-20,2.8707690029615
2024-03-21,2.8786584402764066
2024-03-22,3.0827976307996052
2024-03-25,2.9496633761105624
2024-03-26,2.9960138203356363
2024-03-27,2.8471006910167818
2024-03-28,2.880630799605133
2024-03-29,2.8471006910167818
2024-04-01,2.8727413622902267
2024-04-02,2.773137216189536
2024-04-03,2.7839851924975316
2024-04-08,2.7149526159921025
2024-04-09,2.7543998025666334
2024-04-10,2.680436327739388
2024-04-11,2.6755054294175715
2024-04-12,2.6932566633761104
2024-04-15,2.6912843040473837
2024-04-16,2.599569595261599
2024-04-17,2.6409891411648565
2024-04-18,2.6192931885488644
2024-04-19,2.5551915103652516
2024-04-22,2.6380306021717668
2024-04-23,2.6715607107601183
2024-04-24,2.6784639684106613
2024-04-25,2.763275419545903
2024-04-26,2.7869437314906222
2024-04-29,2.8885202369200393
2024-04-30,2.8273770977295163
2024-05-06,2.99995853899309
2024-05-07,2.9881243830207302
2024-05-08,2.8658381046396837
2024-05-09,2.887534057255676
2024-05-10,2.855976307996051
2024-05-13,2.9605113524185587
2024-05-14,3.0088341559723593
2024-05-15,2.9684007897334648
2024-05-16,3.0749081934846987
2024-05-17,3.0630740375123393
2024-05-20,3.0611016781836127
2024-05-21,3.0857561697926945
2024-05-22,3.1814155972359326
2024-05-23,3.1478854886475816
2024-05-24,3.050253701875617
2024-05-27,3.087728529121421
2024-05-28,3.011792694965449
2024-05-29,3.018695952615992
2024-05-30,3.1232309970384997
2024-05-31,3.0778667324777884
2024-06-03,3.1478854886475816
2024-06-04,3.1685952615992106
2024-06-05,3.1833879565646592
2024-06-06,3.2050839091806513
2024-06-07,3.1173139190523194
2024-06-11,3.0768805528134253
2024-06-12,3.235655478775913
2024-06-13,3.2169180651530103
2024-06-14,3.3253978282329713
2024-06-17,3.5818045409674233
2024-06-18,3.678450148075024
2024-06-19,3.685353405725567
2024-06-20,3.6074452122408682
2024-06-21,3.651823297137216
2024-06-24,3.6676021717670277
2024-06-25,3.597583415597235
2024-06-26,3.69817374136229
2024-06-27,3.7612892398815396
2024-06-28,3.8056673247778874
2024-07-01,3.7672063178677195
2024-07-02,3.784957551826259
2024-07-03,3.765233958538993
2024-07-04,3.762275419545903
2024-07-05,3.7494550839091807
2024-07-08,3.811584402764067
2024-07-09,4.006847976307996
2024-07-10,3.9772625863770976
2024-07-11,4.074894373149061
2024-07-12,3.991069101678183
2024-07-15,3.9979723593287266
2024-07-16,4.210000987166831
2024-07-17,4.100535044422507
2024-07-18,3.994027640671273
2024-07-19,3.916119447186574
2024-07-22,3.873713721618953
2024-07-23,3.7474827245804536
2024-07-24,3.6942290227048367
2024-07-25,3.617307008884501
2024-07-26,3.69817374136229
2024-07-29,3.743538005923001
2024-07-30,3.653795656465942
2024-07-31,3.7287453109575517
2024-08-01,3.68929812438302
2024-08-02,3.6271688055281337
2024-08-05,3.3658311944718657
2024-08-06,3.4516288252714706
2024-08-07,3.4210572556762084
2024-08-08,3.4644491609081935
2024-08-09,3.5433435340572554
2024-08-12,3.553205330700888
2024-08-13,3.608431391905232
2024-08-14,3.5670118460019746
2024-08-15,3.579832181638696
2024-08-16,3.612376110562685
2024-08-19,3.58081836130306
2024-08-20,3.5719427443237906
2024-08-21,3.647878578479763
2024-08-22,3.686339585389931
2024-08-23,3.6952152023692
2024-08-26,3.642947680157946
2024-08-27,3.564053307008884
2024-08-28,3.5689842053307004
2024-08-29,3.631113524185587
2024-08-30,3.844128331688055
2024-09-02,3.7593168805528125
2024-09-03,3.7672063178677195
2024-09-04,3.6902843040473843
2024-09-05,3.631113524185587
2024-09-06,3.5009378084896343
2024-09-09,3.4999516288252717
2024-09-10,3.5610947680157943
2024-09-11,3.5246061204343535
2024-09-12,3.559122408687068
2024-09-13,3.6232240868706813
2024-09-18,3.5009378084896343
2024-09-19,3.4891036525172754
2024-09-20,3.5689842053307004
2024-09-23,3.5581362290227045
2024-09-24,3.7810128331688055
2024-09-25,3.7504412635735433
2024-09-26,3.746496544916091
2024-09-27,3.947677196446199
2024-09-30,4.238600197433366
2024-10-08,4.518675222112536
2024-10-09,4.103493583415597
2024-10-10,4.237614017769003
2024-10-11,4.115327739387956
2024-10-14,4.289881539980256
2024-10-15,4.252406712734452
2024-10-16,4.126175715695953
2024-10-17,4.092645607107601
2024-10-18,4.335245804540967
2024-10-21,4.429919052319842
2024-10-22,4.491062191510365
2024-10-23,4.409209279368213
2024-10-24,4.285936821322803
2024-10-25,4.22775222112537
2024-10-28,4.255365251727541
2024-10-29,4.234655478775913
2024-10-30,4.191263573543929
2024-10-31,4.117300098716683
2024-11-01,4.114341559723593
2024-11-04,4.175484698914117
2024-11-05,4.212959526159921
2024-11-06,4.030516288252715
2024-11-07,3.9920552813425463
2024-11-08,3.9299259624876606
2024-11-11,3.969373149062191
2024-11-12,4.051226061204344
2024-11-13,4.0561569595261595
2024-11-14,3.9111885488647573
2024-11-15,3.8332803553800585
2024-11-18,3.75537216189536
2024-11-19,3.757344521224087
2024-11-20,3.763261599210266
2024-11-21,3.8263770977295155
2024-11-22,3.671546890424481
2024-11-25,3.5749012833168803
2024-11-26,3.624210266535044
2024-11-27,3.8165153010858837
2024-11-28,3.7257867719644615
2024-11-29,3.772137216189536
2024-12-02,3.955566633761105
2024-12-03,3.9309121421520232
2024-12-04,3.8608933859822305
2024-12-05,3.8391974333662384
2024-12-06,3.9210503455083905
2024-12-09,3.889492596248765
2024-12-10,3.988110562685093
2024-12-11,4.022626850937808
2024-12-12,4.034461006910168
2024-12-13,3.957538993089832
2024-12-16,3.8796307996051334
2024-12-17,3.9299259624876606
2024-12-18,3.9072438302073045
2024-12-19,4.064046396841066
2024-12-20,4.025585389930898
2024-12-23,3.9457048371174723
2024-12-24,4.037419545903258
2024-12-25,4.005861796643632
2024-12-26,4.127161895360316
2024-12-27,4.032488647581441
2024-12-30,4.062074037512339
2024-12-31,3.975290227048371
2025-01-02,3.8244047384007893
2025-01-03,3.8263770977295155
2025-01-06,3.8027087857847977
2025-01-07,3.9457048371174723
2025-01-08,3.81848766041461
2025-01-09,3.804681145113524
2025-01-10,3.721842053307009
2025-01-13,3.69225666337611
2025-01-14,3.8628657453109576
2025-01-15,3.8105982230997033
2025-01-16,3.825390918065153
2025-01-17,3.8194738400789725
2025-01-20,3.978248766041461
2025-01-21,4.085742349457058
2025-01-22,3.9102023692003947
2025-01-23,3.8638519249753203
2025-01-24,3.996
2025-01-27,3.9200641658440274
2025-02-05,3.9417601184600195
2025-02-06,4.055170779861796
2025-02-07,4.154774925962487
2025-02-10,4.160692003948667
2025-02-11,4.118286278381046
2025-02-12,4.325384007897334
2025-02-13,4.23366929911155
2025-02-14,4.245503455083909
2025-02-17,4.1715399802566635
2025-02-18,4.1044797630799605
2025-02-19,4.169567620927936
2025-02-20,4.285936821322803
2025-02-21,4.3865271470878575
2025-02-24,4.378637709772951
2025-02-25,4.503882527147088
2025-02-26,4.383568608094768
2025-02-27,4.34806614017769
2025-02-28,4.208028627838104
2025-03-03,4.126175715695953
2025-03-04,4.0817976307996044
2025-03-05,4.087714708785784
2025-03-06,4.132092793682132
2025-03-07,4.05023988153998
2025-03-10,4.006847976307996
2025-03-11,3.9269674234945704
2025-03-12,3.9545804540967424
2025-03-13,3.9368292201382036
2025-03-14,3.998958538993089
2025-03-17,3.9664146100691013
2025-03-18,3.9851520236920033
2025-03-19,3.972331688055281
2025-03-20,3.9417601184600195
2025-03-21,3.8875202369200395
2025-03-24,4.004875616979269
2025-03-25,3.9772625863770976
2025-03-26,3.975290227048371
2025-03-27,3.9772625863770976
2025-03-28,4.018682132280355
2025-03-31,3.988110562685093
2025-04-01,3.943732477788746
2025-04-02,3.837225074037512
2025-04-03,3.4545873642645604
2025-04-07,3.1094244817374133
2025-04-08,2.8283632773938794
2025-04-09,2.7968055281342545
2025-04-10,2.997
2025-04-11,3.1380236920039484
2025-04-14,3.139996051332675
2025-04-15,3.004889437314906
2025-04-16,2.8855616979269496
2025-04-17,2.8727413622902267
2025-04-18,2.9210641658440273
2025-04-21,3.0108065153010855
2025-04-22,2.9545942744323788
2025-04-23,3.0749081934846987
2025-04-24,2.99995853899309
2025-04-25,3.0827976307996052
2025-04-28,3.018695952615992
2025-04-29,2.977276406712734
2025-04-30,3.0088341559723593
2025-05-06,3.1025212240868703
2025-05-07,3.0739220138203356
2025-05-08,3.1932497532082924
2025-05-09,3.1281618953603156
2025-05-12,3.327370187561698
2025-05-13,3.296798617966436
2025-05-14,3.269185587364264
2025-05-15,3.1853603158933854
2025-05-16,3.169581441263573
2025-05-19,3.1429545903257647
2025-05-20,3.1794432379072064
2025-05-21,3.132106614017769
2025-05-22,3.098576505429418
2025-05-23,3.0522260612043435
2025-05-26,3.0463089832181636
2025-05-27,2.976290227048371
2025-05-28,2.9634698914116484
2025-05-29,3.0630740375123393
2025-05-30,2.9644560710760115
2025-06-03,2.9565666337611054
2025-06-04,3.0039032576505424
2025-06-05,3.0847699901283314
2025-06-06,3.0541984205330697
2025-06-09,3.1143553800592296
2025-06-10,3.0995626850937805
2025-06-11,3.118300098716683
2025-06-12,3.1054797630799604
2025-06-13,3.047295162882527
2025-06-16,3.112383020730503
2025-06-17,3.1863464955577494
2025-06-18,3.2129733464955574
2025-06-19,3.1912773938795653
2025-06-20,3.238614017769003
2025-06-23,3.236641658440276
2025-06-24,3.2405863770977295
2025-06-25,3.241572556762092
2025-06-26,3.215931885488647
2025-06-27,3.303701875616979
2025-06-30,3.383582428430405
2025-07-01,3.385554787759131
2025-07-02,3.307646594274432
2025-07-03,3.4881174728529114
2025-07-04,3.441767028627838
2025-07-07,3.3894995064165836
2025-07-08,3.448670286278381
2025-07-09,3.4427532082922006
2025-07-10,3.4871312931885488
2025-07-11,3.4871312931885488
2025-07-14,3.468393879565647
2025-07-15,3.6074452122408682
2025-07-16,3.634072063178677
2025-07-17,3.8638519249753203
2025-07-18,3.7987640671273444
2025-07-21,3.791860809476802
2025-07-22,3.7356485686080947
2025-07-23,3.7228282329713718
2025-07-24,3.713952615992102
2025-07-25,3.7593168805528125
2025-07-28,3.703104639684106
2025-07-29,3.684367226061204
2025-07-30,3.7011322803553797
2025-07-31,3.592652517275419
2025-08-01,3.593638696939782
2025-08-04,3.5541915103652513
2025-08-05,3.576873642645607
2025-08-06,3.5512329713721615
2025-08-07,3.631113524185587
2025-08-08,3.573915103652517
2025-08-11,3.7277591312931877
2025-08-12,3.743538005923001
2025-08-13,3.7612892398815396
2025-08-14,3.7741095755182625
2025-08-15,3.784957551826259
2025-08-18,3.882589338598222
2025-08-19,3.8342665350444225
2025-08-20,3.9279536031589335
2025-08-21,4.138009871668311
2025-08-22,4.187318854886476
2025-08-25,4.211973346495557
2025-08-26,4.472324777887462
2025-08-27,4.41118163869694
2025-08-28,4.521633761105626
2025-08-29,4.509799605133267
2025-09-01,4.439780848963475
2025-09-02,4.295798617966436
2025-09-03,4.238600197433366
2025-09-04,4.35398321816387
2025-09-05,4.6291273445212235
2025-09-08,4.879616979269496
2025-09-09,4.679422507403751
2025-09-10,4.7168973346495555
2025-09-11,5.188291214215202
2025-09-12,5.1695538005923
2025-09-15,5.172512339585389
2025-09-16,5.137996051332674
2025-09-17,5.1005212240868705
2025-09-18,5.209000987166831
2025-09-19,5.433849950641658
2025-09-22,5.977234945705824
2025-09-23,6.443697926949655
2025-09-24,6.8845202369200384
2025-09-25,6.741524185587363
2025-09-26,6.301688055281342
2025-09-29,6.354941757156959
2025-09-30,6.344093780848963
2025-10-09,6.404250740375123
2025-10-10,5.963428430404738
2025-10-13,5.663629812438302
2025-10-14,5.39538894373149
2025-10-15,5.708007897334649
2025-10-16,5.805639684106613
2025-10-17,5.441739387956564
2025-10-20,5.605445212240869
2025-10-21,5.9969585389930895
2025-10-22,5.8953820335636715
2025-10-23,5.898340572556761
2025-10-24,6.26815794669299
2025-10-27,6.414112537018756
2025-10-28,6.3411352418558735
2025-10-29,6.598528134254688
2025-10-30,6.378610069101678
2025-10-31,6.178415597235932
2025-11-03,6.170526159921026
2025-11-04,5.937787759131292
2025-11-05,5.980193484698914
2025-11-06,6.047253701875617
2025-11-07,5.8746722606120425
2025-11-10,5.727731490621915
2025-11-11,5.540357354392892
2025-11-12,5.665602171767028
2025-11-13,5.6271411648568606
2025-11-14,5.542329713721618
2025-11-17,5.546274432379072
2025-11-18,5.552191510365251
2025-11-19,5.565998025666337
2025-11-20,5.46738005923001
2025-11-21,5.183360315893386
2025-11-24,5.222807502467917
2025-11-25,5.462449160908193
2025-11-26,5.648837117472852
2025-11-27,5.586707798617966
2025-11-28,5.6665883514313915
2025-12-01,5.748441263573543
2025-12-02,5.884534057255675
2025-12-03,5.769151036525172
2025-12-04,5.848045409674235
2025-12-05,5.81057058242843
2025-12-08,5.892423494570582
2025-12-09,5.943704837117473
2025-12-10,5.838183613030601
2025-12-11,5.7129387956564655
2025-12-12,5.92200888450148
2025-12-15,5.6251688055281335
2025-12-16,5.622210266535044
2025-12-17,5.753372161895361
2025-12-18,5.588680157946692
2025-12-19,5.568956564659427
2025-12-22,5.661657453109575
2025-12-23,5.6932152023692
2025-12-24,5.8145153010858825
2025-12-25,5.828321816386969
2025-12-26,5.727731490621915
2025-12-29,5.709980256663376
2025-12-30,5.695187561697926
2025-12-31,5.562053307008884
2026-01-05,5.742524185587364
2026-01-06,5.80761204343534
2026-01-07,5.643906219151036
2026-01-08,5.4101816386969395
2026-01-09,5.457518262586377
2026-01-12,5.435822309970384
2026-01-13,5.352983218163869
2026-01-14,5.254365251727542
2026-01-15,5.626154985192497
2026-01-16,5.69617374136229
2026-01-19,5.674477788746298
2026-01-20,5.635030602171766
2026-01-21,5.596569595261599
2026-01-22,5.532467917077986
2026-01-23,5.442725567620927
2026-01-26,5.304660414610068
2026-01-27,5.268171767028627
2026-01-28,5.225766041461006
2026-01-29,5.088687068114511
2026-01-30,5.069949654491609
2026-02-02,5.1212309970384995
2026-02-03,5.144899308983217
2026-02-04,5.089673247778874
2026-02-05,5.070935834155972
2026-02-06,5.018668311944718
2026-02-09,5.0729081934846985
2026-02-10,5.069949654491609
2026-02-11,5.016695952615992
2026-02-12,4.961469891411648
2026-02-13,4.997958538993089
2026-02-24,4.981193484698914
2026-02-25,5.074880552813425
2026-02-26,5.0334610069101675
2026-02-27,4.94076011846002
2026-03-02,4.831294175715695
2026-03-03,4.662657453109575
2026-03-04,4.553191510365251
2026-03-05,4.624196446199408
2026-03-06,4.653781836130306
2026-03-09,4.574887462981243
2026-03-10,4.858907206317868
2026-03-11,4.935829220138203
2026-03-12,4.889478775913129
2026-03-13,4.852990128331688
2026-03-16,4.846086870681145
2026-03-17,4.902299111549851
2026-03-18,4.853976307996051
2026-03-19,4.726759131293188
2026-03-20,4.743524185587364
2026-03-23,4.555163869693978
2026-03-24,4.559108588351431
2026-03-25,5.014723593287265
2026-03-26,4.93780157946693
2026-03-27,4.979221125370187
2026-03-30,4.796777887462981
2026-03-31,4.846086870681145
2026-04-01,4.958511352418558
2026-04-02,4.908216189536032
2026-04-03,4.800722606120434
2026-04-07,4.760289239881541
2026-04-08,5.142926949654491
2026-04-09,5.420043435340572
2026-04-10,5.723786771964462
2026-04-13,5.765206317867719
2026-04-14,5.818460019743336
2026-04-15,5.782957551826258
2026-04-16,5.947649555774925
2026-04-17,5.878616979269496
2026-04-20,6.4663800592300085
2026-04-21,6.468352418558736
2026-04-22,6.693201382033564
2026-04-23,6.667560710760118
2026-04-24,6.493006910167819
2026-04-27,7.080769990128331
2026-04-28,6.874658440276406
2026-04-29,6.753358341559724
2026-04-30,6.591624876604146
2026-05-06,6.599514313919052
2026-05-07,6.839155972359327
2026-05-08,7.013709772951629
2026-05-11,7.483131293188547
2026-05-12,7.594569595261599
2026-05-13,7.885492596248764
2026-05-14,7.4180434353405715
2026-05-15,7.279978282329712
2026-05-18,7.172484698914117
2026-05-19,7.123175715695953
2026-05-20,6.893395853899309
2026-05-21,6.67742250740375
2026-05-22,7.123175715695953
2026-05-25,7.349010858835142
2026-05-26,7.128106614017768
2026-05-27,7.043295162882527
2026-05-28,7.162622902270482
2026-05-29,7.2099595261599205
2026-06-01,6.956511352418559
2026-06-02,7.279978282329712
2026-06-03,7.358872655478776
2026-06-04,7.338162882527146
2026-06-05,6.766178677196446
2026-06-08,6.506813425468905
2026-06-09,6.821404738400789
2026-06-10,6.444684106614017
2026-06-11,6.353955577492596
2026-06-12,6.273088845014807
2026-06-15,6.705035538005921
2026-06-16,6.61726554787759
2026-06-17,6.6231826258637705
2026-06-18,6.879589338598223
2026-06-22,6.7296900296150035
2026-06-23,6.823377097729516
2026-06-24,7.383527147087858
2026-06-25,7.32139782823297
2026-06-26,6.690242843040474
2026-06-29,6.423974333662389
2026-06-30,6.925939782823297
2026-07-01,6.516675222112537
2026-07-02,5.99104146100691
2026-07-03,6.340149062191511
2026-07-06,6.186305034550839
2026-07-07,6.2257522211253695
2026-07-08,6.145871668311944
2026-07-09,6.342121421520236
2026-07-10,6.113327739387956
2026-07-13,5.8026811451135245
2026-07-14,6.066977295162883
2026-07-15,5.949621915103652
2026-07-16,6.058101678183612
2026-07-17,5.710966436327739
2026-07-20,5.601500493583415
2026-07-21,5.958497532082921
2026-07-22,5.834238894373149
2026-07-23,6.034433366238894
2026-07-24,5.975262586377098
2026-07-27,6.202083909180651
2026-07-28,5.926939782823297
2026-07-29,6.148830207305034
2026-07-30,5.754358341559723
2026-07-31,5.668560710760118
2026-08-03,5.2967709772951626
2026-08-04,5.471324777887463
2026-08-05,5.50978578479763
2026-08-06,5.51274432379072
2026-08-07,5.6202379072063176
2026-08-10,5.501896347482724
2026-08-11,5.486117472852912
2026-08-12,5.655740375123395
2026-08-13,5.528523198420532
2026-08-14,5.579804540967423
2026-08-17,5.8026811451135245
2026-08-18,5.6942013820335635
2026-08-19,5.2760612043435335
2026-08-20,5.260282329713722
2026-08-21,5.3894718657453105
2026-08-24,5.297757156959526
