date,nav,cash_weight,turnover,w_600887
2018-01-02,1.0,1.0,0.0,0.0
2018-01-03,1.0,1.0,0.0,0.0
2018-01-04,1.0,1.0,0.0,0.0
2018-01-05,1.0,1.0,0.0,0.0
2018-01-08,1.0,1.0,0.0,0.0
2018-01-09,1.0,1.0,0.0,0.0
2018-01-10,1.0,1.0,0.0,0.0
2018-01-11,1.0,1.0,0.0,0.0
2018-01-12,1.0,1.0,0.0,0.0
2018-01-15,1.0,1.0,0.0,0.0
2018-01-16,1.0,1.0,0.0,0.0
2018-01-17,1.0,1.0,0.0,0.0
2018-01-18,1.0,1.0,0.0,0.0
2018-01-19,1.0,1.0,0.0,0.0
2018-01-22,1.0,1.0,0.0,0.0
2018-01-23,1.0,1.0,0.0,0.0
2018-01-24,1.0,1.0,0.0,0.0
2018-01-25,1.0,1.0,0.0,0.0
2018-01-26,1.0,1.0,0.0,0.0
2018-01-29,1.0,1.0,0.0,0.0
2018-01-30,1.0,1.0,0.0,0.0
2018-01-31,1.0,1.0,0.0,0.0
2018-02-01,1.0,1.0,0.0,0.0
2018-02-02,1.0,1.0,0.0,0.0
2018-02-05,1.0,1.0,0.0,0.0
2018-02-06,1.0,1.0,0.0,0.0
2018-02-07,1.0,1.0,0.0,0.0
2018-02-08,1.0,1.0,0.0,0.0
2018-02-09,1.0,1.0,0.0,0.0
2018-02-12,1.0,1.0,0.0,0.0
2018-02-13,1.0,1.0,0.0,0.0
2018-02-14,1.0,1.0,0.0,0.0
2018-02-22,1.0,1.0,0.0,0.0
2018-02-23,1.0,1.0,0.0,0.0
2018-02-26,1.0,1.0,0.0,0.0
2018-02-27,1.0,1.0,0.0,0.0
2018-02-28,1.0,1.0,0.0,0.0
2018-03-01,1.0,1.0,0.0,0.0
2018-03-02,1.0,1.0,0.0,0.0
2018-03-05,1.0,1.0,0.0,0.0
2018-03-06,1.0,1.0,0.0,0.0
2018-03-07,1.0,1.0,0.0,0.0
2018-03-08,1.0,1.0,0.0,0.0
2018-03-09,1.0,1.0,0.0,0.0
2018-03-12,1.0,1.0,0.0,0.0
2018-03-13,1.0,1.0,0.0,0.0
2018-03-14,1.0,1.0,0.0,0.0
2018-03-15,1.0,1.0,0.0,0.0
2018-03-16,1.0,1.0,0.0,0.0
2018-03-19,1.0,1.0,0.0,0.0
2018-03-20,1.0,1.0,0.0,0.0
2018-03-21,1.0,1.0,0.0,0.0
2018-03-22,1.0,1.0,0.0,0.0
2018-03-23,1.0,1.0,0.0,0.0
2018-03-26,1.0,1.0,0.0,0.0
2018-03-27,1.0,1.0,0.0,0.0
2018-03-28,1.0,1.0,0.0,0.0
2018-03-29,1.0,1.0,0.0,0.0
2018-03-30,1.0,1.0,0.0,0.0
2018-04-02,1.0,1.0,0.0,0.0
2018-04-03,1.0,1.0,0.0,0.0
2018-04-04,1.0,1.0,0.0,0.0
2018-04-09,1.0,1.0,0.0,0.0
2018-04-10,1.0,1.0,0.0,0.0
2018-04-11,1.0,1.0,0.0,0.0
2018-04-12,1.0,1.0,0.0,0.0
2018-04-13,1.0,1.0,0.0,0.0
2018-04-16,1.0,1.0,0.0,0.0
2018-04-17,1.0,1.0,0.0,0.0
2018-04-18,1.0,1.0,0.0,0.0
2018-04-19,1.0,1.0,0.0,0.0
2018-04-20,1.0,1.0,0.0,0.0
2018-04-23,1.0,1.0,0.0,0.0
2018-04-24,1.0,1.0,0.0,0.0
2018-04-25,1.0,1.0,0.0,0.0
2018-04-26,1.0,1.0,0.0,0.0
2018-04-27,1.0,1.0,0.0,0.0
2018-05-02,1.0,1.0,0.0,0.0
2018-05-03,1.0,1.0,0.0,0.0
2018-05-04,1.0,1.0,0.0,0.0
2018-05-07,1.0,1.0,0.0,0.0
2018-05-08,1.0,1.0,0.0,0.0
2018-05-09,1.0,1.0,0.0,0.0
2018-05-10,1.0,1.0,0.0,0.0
2018-05-11,1.0,1.0,0.0,0.0
2018-05-14,1.0,1.0,0.0,0.0
2018-05-15,1.0,1.0,0.0,0.0
2018-05-16,1.0,1.0,0.0,0.0
2018-05-17,1.0,1.0,0.0,0.0
2018-05-18,1.0,1.0,0.0,0.0
2018-05-21,1.0,1.0,0.0,0.0
2018-05-22,1.0,1.0,0.0,0.0
2018-05-23,1.0,1.0,0.0,0.0
2018-05-24,1.0,1.0,0.0,0.0
2018-05-25,1.0,1.0,0.0,0.0
2018-05-28,1.0,1.0,0.0,0.0
2018-05-29,1.0,1.0,0.0,0.0
2018-05-30,1.0,1.0,0.0,0.0
2018-05-31,1.0,1.0,0.0,0.0
2018-06-01,1.0,1.0,0.0,0.0
2018-06-04,1.0,1.0,0.0,0.0
2018-06-05,1.0,1.0,0.0,0.0
2018-06-06,1.0,1.0,0.0,0.0
2018-06-07,1.0,1.0,0.0,0.0
2018-06-08,1.0,1.0,0.0,0.0
2018-06-11,1.0,1.0,0.0,0.0
2018-06-12,1.0,1.0,0.0,0.0
2018-06-13,1.0,1.0,0.0,0.0
2018-06-14,1.0,1.0,0.0,0.0
2018-06-15,1.0,1.0,0.0,0.0
2018-06-19,1.0,1.0,0.0,0.0
2018-06-20,1.0,1.0,0.0,0.0
2018-06-21,1.0,1.0,0.0,0.0
2018-06-22,1.0,1.0,0.0,0.0
2018-06-25,1.0,1.0,0.0,0.0
2018-06-26,1.0,1.0,0.0,0.0
2018-06-27,1.0,1.0,0.0,0.0
2018-06-28,1.0,1.0,0.0,0.0
2018-06-29,1.0,1.0,0.0,0.0
2018-07-02,1.0,1.0,0.0,0.0
2018-07-03,1.0,1.0,0.0,0.0
2018-07-04,1.0,1.0,0.0,0.0
2018-07-05,1.0,1.0,0.0,0.0
2018-07-06,1.0,1.0,0.0,0.0
2018-07-09,1.0,1.0,0.0,0.0
2018-07-10,1.0,1.0,0.0,0.0
2018-07-11,1.0,1.0,0.0,0.0
2018-07-12,1.0,1.0,0.0,0.0
2018-07-13,1.0,1.0,0.0,0.0
2018-07-16,1.0,1.0,0.0,0.0
2018-07-17,1.0,1.0,0.0,0.0
2018-07-18,1.0,1.0,0.0,0.0
2018-07-19,1.0,1.0,0.0,0.0
2018-07-20,1.0,1.0,0.0,0.0
2018-07-23,1.0,1.0,0.0,0.0
2018-07-24,1.0,1.0,0.0,0.0
2018-07-25,1.0,1.0,0.0,0.0
2018-07-26,1.0,1.0,0.0,0.0
2018-07-27,1.0,1.0,0.0,0.0
2018-07-30,1.0,1.0,0.0,0.0
2018-07-31,1.0,1.0,0.0,0.0
2018-08-01,1.0,1.0,0.0,0.0
2018-08-02,1.0,1.0,0.0,0.0
2018-08-03,1.0,1.0,0.0,0.0
2018-08-06,1.0,1.0,0.0,0.0
2018-08-07,1.0,1.0,0.0,0.0
2018-08-08,1.0,1.0,0.0,0.0
2018-08-09,1.0,1.0,0.0,0.0
2018-08-10,1.0,1.0,0.0,0.0
2018-08-13,1.0,1.0,0.0,0.0
2018-08-14,1.0,1.0,0.0,0.0
2018-08-15,1.0,1.0,0.0,0.0
2018-08-16,1.0,1.0,0.0,0.0
2018-08-17,1.0,1.0,0.0,0.0
2018-08-20,1.0,1.0,0.0,0.0
2018-08-21,1.0,1.0,0.0,0.0
2018-08-22,1.0,1.0,0.0,0.0
2018-08-23,1.0,1.0,0.0,0.0
2018-08-24,1.0,1.0,0.0,0.0
2018-08-27,1.0,1.0,0.0,0.0
2018-08-28,1.0,1.0,0.0,0.0
2018-08-29,1.0,1.0,0.0,0.0
2018-08-30,1.0,1.0,0.0,0.0
2018-08-31,1.0,1.0,0.0,0.0
2018-09-03,1.0,1.0,0.0,0.0
2018-09-04,1.0,1.0,0.0,0.0
2018-09-05,1.0,1.0,0.0,0.0
2018-09-06,1.0,1.0,0.0,0.0
2018-09-07,1.0,1.0,0.0,0.0
2018-09-10,1.0,1.0,0.0,0.0
2018-09-11,1.0,1.0,0.0,0.0
2018-09-12,1.0,1.0,0.0,0.0
2018-09-13,1.0,1.0,0.0,0.0
2018-09-14,1.0,1.0,0.0,0.0
2018-09-17,1.0,1.0,0.0,0.0
2018-09-18,1.0,1.0,0.0,0.0
2018-09-19,1.0,1.0,0.0,0.0
2018-09-20,1.0,1.0,0.0,0.0
2018-09-21,1.0,1.0,0.0,0.0
2018-09-25,1.0,1.0,0.0,0.0
2018-09-26,1.0,1.0,0.0,0.0
2018-09-27,1.0,1.0,0.0,0.0
2018-09-28,1.0,1.0,0.0,0.0
2018-10-08,1.0,1.0,0.0,0.0
2018-10-09,1.0,1.0,0.0,0.0
2018-10-10,1.0,1.0,0.0,0.0
2018-10-11,1.0,1.0,0.0,0.0
2018-10-12,1.0,1.0,0.0,0.0
2018-10-15,1.0,1.0,0.0,0.0
2018-10-16,1.0,1.0,0.0,0.0
2018-10-17,1.0,1.0,0.0,0.0
2018-10-18,1.0,1.0,0.0,0.0
2018-10-19,1.0,1.0,0.0,0.0
2018-10-22,1.0,1.0,0.0,0.0
2018-10-23,1.0,1.0,0.0,0.0
2018-10-24,1.0,1.0,0.0,0.0
2018-10-25,1.0,1.0,0.0,0.0
2018-10-26,1.0,1.0,0.0,0.0
2018-10-29,1.0,1.0,0.0,0.0
2018-10-30,1.0,1.0,0.0,0.0
2018-10-31,1.0,1.0,0.0,0.0
2018-11-01,1.0,1.0,0.0,0.0
2018-11-02,1.0,1.0,0.0,0.0
2018-11-05,1.0,1.0,0.0,0.0
2018-11-06,1.0,1.0,0.0,0.0
2018-11-07,1.0,1.0,0.0,0.0
2018-11-08,1.0,1.0,0.0,0.0
2018-11-09,1.0,1.0,0.0,0.0
2018-11-12,1.0,1.0,0.0,0.0
2018-11-13,1.0,1.0,0.0,0.0
2018-11-14,1.0,1.0,0.0,0.0
2018-11-15,1.0,1.0,0.0,0.0
2018-11-16,1.0,1.0,0.0,0.0
2018-11-19,1.0,1.0,0.0,0.0
2018-11-20,1.0,1.0,0.0,0.0
2018-11-21,1.0,1.0,0.0,0.0
2018-11-22,1.0,1.0,0.0,0.0
2018-11-23,1.0,1.0,0.0,0.0
2018-11-26,1.0,1.0,0.0,0.0
2018-11-27,1.0,1.0,0.0,0.0
2018-11-28,1.0,1.0,0.0,0.0
2018-11-29,1.0,1.0,0.0,0.0
2018-11-30,1.0,1.0,0.0,0.0
2018-12-03,1.0,1.0,0.0,0.0
2018-12-04,1.0,1.0,0.0,0.0
2018-12-05,1.0,1.0,0.0,0.0
2018-12-06,1.0,1.0,0.0,0.0
2018-12-07,1.0,1.0,0.0,0.0
2018-12-10,1.0,1.0,0.0,0.0
2018-12-11,1.0,1.0,0.0,0.0
2018-12-12,1.0,1.0,0.0,0.0
2018-12-13,1.0,1.0,0.0,0.0
2018-12-14,1.0,1.0,0.0,0.0
2018-12-17,1.0,1.0,0.0,0.0
2018-12-18,1.0,1.0,0.0,0.0
2018-12-19,1.0,1.0,0.0,0.0
2018-12-20,1.0,1.0,0.0,0.0
2018-12-21,1.0,1.0,0.0,0.0
2018-12-24,1.0,1.0,0.0,0.0
2018-12-25,1.0,1.0,0.0,0.0
2018-12-26,1.0,1.0,0.0,0.0
2018-12-27,1.0,1.0,0.0,0.0
2018-12-28,1.0,1.0,0.0,0.0
2019-01-02,1.0,1.0,0.0,0.0
2019-01-03,1.0,1.0,0.0,0.0
2019-01-04,1.0,1.0,0.0,0.0
2019-01-07,1.0,1.0,0.0,0.0
2019-01-08,1.0,1.0,0.0,0.0
2019-01-09,1.0,1.0,0.0,0.0
2019-01-10,1.0,1.0,0.0,0.0
2019-01-11,1.0,1.0,0.0,0.0
2019-01-14,1.0,1.0,0.0,0.0
2019-01-15,1.0,1.0,0.0,0.0
2019-01-16,1.0,1.0,0.0,0.0
2019-01-17,1.0,1.0,0.0,0.0
2019-01-18,1.0,1.0,0.0,0.0
2019-01-21,1.0,1.0,0.0,0.0
2019-01-22,1.0,1.0,0.0,0.0
2019-01-23,1.0,1.0,0.0,0.0
2019-01-24,1.0,1.0,0.0,0.0
2019-01-25,1.0,1.0,0.0,0.0
2019-01-28,1.0,1.0,0.0,0.0
2019-01-29,1.0,1.0,0.0,0.0
2019-01-30,1.0,1.0,0.0,0.0
2019-01-31,1.0,1.0,0.0,0.0
2019-02-01,1.0,1.0,0.0,0.0
2019-02-11,1.0,1.0,0.0,0.0
2019-02-12,1.0,1.0,0.0,0.0
2019-02-13,1.0,1.0,0.0,0.0
2019-02-14,1.0,1.0,0.0,0.0
2019-02-15,1.0,1.0,0.0,0.0
2019-02-18,1.0,1.0,0.0,0.0
2019-02-19,1.0,1.0,0.0,0.0
2019-02-20,1.0,1.0,0.0,0.0
2019-02-21,1.0,1.0,0.0,0.0
2019-02-22,1.0,1.0,0.0,0.0
2019-02-25,1.0,1.0,0.0,0.0
2019-02-26,1.0,1.0,0.0,0.0
2019-02-27,1.0,1.0,0.0,0.0
2019-02-28,1.0,1.0,0.0,0.0
2019-03-01,1.0,1.0,0.0,0.0
2019-03-04,1.0,1.0,0.0,0.0
2019-03-05,1.0,1.0,0.0,0.0
2019-03-06,1.0,1.0,0.0,0.0
2019-03-07,1.0,1.0,0.0,0.0
2019-03-08,1.0,1.0,0.0,0.0
2019-03-11,1.0,1.0,0.0,0.0
2019-03-12,1.0,1.0,0.0,0.0
2019-03-13,1.0,1.0,0.0,0.0
2019-03-14,1.0,1.0,0.0,0.0
2019-03-15,1.0,1.0,0.0,0.0
2019-03-18,1.0,1.0,0.0,0.0
2019-03-19,1.0,1.0,0.0,0.0
2019-03-20,1.0,1.0,0.0,0.0
2019-03-21,1.0,1.0,0.0,0.0
2019-03-22,1.0,1.0,0.0,0.0
2019-03-25,1.0,1.0,0.0,0.0
2019-03-26,1.0,1.0,0.0,0.0
2019-03-27,1.0,1.0,0.0,0.0
2019-03-28,1.0,1.0,0.0,0.0
2019-03-29,1.0,1.0,0.0,0.0
2019-04-01,1.0,1.0,0.0,0.0
2019-04-02,1.0,1.0,0.0,0.0
2019-04-03,1.0,1.0,0.0,0.0
2019-04-04,1.0,1.0,0.0,0.0
2019-04-08,1.0,1.0,0.0,0.0
2019-04-09,1.0,1.0,0.0,0.0
2019-04-10,1.0,1.0,0.0,0.0
2019-04-11,1.0,1.0,0.0,0.0
2019-04-12,1.0,1.0,0.0,0.0
2019-04-15,1.0,1.0,0.0,0.0
2019-04-16,1.0,1.0,0.0,0.0
2019-04-17,1.0,1.0,0.0,0.0
2019-04-18,1.0,1.0,0.0,0.0
2019-04-19,1.0,1.0,0.0,0.0
2019-04-22,1.0,1.0,0.0,0.0
2019-04-23,1.0,1.0,0.0,0.0
2019-04-24,1.0,1.0,0.0,0.0
2019-04-25,1.0,1.0,0.0,0.0
2019-04-26,1.0,1.0,0.0,0.0
2019-04-29,1.0,1.0,0.0,0.0
2019-04-30,1.0,1.0,0.0,0.0
2019-05-06,1.0,1.0,0.0,0.0
2019-05-07,1.0,1.0,0.0,0.0
2019-05-08,1.0,1.0,0.0,0.0
2019-05-09,1.0,1.0,0.0,0.0
2019-05-10,1.0,1.0,0.0,0.0
2019-05-13,1.0,1.0,0.0,0.0
2019-05-14,1.0,1.0,0.0,0.0
2019-05-15,1.0,1.0,0.0,0.0
2019-05-16,1.0,1.0,0.0,0.0
2019-05-17,1.0,1.0,0.0,0.0
2019-05-20,1.0,1.0,0.0,0.0
2019-05-21,1.0,1.0,0.0,0.0
2019-05-22,1.0,1.0,0.0,0.0
2019-05-23,1.0,1.0,0.0,0.0
2019-05-24,1.0,1.0,0.0,0.0
2019-05-27,1.0,1.0,0.0,0.0
2019-05-28,1.0,1.0,0.0,0.0
2019-05-29,1.0,1.0,0.0,0.0
2019-05-30,1.0,1.0,0.0,0.0
2019-05-31,1.0,1.0,0.0,0.0
2019-06-03,1.0,1.0,0.0,0.0
2019-06-04,1.0,1.0,0.0,0.0
2019-06-05,1.0,1.0,0.0,0.0
2019-06-06,1.0,1.0,0.0,0.0
2019-06-10,1.0,1.0,0.0,0.0
2019-06-11,1.0,1.0,0.0,0.0
2019-06-12,1.0,1.0,0.0,0.0
2019-06-13,1.0,1.0,0.0,0.0
2019-06-14,1.0,1.0,0.0,0.0
2019-06-17,1.0,1.0,0.0,0.0
2019-06-18,1.0,1.0,0.0,0.0
2019-06-19,1.0,1.0,0.0,0.0
2019-06-20,1.0,1.0,0.0,0.0
2019-06-21,1.0,1.0,0.0,0.0
2019-06-24,1.0,1.0,0.0,0.0
2019-06-25,1.0,1.0,0.0,0.0
2019-06-26,1.0,1.0,0.0,0.0
2019-06-27,1.0,1.0,0.0,0.0
2019-06-28,1.0,1.0,0.0,0.0
2019-07-01,1.0,1.0,0.0,0.0
2019-07-02,1.0,1.0,0.0,0.0
2019-07-03,1.0,1.0,0.0,0.0
2019-07-04,1.0,1.0,0.0,0.0
2019-07-05,1.0,1.0,0.0,0.0
2019-07-08,1.0,1.0,0.0,0.0
2019-07-09,1.0,1.0,0.0,0.0
2019-07-10,1.0,1.0,0.0,0.0
2019-07-11,1.0,1.0,0.0,0.0
2019-07-12,1.0,1.0,0.0,0.0
2019-07-15,1.0,1.0,0.0,0.0
2019-07-16,1.0,1.0,0.0,0.0
2019-07-17,1.0,1.0,0.0,0.0
2019-07-18,1.0,1.0,0.0,0.0
2019-07-19,1.0,1.0,0.0,0.0
2019-07-22,1.0,1.0,0.0,0.0
2019-07-23,1.0,1.0,0.0,0.0
2019-07-24,1.0,1.0,0.0,0.0
2019-07-25,1.0,1.0,0.0,0.0
2019-07-26,1.0,1.0,0.0,0.0
2019-07-29,1.0,1.0,0.0,0.0
2019-07-30,1.0,1.0,0.0,0.0
2019-07-31,1.0,1.0,0.0,0.0
2019-08-01,1.0,1.0,0.0,0.0
2019-08-02,1.0,1.0,0.0,0.0
2019-08-05,1.0,1.0,0.0,0.0
2019-08-06,1.0,1.0,0.0,0.0
2019-08-07,1.0,1.0,0.0,0.0
2019-08-08,1.0,1.0,0.0,0.0
2019-08-09,1.0,1.0,0.0,0.0
2019-08-12,1.0,1.0,0.0,0.0
2019-08-13,1.0,1.0,0.0,0.0
2019-08-14,1.0,1.0,0.0,0.0
2019-08-15,1.0,1.0,0.0,0.0
2019-08-16,1.0,1.0,0.0,0.0
2019-08-19,1.0,1.0,0.0,0.0
2019-08-20,1.0,1.0,0.0,0.0
2019-08-21,1.0,1.0,0.0,0.0
2019-08-22,1.0,1.0,0.0,0.0
2019-08-23,1.0,1.0,0.0,0.0
2019-08-26,1.0,1.0,0.0,0.0
2019-08-27,1.0,1.0,0.0,0.0
2019-08-28,1.0,1.0,0.0,0.0
2019-08-29,1.0,1.0,0.0,0.0
2019-08-30,1.0,1.0,0.0,0.0
2019-09-02,1.0,1.0,0.0,0.0
2019-09-03,1.0,1.0,0.0,0.0
2019-09-04,1.0,1.0,0.0,0.0
2019-09-05,1.0,1.0,0.0,0.0
2019-09-06,1.0,1.0,0.0,0.0
2019-09-09,1.0,1.0,0.0,0.0
2019-09-10,1.0,1.0,0.0,0.0
2019-09-11,1.0,1.0,0.0,0.0
2019-09-12,1.0,1.0,0.0,0.0
2019-09-16,1.0,1.0,0.0,0.0
2019-09-17,1.0,1.0,0.0,0.0
2019-09-18,1.0,1.0,0.0,0.0
2019-09-19,1.0,1.0,0.0,0.0
2019-09-20,1.0,1.0,0.0,0.0
2019-09-23,1.0,1.0,0.0,0.0
2019-09-24,1.0,1.0,0.0,0.0
2019-09-25,1.0,1.0,0.0,0.0
2019-09-26,1.0,1.0,0.0,0.0
2019-09-27,1.0,1.0,0.0,0.0
2019-09-30,1.0,1.0,0.0,0.0
2019-10-08,1.0,1.0,0.0,0.0
2019-10-09,1.0,1.0,0.0,0.0
2019-10-10,1.0,1.0,0.0,0.0
2019-10-11,1.0,1.0,0.0,0.0
2019-10-14,1.0,1.0,0.0,0.0
2019-10-15,1.0,1.0,0.0,0.0
2019-10-16,1.0,1.0,0.0,0.0
2019-10-17,1.0,1.0,0.0,0.0
2019-10-18,1.0,1.0,0.0,0.0
2019-10-21,1.0,1.0,0.0,0.0
2019-10-22,1.0,1.0,0.0,0.0
2019-10-23,1.0,1.0,0.0,0.0
2019-10-24,1.0,1.0,0.0,0.0
2019-10-25,1.0,1.0,0.0,0.0
2019-10-28,1.0,1.0,0.0,0.0
2019-10-29,1.0,1.0,0.0,0.0
2019-10-30,1.0,1.0,0.0,0.0
2019-10-31,1.0,1.0,0.0,0.0
2019-11-01,1.0,1.0,0.0,0.0
2019-11-04,1.0,1.0,0.0,0.0
2019-11-05,1.0,1.0,0.0,0.0
2019-11-06,1.0,1.0,0.0,0.0
2019-11-07,1.0,1.0,0.0,0.0
2019-11-08,1.0,1.0,0.0,0.0
2019-11-11,1.0,1.0,0.0,0.0
2019-11-12,1.0,1.0,0.0,0.0
2019-11-13,1.0,1.0,0.0,0.0
2019-11-14,1.0,1.0,0.0,0.0
2019-11-15,1.0,1.0,0.0,0.0
2019-11-18,1.0,1.0,0.0,0.0
2019-11-19,1.0,1.0,0.0,0.0
2019-11-20,1.0,1.0,0.0,0.0
2019-11-21,1.0,1.0,0.0,0.0
2019-11-22,1.0,1.0,0.0,0.0
2019-11-25,1.0,1.0,0.0,0.0
2019-11-26,1.0,1.0,0.0,0.0
2019-11-27,1.0,1.0,0.0,0.0
2019-11-28,1.0,1.0,0.0,0.0
2019-11-29,1.0,1.0,0.0,0.0
2019-12-02,1.0,1.0,0.0,0.0
2019-12-03,1.0,1.0,0.0,0.0
2019-12-04,1.0,1.0,0.0,0.0
2019-12-05,1.0,1.0,0.0,0.0
2019-12-06,1.0,1.0,0.0,0.0
2019-12-09,1.0,1.0,0.0,0.0
2019-12-10,1.0,1.0,0.0,0.0
2019-12-11,1.0,1.0,0.0,0.0
2019-12-12,1.0,1.0,0.0,0.0
2019-12-13,1.0,1.0,0.0,0.0
2019-12-16,1.0,1.0,0.0,0.0
2019-12-17,1.0,1.0,0.0,0.0
2019-12-18,1.0,1.0,0.0,0.0
2019-12-19,1.0,1.0,0.0,0.0
2019-12-20,1.0,1.0,0.0,0.0
2019-12-23,1.0,1.0,0.0,0.0
2019-12-24,1.0,1.0,0.0,0.0
2019-12-25,1.0,1.0,0.0,0.0
2019-12-26,1.0,1.0,0.0,0.0
2019-12-27,1.0,1.0,0.0,0.0
2019-12-30,1.0,1.0,0.0,0.0
2019-12-31,1.0,1.0,0.0,0.0
2020-01-02,1.0,1.0,0.0,0.0
2020-01-03,1.0,1.0,0.0,0.0
2020-01-06,1.0,1.0,0.0,0.0
2020-01-07,1.0,1.0,0.0,0.0
2020-01-08,1.0,1.0,0.0,0.0
2020-01-09,1.0,1.0,0.0,0.0
2020-01-10,1.0,1.0,0.0,0.0
2020-01-13,1.0,1.0,0.0,0.0
2020-01-14,1.0,1.0,0.0,0.0
2020-01-15,1.0,1.0,0.0,0.0
2020-01-16,1.0,1.0,0.0,0.0
2020-01-17,1.0,1.0,0.0,0.0
2020-01-20,1.0,1.0,0.0,0.0
2020-01-21,1.0,1.0,0.0,0.0
2020-01-22,1.0,1.0,0.0,0.0
2020-01-23,1.0,1.0,0.0,0.0
2020-02-03,1.0,1.0,0.0,0.0
2020-02-04,1.0,1.0,0.0,0.0
2020-02-05,1.0,1.0,0.0,0.0
2020-02-06,1.0,1.0,0.0,0.0
2020-02-07,1.0,1.0,0.0,0.0
2020-02-10,1.0,1.0,0.0,0.0
2020-02-11,1.0,1.0,0.0,0.0
2020-02-12,1.0,1.0,0.0,0.0
2020-02-13,1.0,1.0,0.0,0.0
2020-02-14,1.0,1.0,0.0,0.0
2020-02-17,1.0,1.0,0.0,0.0
2020-02-18,1.0,1.0,0.0,0.0
2020-02-19,1.0,1.0,0.0,0.0
2020-02-20,1.0,1.0,0.0,0.0
2020-02-21,1.0,1.0,0.0,0.0
2020-02-24,1.0,1.0,0.0,0.0
2020-02-25,1.0,1.0,0.0,0.0
2020-02-26,1.0,1.0,0.0,0.0
2020-02-27,1.0,1.0,0.0,0.0
2020-02-28,1.0,1.0,0.0,0.0
2020-03-02,1.0,1.0,0.0,0.0
2020-03-03,1.0,1.0,0.0,0.0
2020-03-04,1.0,1.0,0.0,0.0
2020-03-05,1.0,1.0,0.0,0.0
2020-03-06,1.0,1.0,0.0,0.0
2020-03-09,1.0,1.0,0.0,0.0
2020-03-10,1.0,1.0,0.0,0.0
2020-03-11,1.0,1.0,0.0,0.0
2020-03-12,1.0,1.0,0.0,0.0
2020-03-13,1.0,1.0,0.0,0.0
2020-03-16,1.0,1.0,0.0,0.0
2020-03-17,1.0,1.0,0.0,0.0
2020-03-18,1.0,1.0,0.0,0.0
2020-03-19,1.0,1.0,0.0,0.0
2020-03-20,1.0,1.0,0.0,0.0
2020-03-23,1.0,1.0,0.0,0.0
2020-03-24,1.0,1.0,0.0,0.0
2020-03-25,1.0,1.0,0.0,0.0
2020-03-26,1.0,1.0,0.0,0.0
2020-03-27,1.0,1.0,0.0,0.0
2020-03-30,1.0,1.0,0.0,0.0
2020-03-31,1.0,1.0,0.0,0.0
2020-04-01,1.0,1.0,0.0,0.0
2020-04-02,1.0,1.0,0.0,0.0
2020-04-03,1.0,1.0,0.0,0.0
2020-04-07,1.0,1.0,0.0,0.0
2020-04-08,1.0,1.0,0.0,0.0
2020-04-09,1.0,1.0,0.0,0.0
2020-04-10,1.0,1.0,0.0,0.0
2020-04-13,1.0,1.0,0.0,0.0
2020-04-14,1.0,1.0,0.0,0.0
2020-04-15,1.0,1.0,0.0,0.0
2020-04-16,1.0,1.0,0.0,0.0
2020-04-17,1.0,1.0,0.0,0.0
2020-04-20,1.0,1.0,0.0,0.0
2020-04-21,1.0,1.0,0.0,0.0
2020-04-22,1.0,1.0,0.0,0.0
2020-04-23,1.0,1.0,0.0,0.0
2020-04-24,1.0,1.0,0.0,0.0
2020-04-27,1.0,1.0,0.0,0.0
2020-04-28,1.0,1.0,0.0,0.0
2020-04-29,1.0,1.0,0.0,0.0
2020-04-30,1.0,1.0,0.0,0.0
2020-05-06,1.0,1.0,0.0,0.0
2020-05-07,1.0,1.0,0.0,0.0
2020-05-08,1.0,1.0,0.0,0.0
2020-05-11,1.0,1.0,0.0,0.0
2020-05-12,1.0,1.0,0.0,0.0
2020-05-13,1.0,1.0,0.0,0.0
2020-05-14,1.0,1.0,0.0,0.0
2020-05-15,1.0,1.0,0.0,0.0
2020-05-18,1.0,1.0,0.0,0.0
2020-05-19,1.0,1.0,0.0,0.0
2020-05-20,1.0,1.0,0.0,0.0
2020-05-21,1.0,1.0,0.0,0.0
2020-05-22,1.0,1.0,0.0,0.0
2020-05-25,1.0,1.0,0.0,0.0
2020-05-26,1.0,1.0,0.0,0.0
2020-05-27,1.0,1.0,0.0,0.0
2020-05-28,1.0,1.0,0.0,0.0
2020-05-29,1.0,1.0,0.0,0.0
2020-06-01,1.0,1.0,0.0,0.0
2020-06-02,1.0,1.0,0.0,0.0
2020-06-03,1.0,1.0,0.0,0.0
2020-06-04,1.0,1.0,0.0,0.0
2020-06-05,1.0,1.0,0.0,0.0
2020-06-08,1.0,1.0,0.0,0.0
2020-06-09,1.0,1.0,0.0,0.0
2020-06-10,1.0,1.0,0.0,0.0
2020-06-11,1.0,1.0,0.0,0.0
2020-06-12,1.0,1.0,0.0,0.0
2020-06-15,1.0,1.0,0.0,0.0
2020-06-16,1.0,1.0,0.0,0.0
2020-06-17,1.0,1.0,0.0,0.0
2020-06-18,1.0,1.0,0.0,0.0
2020-06-19,1.0,1.0,0.0,0.0
2020-06-22,1.0,1.0,0.0,0.0
2020-06-23,1.0,1.0,0.0,0.0
2020-06-24,1.0,1.0,0.0,0.0
2020-06-29,1.0,1.0,0.0,0.0
2020-06-30,1.0,1.0,0.0,0.0
2020-07-01,1.0,1.0,0.0,0.0
2020-07-02,1.0,1.0,0.0,0.0
2020-07-03,1.0,1.0,0.0,0.0
2020-07-06,1.0,1.0,0.0,0.0
2020-07-07,1.0,1.0,0.0,0.0
2020-07-08,1.0,1.0,0.0,0.0
2020-07-09,1.0,1.0,0.0,0.0
2020-07-10,1.0,1.0,0.0,0.0
2020-07-13,1.0,1.0,0.0,0.0
2020-07-14,1.0,1.0,0.0,0.0
2020-07-15,1.0,1.0,0.0,0.0
2020-07-16,1.0,1.0,0.0,0.0
2020-07-17,1.0,1.0,0.0,0.0
2020-07-20,1.0,1.0,0.0,0.0
2020-07-21,1.0,1.0,0.0,0.0
2020-07-22,1.0,1.0,0.0,0.0
2020-07-23,1.0,1.0,0.0,0.0
2020-07-24,1.0,1.0,0.0,0.0
2020-07-27,1.0,1.0,0.0,0.0
2020-07-28,1.0,1.0,0.0,0.0
2020-07-29,1.0,1.0,0.0,0.0
2020-07-30,1.0,1.0,0.0,0.0
2020-07-31,1.0,1.0,0.0,0.0
2020-08-03,1.0,1.0,0.0,0.0
2020-08-04,1.0,1.0,0.0,0.0
2020-08-05,1.0,1.0,0.0,0.0
2020-08-06,1.0,1.0,0.0,0.0
2020-08-07,1.0,1.0,0.0,0.0
2020-08-10,1.0,1.0,0.0,0.0
2020-08-11,1.0,1.0,0.0,0.0
2020-08-12,1.0,1.0,0.0,0.0
2020-08-13,1.0,1.0,0.0,0.0
2020-08-14,1.0,1.0,0.0,0.0
2020-08-17,1.0,1.0,0.0,0.0
2020-08-18,1.0,1.0,0.0,0.0
2020-08-19,1.0,1.0,0.0,0.0
2020-08-20,1.0,1.0,0.0,0.0
2020-08-21,1.0,1.0,0.0,0.0
2020-08-24,1.0,1.0,0.0,0.0
2020-08-25,1.0,1.0,0.0,0.0
2020-08-26,1.0,1.0,0.0,0.0
2020-08-27,1.0,1.0,0.0,0.0
2020-08-28,1.0,1.0,0.0,0.0
2020-08-31,1.0,1.0,0.0,0.0
2020-09-01,1.0,1.0,0.0,0.0
2020-09-02,1.0,1.0,0.0,0.0
2020-09-03,1.0,1.0,0.0,0.0
2020-09-04,1.0,1.0,0.0,0.0
2020-09-07,1.0,1.0,0.0,0.0
2020-09-08,1.0,1.0,0.0,0.0
2020-09-09,1.0,1.0,0.0,0.0
2020-09-10,1.0,1.0,0.0,0.0
2020-09-11,1.0,1.0,0.0,0.0
2020-09-14,1.0,1.0,0.0,0.0
2020-09-15,1.0,1.0,0.0,0.0
2020-09-16,1.0,1.0,0.0,0.0
2020-09-17,1.0,1.0,0.0,0.0
2020-09-18,1.0,1.0,0.0,0.0
2020-09-21,1.0,1.0,0.0,0.0
2020-09-22,1.0,1.0,0.0,0.0
2020-09-23,1.0,1.0,0.0,0.0
2020-09-24,1.0,1.0,0.0,0.0
2020-09-25,1.0,1.0,0.0,0.0
2020-09-28,1.0,1.0,0.0,0.0
2020-09-29,1.0,1.0,0.0,0.0
2020-09-30,1.0,1.0,0.0,0.0
2020-10-09,1.0,1.0,0.0,0.0
2020-10-12,1.0,1.0,0.0,0.0
2020-10-13,1.0,1.0,0.0,0.0
2020-10-14,1.0,1.0,0.0,0.0
2020-10-15,1.0,1.0,0.0,0.0
2020-10-16,1.0,1.0,0.0,0.0
2020-10-19,1.0,1.0,0.0,0.0
2020-10-20,1.0,1.0,0.0,0.0
2020-10-21,1.0,1.0,0.0,0.0
2020-10-22,1.0,1.0,0.0,0.0
2020-10-23,1.0,1.0,0.0,0.0
2020-10-26,1.0,1.0,0.0,0.0
2020-10-27,1.0,1.0,0.0,0.0
2020-10-28,1.0,1.0,0.0,0.0
2020-10-29,1.0,1.0,0.0,0.0
2020-10-30,1.0,1.0,0.0,0.0
2020-11-02,1.0,1.0,0.0,0.0
2020-11-03,1.0,1.0,0.0,0.0
2020-11-04,1.0,1.0,0.0,0.0
2020-11-05,1.0,1.0,0.0,0.0
2020-11-06,1.0,1.0,0.0,0.0
2020-11-09,1.0,1.0,0.0,0.0
2020-11-10,1.0,1.0,0.0,0.0
2020-11-11,1.0,1.0,0.0,0.0
2020-11-12,1.0,1.0,0.0,0.0
2020-11-13,1.0,1.0,0.0,0.0
2020-11-16,1.0,1.0,0.0,0.0
2020-11-17,1.0,1.0,0.0,0.0
2020-11-18,1.0,1.0,0.0,0.0
2020-11-19,1.0,1.0,0.0,0.0
2020-11-20,1.0,1.0,0.0,0.0
2020-11-23,1.0,1.0,0.0,0.0
2020-11-24,1.0,1.0,0.0,0.0
2020-11-25,1.0,1.0,0.0,0.0
2020-11-26,1.0,1.0,0.0,0.0
2020-11-27,1.0,1.0,0.0,0.0
2020-11-30,1.0,1.0,0.0,0.0
2020-12-01,1.0,1.0,0.0,0.0
2020-12-02,1.0,1.0,0.0,0.0
2020-12-03,1.0,1.0,0.0,0.0
2020-12-04,1.0,1.0,0.0,0.0
2020-12-07,1.0,1.0,0.0,0.0
2020-12-08,1.0,1.0,0.0,0.0
2020-12-09,1.0,1.0,0.0,0.0
2020-12-10,1.0,1.0,0.0,0.0
2020-12-11,1.0,1.0,0.0,0.0
2020-12-14,1.0,1.0,0.0,0.0
2020-12-15,1.0,1.0,0.0,0.0
2020-12-16,1.0,1.0,0.0,0.0
2020-12-17,1.0,1.0,0.0,0.0
2020-12-18,1.0,1.0,0.0,0.0
2020-12-21,1.0,1.0,0.0,0.0
2020-12-22,1.0,1.0,0.0,0.0
2020-12-23,1.0,1.0,0.0,0.0
2020-12-24,1.0,1.0,0.0,0.0
2020-12-25,1.0,1.0,0.0,0.0
2020-12-28,1.0,1.0,0.0,0.0
2020-12-29,1.0,1.0,0.0,0.0
2020-12-30,1.0,1.0,0.0,0.0
2020-12-31,1.0,1.0,0.0,0.0
2021-01-04,1.0,1.0,0.0,0.0
2021-01-05,1.0,1.0,0.0,0.0
2021-01-06,1.0,1.0,0.0,0.0
2021-01-07,1.0,1.0,0.0,0.0
2021-01-08,1.0,1.0,0.0,0.0
2021-01-11,1.0,1.0,0.0,0.0
2021-01-12,1.0,1.0,0.0,0.0
2021-01-13,1.0,1.0,0.0,0.0
2021-01-14,1.0,1.0,0.0,0.0
2021-01-15,1.0,1.0,0.0,0.0
2021-01-18,1.0,1.0,0.0,0.0
2021-01-19,1.0,1.0,0.0,0.0
2021-01-20,1.0,1.0,0.0,0.0
2021-01-21,1.0,1.0,0.0,0.0
2021-01-22,1.0,1.0,0.0,0.0
2021-01-25,1.0,1.0,0.0,0.0
2021-01-26,1.0,1.0,0.0,0.0
2021-01-27,1.0,1.0,0.0,0.0
2021-01-28,1.0,1.0,0.0,0.0
2021-01-29,1.0,1.0,0.0,0.0
2021-02-01,1.0,1.0,0.0,0.0
2021-02-02,1.0,1.0,0.0,0.0
2021-02-03,1.0,1.0,0.0,0.0
2021-02-04,1.0,1.0,0.0,0.0
2021-02-05,1.0,1.0,0.0,0.0
2021-02-08,1.0,1.0,0.0,0.0
2021-02-09,1.0,1.0,0.0,0.0
2021-02-10,1.0,1.0,0.0,0.0
2021-02-18,1.0,1.0,0.0,0.0
2021-02-19,1.0,1.0,0.0,0.0
2021-02-22,1.0,1.0,0.0,0.0
2021-02-23,1.0,1.0,0.0,0.0
2021-02-24,1.0,1.0,0.0,0.0
2021-02-25,1.0,1.0,0.0,0.0
2021-02-26,1.0,1.0,0.0,0.0
2021-03-01,1.0,1.0,0.0,0.0
2021-03-02,1.0,1.0,0.0,0.0
2021-03-03,1.0,1.0,0.0,0.0
2021-03-04,1.0,1.0,0.0,0.0
2021-03-05,1.0,1.0,0.0,0.0
2021-03-08,1.0,1.0,0.0,0.0
2021-03-09,1.0,1.0,0.0,0.0
2021-03-10,1.0,1.0,0.0,0.0
2021-03-11,1.0,1.0,0.0,0.0
2021-03-12,1.0,1.0,0.0,0.0
2021-03-15,1.0,1.0,0.0,0.0
2021-03-16,1.0,1.0,0.0,0.0
2021-03-17,1.0,1.0,0.0,0.0
2021-03-18,1.0,1.0,0.0,0.0
2021-03-19,1.0,1.0,0.0,0.0
2021-03-22,1.0,1.0,0.0,0.0
2021-03-23,1.0,1.0,0.0,0.0
2021-03-24,1.0,1.0,0.0,0.0
2021-03-25,1.0,1.0,0.0,0.0
2021-03-26,1.0,1.0,0.0,0.0
2021-03-29,1.0,1.0,0.0,0.0
2021-03-30,1.0,1.0,0.0,0.0
2021-03-31,1.0,1.0,0.0,0.0
2021-04-01,1.0,1.0,0.0,0.0
2021-04-02,1.0,1.0,0.0,0.0
2021-04-06,1.0,1.0,0.0,0.0
2021-04-07,1.0,1.0,0.0,0.0
2021-04-08,1.0,1.0,0.0,0.0
2021-04-09,1.0,1.0,0.0,0.0
2021-04-12,1.0,1.0,0.0,0.0
2021-04-13,1.0,1.0,0.0,0.0
2021-04-14,1.0,1.0,0.0,0.0
2021-04-15,1.0,1.0,0.0,0.0
2021-04-16,1.0,1.0,0.0,0.0
2021-04-19,1.0,1.0,0.0,0.0
2021-04-20,1.0,1.0,0.0,0.0
2021-04-21,1.0,1.0,0.0,0.0
2021-04-22,1.0,1.0,0.0,0.0
2021-04-23,1.0,1.0,0.0,0.0
2021-04-26,1.0,1.0,0.0,0.0
2021-04-27,1.0,1.0,0.0,0.0
2021-04-28,1.0,1.0,0.0,0.0
2021-04-29,1.0,1.0,0.0,0.0
2021-04-30,1.0,1.0,0.0,0.0
2021-05-06,1.0,1.0,0.0,0.0
2021-05-07,1.0,1.0,0.0,0.0
2021-05-10,1.0,1.0,0.0,0.0
2021-05-11,1.0,1.0,0.0,0.0
2021-05-12,1.0,1.0,0.0,0.0
2021-05-13,1.0,1.0,0.0,0.0
2021-05-14,1.0,1.0,0.0,0.0
2021-05-17,1.0,1.0,0.0,0.0
2021-05-18,1.0,1.0,0.0,0.0
2021-05-19,1.0,1.0,0.0,0.0
2021-05-20,1.0,1.0,0.0,0.0
2021-05-21,1.0,1.0,0.0,0.0
2021-05-24,1.0,1.0,0.0,0.0
2021-05-25,1.0,1.0,0.0,0.0
2021-05-26,1.0,1.0,0.0,0.0
2021-05-27,1.0,1.0,0.0,0.0
2021-05-28,1.0,1.0,0.0,0.0
2021-05-31,1.0,1.0,0.0,0.0
2021-06-01,1.0,1.0,0.0,0.0
2021-06-02,1.0,1.0,0.0,0.0
2021-06-03,1.0,1.0,0.0,0.0
2021-06-04,1.0,1.0,0.0,0.0
2021-06-07,1.0,1.0,0.0,0.0
2021-06-08,1.0,1.0,0.0,0.0
2021-06-09,1.0,1.0,0.0,0.0
2021-06-10,1.0,1.0,0.0,0.0
2021-06-11,1.0,1.0,0.0,0.0
2021-06-15,1.0,1.0,0.0,0.0
2021-06-16,1.0,1.0,0.0,0.0
2021-06-17,1.0,1.0,0.0,0.0
2021-06-18,1.0,1.0,0.0,0.0
2021-06-21,1.0,1.0,0.0,0.0
2021-06-22,1.0,1.0,0.0,0.0
2021-06-23,1.0,1.0,0.0,0.0
2021-06-24,1.0,1.0,0.0,0.0
2021-06-25,1.0,1.0,0.0,0.0
2021-06-28,1.0,1.0,0.0,0.0
2021-06-29,1.0,1.0,0.0,0.0
2021-06-30,1.0,1.0,0.0,0.0
2021-07-01,1.0,1.0,0.0,0.0
2021-07-02,1.0,1.0,0.0,0.0
2021-07-05,1.0,1.0,0.0,0.0
2021-07-06,1.0,1.0,0.0,0.0
2021-07-07,1.0,1.0,0.0,0.0
2021-07-08,1.0,1.0,0.0,0.0
2021-07-09,1.0,1.0,0.0,0.0
2021-07-12,1.0,1.0,0.0,0.0
2021-07-13,1.0,1.0,0.0,0.0
2021-07-14,1.0,1.0,0.0,0.0
2021-07-15,1.0,1.0,0.0,0.0
2021-07-16,1.0,1.0,0.0,0.0
2021-07-19,1.0,1.0,0.0,0.0
2021-07-20,1.0,1.0,0.0,0.0
2021-07-21,1.0,1.0,0.0,0.0
2021-07-22,1.0,1.0,0.0,0.0
2021-07-23,1.0,1.0,0.0,0.0
2021-07-26,1.0,1.0,0.0,0.0
2021-07-27,1.0,1.0,0.0,0.0
2021-07-28,1.0,1.0,0.0,0.0
2021-07-29,1.0,1.0,0.0,0.0
2021-07-30,1.0,1.0,0.0,0.0
2021-08-02,1.0,1.0,0.0,0.0
2021-08-03,1.0,1.0,0.0,0.0
2021-08-04,1.0,1.0,0.0,0.0
2021-08-05,1.0,1.0,0.0,0.0
2021-08-06,1.0,1.0,0.0,0.0
2021-08-09,1.0,1.0,0.0,0.0
2021-08-10,1.0,1.0,0.0,0.0
2021-08-11,1.0,1.0,0.0,0.0
2021-08-12,1.0,1.0,0.0,0.0
2021-08-13,1.0,1.0,0.0,0.0
2021-08-16,1.0,1.0,0.0,0.0
2021-08-17,1.0,1.0,0.0,0.0
2021-08-18,1.0,1.0,0.0,0.0
2021-08-19,1.0,1.0,0.0,0.0
2021-08-20,1.0,1.0,0.0,0.0
2021-08-23,1.0,1.0,0.0,0.0
2021-08-24,1.0,1.0,0.0,0.0
2021-08-25,1.0,1.0,0.0,0.0
2021-08-26,1.0,1.0,0.0,0.0
2021-08-27,1.0,1.0,0.0,0.0
2021-08-30,1.0,1.0,0.0,0.0
2021-08-31,1.0,1.0,0.0,0.0
2021-09-01,1.0,1.0,0.0,0.0
2021-09-02,1.0,1.0,0.0,0.0
2021-09-03,1.0,1.0,0.0,0.0
2021-09-06,1.0,1.0,0.0,0.0
2021-09-07,1.0,1.0,0.0,0.0
2021-09-08,1.0,1.0,0.0,0.0
2021-09-09,1.0,1.0,0.0,0.0
2021-09-10,1.0,1.0,0.0,0.0
2021-09-13,1.0,1.0,0.0,0.0
2021-09-14,1.0,1.0,0.0,0.0
2021-09-15,1.0,1.0,0.0,0.0
2021-09-16,1.0,1.0,0.0,0.0
2021-09-17,1.0,1.0,0.0,0.0
2021-09-22,1.0,1.0,0.0,0.0
2021-09-23,1.0,1.0,0.0,0.0
2021-09-24,1.0,1.0,0.0,0.0
2021-09-27,1.0,1.0,0.0,0.0
2021-09-28,1.0,1.0,0.0,0.0
2021-09-29,1.0,1.0,0.0,0.0
2021-09-30,1.0,1.0,0.0,0.0
2021-10-08,1.0,1.0,0.0,0.0
2021-10-11,1.0,1.0,0.0,0.0
2021-10-12,1.0,1.0,0.0,0.0
2021-10-13,1.0,1.0,0.0,0.0
2021-10-14,1.0,1.0,0.0,0.0
2021-10-15,1.0,1.0,0.0,0.0
2021-10-18,1.0,1.0,0.0,0.0
2021-10-19,1.0,1.0,0.0,0.0
2021-10-20,1.0,1.0,0.0,0.0
2021-10-21,1.0,1.0,0.0,0.0
2021-10-22,1.0,1.0,0.0,0.0
2021-10-25,1.0,1.0,0.0,0.0
2021-10-26,1.0,1.0,0.0,0.0
2021-10-27,1.0,1.0,0.0,0.0
2021-10-28,1.0,1.0,0.0,0.0
2021-10-29,1.0,1.0,0.0,0.0
2021-11-01,1.0,1.0,0.0,0.0
2021-11-02,1.0,1.0,0.0,0.0
2021-11-03,1.0,1.0,0.0,0.0
2021-11-04,1.0,1.0,0.0,0.0
2021-11-05,1.0,1.0,0.0,0.0
2021-11-08,1.0,1.0,0.0,0.0
2021-11-09,1.0,1.0,0.0,0.0
2021-11-10,1.0,1.0,0.0,0.0
2021-11-11,1.0,1.0,0.0,0.0
2021-11-12,1.0,1.0,0.0,0.0
2021-11-15,1.0,1.0,0.0,0.0
2021-11-16,1.0,1.0,0.0,0.0
2021-11-17,1.0,1.0,0.0,0.0
2021-11-18,1.0,1.0,0.0,0.0
2021-11-19,1.0,1.0,0.0,0.0
2021-11-22,1.0,1.0,0.0,0.0
2021-11-23,1.0,1.0,0.0,0.0
2021-11-24,1.0,1.0,0.0,0.0
2021-11-25,1.0,1.0,0.0,0.0
2021-11-26,1.0,1.0,0.0,0.0
2021-11-29,1.0,1.0,0.0,0.0
2021-11-30,1.0,1.0,0.0,0.0
2021-12-01,1.0,1.0,0.0,0.0
2021-12-02,1.0,1.0,0.0,0.0
2021-12-03,1.0,1.0,0.0,0.0
2021-12-06,1.0,1.0,0.0,0.0
2021-12-07,1.0,1.0,0.0,0.0
2021-12-08,1.0,1.0,0.0,0.0
2021-12-09,1.0,1.0,0.0,0.0
2021-12-10,1.0,1.0,0.0,0.0
2021-12-13,1.0,1.0,0.0,0.0
2021-12-14,1.0,1.0,0.0,0.0
2021-12-15,1.0,1.0,0.0,0.0
2021-12-16,1.0,1.0,0.0,0.0
2021-12-17,1.0,1.0,0.0,0.0
2021-12-20,1.0,1.0,0.0,0.0
2021-12-21,1.0,1.0,0.0,0.0
2021-12-22,1.0,1.0,0.0,0.0
2021-12-23,1.0,1.0,0.0,0.0
2021-12-24,1.0,1.0,0.0,0.0
2021-12-27,1.0,1.0,0.0,0.0
2021-12-28,1.0,1.0,0.0,0.0
2021-12-29,1.0,1.0,0.0,0.0
2021-12-30,1.0,1.0,0.0,0.0
2021-12-31,1.0,1.0,0.0,0.0
2022-01-04,1.0,1.0,0.0,0.0
2022-01-05,1.0,1.0,0.0,0.0
2022-01-06,1.0,1.0,0.0,0.0
2022-01-07,1.0,1.0,0.0,0.0
2022-01-10,1.0,1.0,0.0,0.0
2022-01-11,1.0,1.0,0.0,0.0
2022-01-12,1.0,1.0,0.0,0.0
2022-01-13,1.0,1.0,0.0,0.0
2022-01-14,1.0,1.0,0.0,0.0
2022-01-17,1.0,1.0,0.0,0.0
2022-01-18,1.0,1.0,0.0,0.0
2022-01-19,1.0,1.0,0.0,0.0
2022-01-20,1.0,1.0,0.0,0.0
2022-01-21,1.0,1.0,0.0,0.0
2022-01-24,1.0,1.0,0.0,0.0
2022-01-25,1.0,1.0,0.0,0.0
2022-01-26,1.0,1.0,0.0,0.0
2022-01-27,1.0,1.0,0.0,0.0
2022-01-28,1.0,1.0,0.0,0.0
2022-02-07,1.0,1.0,0.0,0.0
2022-02-08,1.0,1.0,0.0,0.0
2022-02-09,1.0,1.0,0.0,0.0
2022-02-10,1.0,1.0,0.0,0.0
2022-02-11,1.0,1.0,0.0,0.0
2022-02-14,1.0,1.0,0.0,0.0
2022-02-15,1.0,1.0,0.0,0.0
2022-02-16,1.0,1.0,0.0,0.0
2022-02-17,1.0,1.0,0.0,0.0
2022-02-18,1.0,1.0,0.0,0.0
2022-02-21,1.0,1.0,0.0,0.0
2022-02-22,1.0,1.0,0.0,0.0
2022-02-23,1.0,1.0,0.0,0.0
2022-02-24,1.0,1.0,0.0,0.0
2022-02-25,1.0,1.0,0.0,0.0
2022-02-28,1.0,1.0,0.0,0.0
2022-03-01,1.0,1.0,0.0,0.0
2022-03-02,1.0,1.0,0.0,0.0
2022-03-03,1.0,1.0,0.0,0.0
2022-03-04,1.0,1.0,0.0,0.0
2022-03-07,1.0,1.0,0.0,0.0
2022-03-08,1.0,1.0,0.0,0.0
2022-03-09,1.0,1.0,0.0,0.0
2022-03-10,1.0,1.0,0.0,0.0
2022-03-11,1.0,1.0,0.0,0.0
2022-03-14,1.0,1.0,0.0,0.0
2022-03-15,1.0,1.0,0.0,0.0
2022-03-16,1.0,1.0,0.0,0.0
2022-03-17,1.0,1.0,0.0,0.0
2022-03-18,1.0,1.0,0.0,0.0
2022-03-21,1.0,1.0,0.0,0.0
2022-03-22,1.0,1.0,0.0,0.0
2022-03-23,1.0,1.0,0.0,0.0
2022-03-24,1.0,1.0,0.0,0.0
2022-03-25,1.0,1.0,0.0,0.0
2022-03-28,1.0,1.0,0.0,0.0
2022-03-29,1.0,1.0,0.0,0.0
2022-03-30,1.0,1.0,0.0,0.0
2022-03-31,1.0,1.0,0.0,0.0
2022-04-01,1.0,1.0,0.0,0.0
2022-04-06,1.0,1.0,0.0,0.0
2022-04-07,1.0,1.0,0.0,0.0
2022-04-08,1.0,1.0,0.0,0.0
2022-04-11,1.0,1.0,0.0,0.0
2022-04-12,1.0,1.0,0.0,0.0
2022-04-13,1.0,1.0,0.0,0.0
2022-04-14,1.0,1.0,0.0,0.0
2022-04-15,1.0,1.0,0.0,0.0
2022-04-18,1.0,1.0,0.0,0.0
2022-04-19,1.0,1.0,0.0,0.0
2022-04-20,1.0,1.0,0.0,0.0
2022-04-21,1.0,1.0,0.0,0.0
2022-04-22,1.0,1.0,0.0,0.0
2022-04-25,1.0,1.0,0.0,0.0
2022-04-26,1.0,1.0,0.0,0.0
2022-04-27,1.0,1.0,0.0,0.0
2022-04-28,1.0,1.0,0.0,0.0
2022-04-29,1.0,1.0,0.0,0.0
2022-05-05,1.0,1.0,0.0,0.0
2022-05-06,1.0,1.0,0.0,0.0
2022-05-09,1.0,1.0,0.0,0.0
2022-05-10,1.0,1.0,0.0,0.0
2022-05-11,1.0,1.0,0.0,0.0
2022-05-12,1.0,1.0,0.0,0.0
2022-05-13,1.0,1.0,0.0,0.0
2022-05-16,1.0,1.0,0.0,0.0
2022-05-17,1.0,1.0,0.0,0.0
2022-05-18,1.0,1.0,0.0,0.0
2022-05-19,1.0,1.0,0.0,0.0
2022-05-20,1.0,1.0,0.0,0.0
2022-05-23,1.0,1.0,0.0,0.0
2022-05-24,1.0,1.0,0.0,0.0
2022-05-25,1.0,1.0,0.0,0.0
2022-05-26,1.0,1.0,0.0,0.0
2022-05-27,1.0,1.0,0.0,0.0
2022-05-30,1.0,1.0,0.0,0.0
2022-05-31,1.0,1.0,0.0,0.0
2022-06-01,1.0,1.0,0.0,0.0
2022-06-02,1.0,1.0,0.0,0.0
2022-06-06,1.0,1.0,0.0,0.0
2022-06-07,1.0,1.0,0.0,0.0
2022-06-08,1.0,1.0,0.0,0.0
2022-06-09,1.0,1.0,0.0,0.0
2022-06-10,1.0,1.0,0.0,0.0
2022-06-13,1.0,1.0,0.0,0.0
2022-06-14,1.0,1.0,0.0,0.0
2022-06-15,1.0,1.0,0.0,0.0
2022-06-16,1.0,1.0,0.0,0.0
2022-06-17,1.0,1.0,0.0,0.0
2022-06-20,1.0,1.0,0.0,0.0
2022-06-21,1.0,1.0,0.0,0.0
2022-06-22,1.0,1.0,0.0,0.0
2022-06-23,1.0,1.0,0.0,0.0
2022-06-24,1.0,1.0,0.0,0.0
2022-06-27,1.0,1.0,0.0,0.0
2022-06-28,1.0,1.0,0.0,0.0
2022-06-29,1.0,1.0,0.0,0.0
2022-06-30,1.0,1.0,0.0,0.0
2022-07-01,1.0,1.0,0.0,0.0
2022-07-04,1.0,1.0,0.0,0.0
2022-07-05,1.0,1.0,0.0,0.0
2022-07-06,1.0,1.0,0.0,0.0
2022-07-07,1.0,1.0,0.0,0.0
2022-07-08,1.0,1.0,0.0,0.0
2022-07-11,1.0,1.0,0.0,0.0
2022-07-12,1.0,1.0,0.0,0.0
2022-07-13,1.0,1.0,0.0,0.0
2022-07-14,1.0,1.0,0.0,0.0
2022-07-15,1.0,1.0,0.0,0.0
2022-07-18,1.0,1.0,0.0,0.0
2022-07-19,1.0,1.0,0.0,0.0
2022-07-20,1.0,1.0,0.0,0.0
2022-07-21,1.0,1.0,0.0,0.0
2022-07-22,1.0,1.0,0.0,0.0
2022-07-25,1.0,1.0,0.0,0.0
2022-07-26,1.0,1.0,0.0,0.0
2022-07-27,1.0,1.0,0.0,0.0
2022-07-28,1.0,1.0,0.0,0.0
2022-07-29,1.0,1.0,0.0,0.0
2022-08-01,1.0,1.0,0.0,0.0
2022-08-02,1.0,1.0,0.0,0.0
2022-08-03,1.0,1.0,0.0,0.0
2022-08-04,1.0,1.0,0.0,0.0
2022-08-05,1.0,1.0,0.0,0.0
2022-08-08,1.0,1.0,0.0,0.0
2022-08-09,1.0,1.0,0.0,0.0
2022-08-10,1.0,1.0,0.0,0.0
2022-08-11,1.0,1.0,0.0,0.0
2022-08-12,1.0,1.0,0.0,0.0
2022-08-15,1.0,1.0,0.0,0.0
2022-08-16,1.0,1.0,0.0,0.0
2022-08-17,1.0,1.0,0.0,0.0
2022-08-18,1.0,1.0,0.0,0.0
2022-08-19,1.0,1.0,0.0,0.0
2022-08-22,1.0,1.0,0.0,0.0
2022-08-23,1.0,1.0,0.0,0.0
2022-08-24,1.0,1.0,0.0,0.0
2022-08-25,1.0,1.0,0.0,0.0
2022-08-26,1.0,1.0,0.0,0.0
2022-08-29,1.0,1.0,0.0,0.0
2022-08-30,1.0,1.0,0.0,0.0
2022-08-31,1.0,1.0,0.0,0.0
2022-09-01,1.0,1.0,0.0,0.0
2022-09-02,1.0,1.0,0.0,0.0
2022-09-05,1.0,1.0,0.0,0.0
2022-09-06,1.0,1.0,0.0,0.0
2022-09-07,1.0,1.0,0.0,0.0
2022-09-08,1.0,1.0,0.0,0.0
2022-09-09,1.0,1.0,0.0,0.0
2022-09-13,1.0,1.0,0.0,0.0
2022-09-14,1.0,1.0,0.0,0.0
2022-09-15,1.0,1.0,0.0,0.0
2022-09-16,1.0,1.0,0.0,0.0
2022-09-19,1.0,1.0,0.0,0.0
2022-09-20,1.0,1.0,0.0,0.0
2022-09-21,1.0,1.0,0.0,0.0
2022-09-22,1.0,1.0,0.0,0.0
2022-09-23,1.0,1.0,0.0,0.0
2022-09-26,1.0,1.0,0.0,0.0
2022-09-27,1.0,1.0,0.0,0.0
2022-09-28,1.0,1.0,0.0,0.0
2022-09-29,1.0,1.0,0.0,0.0
2022-09-30,1.0,1.0,0.0,0.0
2022-10-10,1.0,1.0,0.0,0.0
2022-10-11,1.0,1.0,0.0,0.0
2022-10-12,1.0,1.0,0.0,0.0
2022-10-13,1.0,1.0,0.0,0.0
2022-10-14,1.0,1.0,0.0,0.0
2022-10-17,1.0,1.0,0.0,0.0
2022-10-18,1.0,1.0,0.0,0.0
2022-10-19,1.0,1.0,0.0,0.0
2022-10-20,1.0,1.0,0.0,0.0
2022-10-21,1.0,1.0,0.0,0.0
2022-10-24,1.0,1.0,0.0,0.0
2022-10-25,1.0,1.0,0.0,0.0
2022-10-26,1.0,1.0,0.0,0.0
2022-10-27,1.0,1.0,0.0,0.0
2022-10-28,1.0,1.0,0.0,0.0
2022-10-31,0.9995,0.5,0.5,0.5
2022-11-01,1.0253329417293233,0.4874026568941824,0.0,0.5125973431058176
2022-11-02,1.0410675516917294,0.4800360929393188,0.0,0.5199639070606812
2022-11-03,1.0272117011278195,0.48651120256058533,0.0,0.5134887974394147
2022-11-04,1.048817434210526,0.4764890282131662,0.0,0.5235109717868338
2022-11-07,1.0483477443609022,0.47670250896057353,0.0,0.5232974910394265
2022-11-08,1.0415372415413533,0.4798196166854567,0.0,0.5201803833145433
2022-11-09,1.038484257518797,0.4812302125734963,0.0,0.5187697874265037
2022-11-10,1.0483477443609022,0.47670250896057365,0.0,0.5232974910394264
2022-11-11,1.062438439849624,0.4703801945181256,0.0,0.5296198054818744
2022-11-14,1.0612642152255638,0.4709006417348972,0.0,0.5290993582651028
2022-11-15,1.077938204887218,0.46361655773420485,0.0,0.5363834422657952
2022-11-16,1.077938204887218,0.46361655773420485,0.0,0.5363834422657952
2022-11-17,1.078642739661654,0.4633137382974092,0.0,0.5366862617025908
2022-11-18,1.0762942904135337,0.4643246781584116,0.0,0.5356753218415884
2022-11-21,1.0687792528195488,0.4675895407602725,0.0,0.5324104592397275
2022-11-22,1.0673701832706766,0.4682068206820682,0.0,0.5317931793179318
2022-11-23,1.063377819548872,0.46996466431095407,0.0,0.5300353356890459
2022-11-24,1.0636126644736839,0.4698608964451314,0.0,0.5301391035548686
2022-11-25,1.064082354323308,0.46965349812403456,0.0,0.5303465018759654
2022-11-28,1.063377819548872,0.4699646643109542,0.0,0.5300353356890458
2022-11-29,1.0760594454887216,0.46442601484068113,0.0,0.5355739851593189
2022-11-30,1.0708928571428569,0.4666666666666669,0.0,0.5333333333333331
2022-12-01,1.0920289003759394,0.45763440860215066,0.0,0.5423655913978493
2022-12-02,1.088506226503759,0.45911542610571743,0.0,0.5408845738942826
2022-12-05,1.1063544407894734,0.4517087667161963,0.0,0.5482912332838037
2022-12-06,1.1171573073308267,0.4473407609838135,0.0,0.5526592390161865
2022-12-07,1.1249071898496237,0.4442588726513571,0.0,0.5557411273486429
2022-12-08,1.1180966870300748,0.4469649233354339,0.0,0.5530350766645661
2022-12-09,1.1331267622180445,0.4410362694300519,0.0,0.5589637305699481
2022-12-12,1.128429863721804,0.4428720083246619,0.0,0.5571279916753381
2022-12-13,1.1192709116541348,0.4464960134284516,0.0,0.5535039865715484
2022-12-14,1.1277253289473679,0.4431486880466473,0.0,0.5568513119533527
2022-12-15,1.120679981203007,0.4459346186085499,0.0,0.5540653813914501
2022-12-16,1.121854205827067,0.4454678668620473,0.0,0.5545321331379527
2022-12-19,1.121149671052631,0.4457478005865103,0.0,0.5542521994134897
2022-12-20,1.1035363016917288,0.45286231113002773,0.0,0.5471376888699723
2022-12-21,1.1122255639097738,0.44932432432432445,0.0,0.5506756756756755
2022-12-22,1.1105816494360896,0.44998942694015653,0.0,0.5500105730598435
2022-12-23,1.1155133928571421,0.44800000000000006,0.0,0.5519999999999999
2022-12-26,1.1049453712406008,0.4522848034006377,0.0,0.5477151965993623
2022-12-27,1.1166876174812022,0.447528916929548,0.0,0.552471083070452
2022-12-28,1.1122255639097736,0.44932432432432445,0.0,0.5506756756756755
2022-12-29,1.1110513392857135,0.44979919678714875,0.0,0.5502008032128513
2022-12-30,1.1136346334586458,0.44875579924082687,0.0,0.5512442007591731
2023-01-03,1.107528665413533,0.45122985581000874,0.0,0.5487701441899913
2023-01-04,1.1051802161654127,0.4521886952826182,0.0,0.5478113047173818
2023-01-05,1.1242026550751871,0.4445372884896598,0.0,0.5554627115103402
2023-01-06,1.123498120300751,0.44481605351170594,0.0,0.5551839464882941
2023-01-09,1.1253768796992474,0.44407345575959967,0.0,0.5559265442404003
2023-01-10,1.1434599389097735,0.43705072910248544,0.0,0.5629492708975146
2023-01-11,1.1422857142857132,0.43750000000000033,0.0,0.5624999999999997
2023-01-12,1.1378236607142849,0.43921568627451013,0.0,0.5607843137254899
2023-01-13,1.1451038533834579,0.43642329778507005,0.0,0.56357670221493
2023-01-16,1.161073308270676,0.43042071197411036,0.0,0.5695792880258896
2023-01-17,1.1678838110902248,0.4279107178765337,0.0,0.5720892821234663
2023-01-18,1.137823660714285,0.43921568627451013,0.0,0.5607843137254899
2023-01-19,1.1415811795112776,0.43777000617157,0.0,0.56222999382843
2023-01-20,1.1399372650375934,0.43840131850020636,0.0,0.5615986814997936
2023-01-30,1.1580203242481197,0.4315554654228355,0.0,0.5684445345771645
2023-01-31,1.1448690084586461,0.4365128205128209,0.0,0.5634871794871791
2023-02-01,1.1448690084586461,0.4365128205128209,0.0,0.5634871794871791
2023-02-02,1.1436947838345861,0.4369609856262837,0.0,0.5630390143737163
2023-02-03,1.1338312969924806,0.44076222038111057,0.0,0.5592377796188894
2023-02-06,1.1159830827067663,0.4478114478114482,0.0,0.5521885521885518
2023-02-07,1.113869478383458,0.4486611849040696,0.0,0.5513388150959304
2023-02-08,1.1188012218045105,0.4466834592779181,0.0,0.5533165407220819
2023-02-09,1.123498120300751,0.44481605351170606,0.0,0.555183946488294
2023-02-10,1.1225587406015027,0.44518828451882886,0.0,0.5548117154811711
2023-02-13,1.1251420347744352,0.4441661448549368,0.0,0.5558338551450632
2023-02-14,1.1260814144736833,0.4437956204379565,0.0,0.5562043795620435
2023-02-15,1.117157307330826,0.4473407609838137,0.0,0.5526592390161863
2023-02-16,1.1110513392857133,0.44979919678714897,0.0,0.550200803212851
2023-02-17,1.1072938204887208,0.45132555673382857,0.0,0.5486744432661714
2023-02-20,1.1204451362781946,0.4460280863550622,0.0,0.5539719136449378
2023-02-21,1.1232632753759388,0.4449090528956724,0.0,0.5550909471043276
2023-02-22,1.1148088580827058,0.44828312618495914,0.0,0.5517168738150409
2023-02-23,1.1136346334586456,0.44875579924082687,0.0,0.5512442007591731
2023-02-24,1.1058847509398484,0.4519006158420049,0.0,0.5480993841579951
2023-02-27,1.1035363016917281,0.45286231113002784,0.0,0.5471376888699722
2023-02-28,1.102831766917292,0.45315161839863727,0.0,0.5468483816013627
2023-03-01,1.1159830827067656,0.447811447811448,0.0,0.552188552188552
2023-03-02,1.1162179276315776,0.44771723122238605,0.0,0.552282768777614
2023-03-03,1.1148088580827054,0.44828312618495914,0.0,0.5517168738150409
2023-03-06,1.1082332001879684,0.4509429963975421,0.0,0.5490570036024579
2023-03-07,1.0924985902255624,0.4574376612209805,0.0,0.5425623387790195
2023-03-08,1.0910895206766902,0.4580284115368062,0.0,0.5419715884631938
2023-03-09,1.0847487077067655,0.460705780471964,0.0,0.539294219528036
2023-03-10,1.0760594454887205,0.46442601484068124,0.0,0.5355739851593188
2023-03-13,1.0833396381578932,0.4613050075872537,0.0,0.5386949924127463
2023-03-14,1.0847487077067652,0.460705780471964,0.0,0.539294219528036
2023-03-15,1.0777033599624044,0.46371758553061704,0.0,0.536282414469383
2023-03-16,1.0758246005639083,0.46452739576511715,0.0,0.5354726042348829
2023-03-17,1.0713625469924797,0.4664620780359495,0.0,0.5335379219640505
2023-03-20,1.0647868890977428,0.46934274371416007,0.0,0.5306572562858399
2023-03-21,1.0734761513157878,0.4655436447166925,0.0,0.5344563552833075
2023-03-22,1.0715973919172916,0.4663598509752359,0.0,0.5336401490247641
2023-03-23,1.074180686090224,0.4652383034543073,0.0,0.5347616965456927
2023-03-24,1.0765291353383444,0.46422338568935473,0.0,0.5357766143106453
2023-03-27,1.0762942904135324,0.46432467815841194,0.0,0.5356753218415881
2023-03-28,1.0739458411654121,0.46534003936146995,0.0,0.53465996063853
2023-03-29,1.0680747180451116,0.467897977132806,0.0,0.532102022867194
2023-03-30,1.0779382048872168,0.46361655773420507,0.0,0.5363834422657949
2023-03-31,1.0762942904135326,0.46432467815841183,0.0,0.5356753218415882
2023-04-03,1.0737109962406004,0.46544181977252874,0.0,0.5345581802274713
2023-04-04,1.0760594454887207,0.46442601484068124,0.0,0.5355739851593188
2023-04-06,1.0723019266917282,0.4660534384581694,0.0,0.5339465615418306
2023-04-07,1.0767639802631568,0.4641221374045805,0.0,0.5358778625954195
2023-04-10,1.0711277020676682,0.4665643499232628,0.0,0.5334356500767372
2023-04-11,1.0645520441729313,0.4694462828149132,0.0,0.5305537171850868
2023-04-12,1.0572718515037582,0.47267880941803675,0.0,0.5273211905819633
2023-04-13,1.0560976268796982,0.4732043584611966,0.0,0.5267956415388034
2023-04-14,1.0525749530075177,0.47478804105310146,0.0,0.5252119589468985
2023-04-17,1.0577415413533824,0.4724689165186502,0.0,0.5275310834813498
2023-04-18,1.0638475093984952,0.4697571743929362,0.0,0.5302428256070638
2023-04-19,1.0584460761278185,0.4721544264477482,0.0,0.5278455735522518
2023-04-20,1.055627937030074,0.4734149054505008,0.0,0.5265850945494992
2023-04-21,1.0542188674812019,0.4740476720873249,0.0,0.5259523279126751
2023-04-24,1.0415372415413524,0.4798196166854569,0.0,0.5201803833145431
2023-04-25,1.0443553806390968,0.47852484821227814,0.0,0.5214751517877219
2023-04-26,1.0434160009398485,0.47895566058969186,0.0,0.5210443394103081
2023-04-27,1.0502265037593976,0.4758497316636854,0.0,0.5241502683363146
2023-04-28,1.084983552631578,0.4606060606060609,0.0,0.5393939393939391
2023-05-04,1.0908546757518789,0.45812701829924685,0.0,0.5418729817007532
2023-05-05,1.0880365366541345,0.4593136196848697,0.0,0.5406863803151303
2023-05-08,1.0962561090225555,0.4558697514995719,0.0,0.5441302485004281
2023-05-09,1.091794055451127,0.4577328457732849,0.0,0.5422671542267151
2023-05-10,1.0903849859022547,0.458324359250485,0.0,0.541675640749515
2023-05-11,1.0854532424812022,0.46040675032453515,0.0,0.5395932496754648
2023-05-12,1.0892107612781947,0.4588184562311344,0.0,0.5411815437688656
2023-05-15,1.098839403195488,0.4547980337678994,0.0,0.5452019662321006
2023-05-16,1.0948470394736833,0.4564564564564568,0.0,0.5435435435435432
2023-05-17,1.0901501409774428,0.45842309349418386,0.0,0.5415769065058161
2023-05-18,1.0870971569548864,0.4597105206308061,0.0,0.5402894793691939
2023-05-19,1.0908546757518789,0.45812701829924674,0.0,0.5418729817007533
2023-05-22,1.1025969219924805,0.4532481363152292,0.0,0.5467518636847708
2023-05-23,1.107058975563909,0.4514212982605009,0.0,0.5485787017394991
2023-05-24,1.0936728148496233,0.45694653210221203,0.0,0.543053467897788
2023-05-25,1.0885062265037586,0.45911542610571765,0.0,0.5408845738942824
2023-05-26,1.083339638157894,0.4613050075872537,0.0,0.5386949924127463
2023-05-29,1.0774685150375933,0.46381865736704475,0.0,0.5361813426329552
2023-05-30,1.0777033599624053,0.4637175855306169,0.0,0.5362824144693831
2023-05-31,1.0701883223684203,0.4669738863287253,0.0,0.5330261136712747
2023-06-01,1.075824600563909,0.4645273957651169,0.0,0.5354726042348831
2023-06-02,1.0889759163533825,0.4589174034936382,0.0,0.5410825965063618
2023-06-05,1.0840441729323298,0.4610051993067592,0.0,0.5389948006932408
2023-06-06,1.0838093280075178,0.4611050920910077,0.0,0.5388949079089923
2023-06-07,1.0838093280075178,0.4611050920910077,0.0,0.5388949079089923
2023-06-08,1.0859229323308262,0.4602076124567476,0.0,0.5397923875432524
2023-06-09,1.0906198308270667,0.4582256675279933,0.0,0.5417743324720067
2023-06-12,1.0915592105263148,0.45783132530120507,0.0,0.5421686746987949
2023-06-13,1.093203124999999,0.4571428571428574,0.0,0.5428571428571426
2023-06-14,1.0960212640977431,0.45596743089779324,0.0,0.5440325691022068
2023-06-15,1.1007181625939837,0.4540217623213145,0.0,0.5459782376786855
2023-06-16,1.102127232142856,0.453441295546559,0.0,0.546558704453441
2023-06-19,1.095551574248119,0.4561629153269028,0.0,0.5438370846730972
2023-06-20,1.0908546757518784,0.45812701829924685,0.0,0.5418729817007532
2023-06-21,1.0906198308270663,0.45822566752799343,0.0,0.5417743324720066
2023-06-26,1.089210761278194,0.4588184562311344,0.0,0.5411815437688656
2023-06-27,1.0863926221804496,0.46000864677907505,0.0,0.539991353220925
2023-06-28,1.0849835526315774,0.4606060606060609,0.0,0.5393939393939391
2023-06-29,1.0788775845864647,0.463212886373531,0.0,0.536787113626469
2023-06-30,1.0807563439849608,0.4624076488483272,0.0,0.5375923511516728
2023-07-03,1.097195488721803,0.4554794520547949,0.0,0.5445205479452051
2023-07-04,1.097430333646615,0.4553819815964053,0.0,0.5446180184035947
2023-07-05,1.08991529605263,0.45852187028657665,0.0,0.5414781297134234
2023-07-06,1.0868623120300736,0.4598098530682805,0.0,0.5401901469317195
2023-07-07,1.0880365366541338,0.45931361968486983,0.0,0.5406863803151302
2023-07-10,1.081930568609021,0.46190579552854394,0.0,0.5380942044714561
2023-07-11,1.0842790178571415,0.46090534979423914,0.0,0.5390946502057609
2023-07-12,1.0814608787593971,0.4621064060803479,0.0,0.5378935939196521
2023-07-13,1.0943773496240587,0.4566523605150219,0.0,0.5433476394849781
2023-07-14,1.0755897556390963,0.46462882096069913,0.0,0.5353711790393009
2023-07-17,1.064786889097743,0.4693427437141602,0.0,0.5306572562858398
2023-07-18,1.0598551456766905,0.4715267006425886,0.0,0.5284732993574114
2023-07-19,1.0584460761278183,0.4721544264477485,0.0,0.5278455735522515
2023-07-20,1.0572718515037582,0.47267880941803697,0.0,0.527321190581963
2023-07-21,1.0622035949248108,0.47048419190802626,0.0,0.5295158080919737
2023-07-24,1.0591506109022544,0.47184035476718467,0.0,0.5281596452328153
2023-07-25,1.0692489426691716,0.46738414232374326,0.0,0.5326158576762567
2023-07-26,1.0683095629699235,0.46779511980655153,0.0,0.5322048801934485
2023-07-27,1.0692489426691716,0.46738414232374326,0.0,0.5326158576762567
2023-07-28,1.0840441729323296,0.46100519930675987,0.0,0.5389948006932401
2023-07-31,1.08756684680451,0.4595119844526028,0.0,0.5404880155473972
2023-08-01,1.079347274436089,0.46301131418624975,0.0,0.5369886858137503
2023-08-02,1.079347274436089,0.46301131418624975,0.0,0.5369886858137503
2023-08-03,1.0845138627819535,0.4608055435253364,0.0,0.5391944564746636
2023-08-04,1.080521499060149,0.46250815040208726,0.0,0.5374918495979127
2023-08-07,1.0762942904135324,0.4643246781584123,0.0,0.5356753218415877
2023-08-08,1.0760594454887202,0.4644260148406817,0.0,0.5355739851593183
2023-08-09,1.0774685150375924,0.4638186573670452,0.0,0.5361813426329548
2023-08-10,1.0713625469924797,0.46646207803594986,0.0,0.5335379219640501
2023-08-11,1.0638475093984947,0.46975717439293674,0.0,0.5302428256070633
2023-08-14,1.0614990601503744,0.47079646017699184,0.0,0.5292035398230082
2023-08-15,1.0612642152255622,0.47090064173489776,0.0,0.5290993582651022
2023-08-16,1.0568021616541337,0.4728888888888896,0.0,0.5271111111111104
2023-08-17,1.05985514567669,0.4715267006425887,0.0,0.5284732993574113
2023-08-18,1.052574953007517,0.474788041053102,0.0,0.525211958946898
2023-08-21,1.045059915413532,0.478202247191012,0.0,0.521797752808988
2023-08-22,1.0481128994360887,0.47680932108447316,0.0,0.5231906789155268
2023-08-23,1.0405978618421037,0.4802527646129551,0.0,0.5197472353870449
2023-08-24,1.0434160009398479,0.47895566058969263,0.0,0.5210443394103074
2023-08-25,1.0485825892857126,0.4765957446808521,0.0,0.5234042553191479
2023-08-28,1.0499916588345848,0.4759561619324546,0.0,0.5240438380675454
2023-08-29,1.0457644501879682,0.4778800808443756,0.0,0.5221199191556244
2023-08-30,1.044355380639096,0.4785248482122789,0.0,0.5214751517877211
2023-08-31,1.0330828242481185,0.48374630597863255,0.0,0.5162536940213674
2023-09-01,1.0340222039473665,0.48330683624801374,0.0,0.5166931637519863
2023-09-04,1.0422417763157876,0.4794952681388023,0.0,0.5205047318611977
2023-09-05,1.0337873590225546,0.4834166288050896,0.0,0.5165833711949104
2023-09-06,1.037075187969923,0.4818840579710155,0.0,0.5181159420289845
2023-09-07,1.0307343749999982,0.48484848484848586,0.0,0.5151515151515141
2023-09-08,1.0286207706766899,0.4858447488584485,0.0,0.5141552511415515
2023-09-11,1.0354312734962388,0.4826491267861205,0.0,0.5173508732138795
2023-09-12,1.037310032894735,0.48177496038034984,0.0,0.5182250396196502
2023-09-13,1.0368403430451107,0.4819932049830137,0.0,0.5180067950169863
2023-09-14,1.0382494125939827,0.4813390635602818,0.0,0.5186609364397182
2023-09-15,1.0356661184210505,0.4825396825396838,0.0,0.5174603174603162
2023-09-18,1.0389539473684188,0.48101265822784933,0.0,0.5189873417721507
2023-09-19,1.0377797227443586,0.4815569133288087,0.0,0.5184430866711913
2023-09-20,1.0359009633458622,0.4824302879165735,0.0,0.5175697120834265
2023-09-21,1.0302646851503736,0.4850695235924335,0.0,0.5149304764075665
2023-09-22,1.0452947603383433,0.47809481015502253,0.0,0.5219051898449775
2023-09-25,1.0467038298872156,0.47745120035898714,0.0,0.5225487996410129
2023-09-26,1.0488174342105239,0.4764890282131673,0.0,0.5235109717868327
2023-09-27,1.0462341400375914,0.4776655443322122,0.0,0.5223344556677878
2023-09-28,1.0438856907894711,0.47874015748031606,0.0,0.5212598425196839
2023-10-09,1.0448250704887192,0.47830973252416376,0.0,0.5216902674758362
2023-10-10,1.0492871240601476,0.4762757385854979,0.0,0.5237242614145021
2023-10-11,1.0546885573308242,0.4738365620129157,0.0,0.5261634379870843
2023-10-12,1.0556279370300723,0.47341490545050147,0.0,0.5265850945494985
2023-10-13,1.0504613486842076,0.4757433489827865,0.0,0.5242566510172135
2023-10-16,1.0427114661654107,0.47927927927928016,0.0,0.5207207207207198
2023-10-17,1.0504613486842076,0.4757433489827866,0.0,0.5242566510172134
2023-10-18,1.045294760338343,0.4780948101550223,0.0,0.5219051898449777
2023-10-19,1.0363706531954857,0.48221164740539413,0.0,0.5177883525946059
2023-10-20,1.0323782894736813,0.4840764331210201,0.0,0.5159235668789799
2023-10-23,1.0246284069548843,0.48773779509511905,0.0,0.512262204904881
2023-10-24,1.0250980968045085,0.48751431844215454,0.0,0.5124856815578455
2023-10-25,1.0340222039473657,0.48330683624801385,0.0,0.5166931637519862
2023-10-26,1.0333176691729296,0.48363636363636486,0.0,0.5163636363636351
2023-10-27,1.051165883458644,0.47542448614834787,0.0,0.5245755138516521
2023-10-30,1.0469386748120273,0.47734410049349596,0.0,0.522655899506504
2023-10-31,1.0622035949248092,0.4704841919080268,0.0,0.5295158080919732
2023-11-01,1.0600899906015009,0.47142224191404636,0.0,0.5285777580859536
2023-11-02,1.0605596804511248,0.47121346324180813,0.0,0.5287865367581919
2023-11-03,1.0659611137218015,0.4688257325402082,0.0,0.5311742674597918
2023-11-06,1.0647868890977412,0.46934274371416085,0.0,0.5306572562858392
2023-11-07,1.0659611137218012,0.4688257325402082,0.0,0.5311742674597918
2023-11-08,1.0654914238721773,0.469032400264493,0.0,0.530967599735507
2023-11-09,1.0664308035714254,0.4686192468619258,0.0,0.5313807531380742
2023-11-10,1.064317199248117,0.4695498676081211,0.0,0.5304501323918789
2023-11-13,1.062438439849621,0.4703801945181266,0.0,0.5296198054818734
2023-11-14,1.0591506109022526,0.4718403547671851,0.0,0.5281596452328149
2023-11-15,1.0589157659774406,0.47194499889110775,0.0,0.5280550011088923
2023-11-16,1.0539840225563881,0.47415329768271053,0.0,0.5258467023172895
2023-11-17,1.052574953007516,0.47478804105310246,0.0,0.5252119589468975
2023-11-20,1.0568021616541325,0.47288888888889,0.0,0.52711111111111
2023-11-21,1.0629081296992455,0.47017233760495025,0.0,0.5298276623950497
2023-11-22,1.0577415413533808,0.4724689165186512,0.0,0.5275310834813488
2023-11-23,1.059855145676689,0.4715267006425893,0.0,0.5284732993574107
2023-11-24,1.060794525375937,0.47110914323666275,0.0,0.5288908567633372
2023-11-27,1.0572718515037565,0.47267880941803764,0.0,0.5273211905819624
2023-11-28,1.0591506109022526,0.4718403547671852,0.0,0.5281596452328148
2023-11-29,1.054688557330824,0.4738365620129159,0.0,0.5261634379870841
2023-11-30,1.0586809210526285,0.4720496894409949,0.0,0.5279503105590051
2023-12-01,1.054688557330824,0.4738365620129158,0.0,0.5261634379870842
2023-12-04,1.0495219689849593,0.47616916536137943,0.0,0.5238308346386206
2023-12-05,1.0420069313909743,0.47960333558710944,0.0,0.5203966644128906
2023-12-06,1.0420069313909743,0.47960333558710944,0.0,0.5203966644128906
2023-12-07,1.0403630169172902,0.4803611738148994,0.0,0.5196388261851006
2023-12-08,1.0405978618421023,0.4802527646129552,0.0,0.5197472353870448
2023-12-11,1.0398933270676662,0.48057813911472547,0.0,0.5194218608852745
2023-12-12,1.0422417763157865,0.4794952681388023,0.0,0.5205047318611977
2023-12-13,1.0295601503759368,0.4854014598540156,0.0,0.5145985401459844
2023-12-14,1.030734374999997,0.48484848484848586,0.0,0.5151515151515141
2023-12-15,1.0229844924812002,0.4885215794306713,0.0,0.5114784205693287
2023-12-18,1.0248632518796963,0.48762603116407055,0.0,0.5123739688359294
2023-12-19,1.02181026785714,0.48908296943231533,0.0,0.5109170305676847
2023-12-20,1.0194618186090196,0.4902096291177157,0.0,0.5097903708822843
2023-12-21,1.0260374765037563,0.4870679789425506,0.0,0.5129320210574494
2023-12-22,1.0330828242481171,0.48374630597863233,0.0,0.5162536940213677
2023-12-25,1.0351964285714255,0.482758620689656,0.0,0.517241379310344
2023-12-26,1.0290904605263127,0.48562300319488905,0.0,0.514376996805111
2023-12-27,1.0356661184210496,0.4825396825396835,0.0,0.5174603174603165
2023-12-28,1.0504613486842074,0.4757433489827865,0.0,0.5242566510172135
2023-12-29,1.0485825892857112,0.476595744680852,0.0,0.523404255319148
2024-01-02,1.038719102443606,0.48112141080714543,0.0,0.5188785891928546
2024-01-03,1.0342570488721774,0.4831970935513179,0.0,0.5168029064486821
2024-01-04,1.032378289473681,0.48407643312102,0.0,0.51592356687898
2024-01-05,1.0356661184210496,0.4825396825396835,0.0,0.5174603174603165
2024-01-08,1.0361358082706738,0.4823209428830473,0.0,0.5176790571169527
2024-01-09,1.0394236372180423,0.48079530049706387,0.0,0.5192046995029361
2024-01-10,1.044825070488719,0.47830973252416387,0.0,0.5216902674758361
2024-01-11,1.0452947603383431,0.4780948101550224,0.0,0.5219051898449776
2024-01-12,1.0485825892857115,0.4765957446808521,0.0,0.5234042553191479
2024-01-15,1.0476432095864632,0.4770230889935003,0.0,0.5229769110064997
2024-01-16,1.0516355733082678,0.4752121482804834,0.0,0.5247878517195166
2024-01-17,1.0413023966165387,0.4799278304014445,0.0,0.5200721695985555
2024-01-18,1.0485825892857117,0.4765957446808522,0.0,0.5234042553191478
2024-01-19,1.0509310385338317,0.47553072625698445,0.0,0.5244692737430156
2024-01-22,1.0469386748120273,0.47734410049349607,0.0,0.5226558995065039
2024-01-23,1.0424766212405987,0.4793872493804924,0.0,0.5206127506195076
2024-01-24,1.0495219689849595,0.47616916536137965,0.0,0.5238308346386203
2024-01-25,1.0551582471804482,0.47362563988426576,0.0,0.5263743601157342
2024-01-26,1.0577415413533806,0.4724689165186514,0.0,0.5275310834813486
2024-01-29,1.0636126644736814,0.4698608964451326,0.0,0.5301391035548674
2024-01-30,1.0593854558270648,0.471735757038352,0.0,0.528264242961648
2024-01-31,1.0553930921052603,0.4735202492211851,0.0,0.5264797507788149
2024-02-01,1.052809797932328,0.4746821325005589,0.0,0.5253178674994411
2024-02-02,1.052809797932328,0.4746821325005589,0.0,0.5253178674994411
2024-02-05,1.0669004934210498,0.46841294298921543,0.0,0.5315870570107846
2024-02-06,1.076998825187967,0.46402093327518656,0.0,0.5359790667248134
2024-02-07,1.0798169642857112,0.462809917355373,0.0,0.537190082644627
2024-02-08,1.0777033599624029,0.4637175855306178,0.0,0.5362824144693822
2024-02-19,1.0809911889097714,0.4623071909624169,0.0,0.5376928090375831
2024-02-20,1.0880365366541325,0.4593136196848706,0.0,0.5406863803151294
2024-02-21,1.0915592105263128,0.45783132530120607,0.0,0.5421686746987939
2024-02-22,1.0957864191729294,0.4560651521645963,0.0,0.5439348478354037
2024-02-23,1.0941425046992452,0.45675037561708665,0.0,0.5432496243829134
2024-02-26,1.0882713815789444,0.4592145015105755,0.0,0.5407854984894245
2024-02-27,1.0826351033834558,0.4616052060737542,0.0,0.5383947939262458
2024-02-28,1.0781730498120272,0.4635155739490322,0.0,0.5364844260509678
2024-02-29,1.0812260338345836,0.4622067767159007,0.0,0.5377932232840993
2024-03-01,1.0793472744360872,0.4630113141862504,0.0,0.5369886858137496
2024-03-04,1.076998825187967,0.4640209332751869,0.0,0.5359790667248131
2024-03-05,1.0915592105263128,0.4578313253012063,0.0,0.5421686746987937
2024-03-06,1.08427901785714,0.46090534979424014,0.0,0.5390946502057599
2024-03-07,1.0854532424812002,0.4604067503245364,0.0,0.5395932496754636
2024-03-08,1.0802866541353355,0.46260869565217544,0.0,0.5373913043478246
2024-03-11,1.0842790178571402,0.46090534979424014,0.0,0.5390946502057599
2024-03-12,1.0875668468045085,0.45951198445260355,0.0,0.5404880155473964
2024-03-13,1.0777033599624033,0.46371758553061826,0.0,0.5362824144693817
2024-03-14,1.0774685150375913,0.463818657367046,0.0,0.536181342632954
2024-03-15,1.090854675751877,0.45812701829924796,0.0,0.541872981700752
2024-03-18,1.0969606437969894,0.45557696424748595,0.0,0.544423035752514
2024-03-19,1.0964909539473655,0.45577211394302997,0.0,0.54422788605697
2024-03-20,1.0946121945488692,0.45655438747050137,0.0,0.5434456125294986
2024-03-21,1.0924985902255608,0.45743766122098173,0.0,0.5425623387790183
2024-03-22,1.0875668468045083,0.45951198445260355,0.0,0.5404880155473964
2024-03-25,1.0819305686090195,0.46190579552854505,0.0,0.538094204471455
2024-03-26,1.0805214990601475,0.46250815040208804,0.0,0.537491849597912
2024-03-27,1.076998825187967,0.4640209332751869,0.0,0.5359790667248131
2024-03-28,1.070188322368418,0.4669738863287266,0.0,0.5330261136712734
2024-03-29,1.0720670817669145,0.4661555312157738,0.0,0.5338444687842262
2024-04-01,1.077233670112779,0.46391977327229295,0.0,0.536080226727707
2024-04-02,1.069483787593982,0.4672815107597733,0.0,0.5327184892402267
2024-04-03,1.0673701832706737,0.46820682068206987,0.0,0.5317931793179301
2024-04-08,1.0591506109022526,0.4718403547671858,0.0,0.5281596452328142
2024-04-09,1.0610293703007487,0.47100486941124553,0.0,0.5289951305887545
2024-04-10,1.0575066964285682,0.4725738396624489,0.0,0.5274261603375511
2024-04-11,1.053984022556388,0.4741532976827111,0.0,0.5258467023172889
2024-04-12,1.0448250704887188,0.4783097325241644,0.0,0.5216902674758356
2024-04-15,1.054453712406012,0.4739420935412044,0.0,0.5260579064587956
2024-04-16,1.0584460761278165,0.47215442644774974,0.0,0.5278455735522503
2024-04-17,1.0610293703007487,0.47100486941124575,0.0,0.5289951305887542
2024-04-18,1.0680747180451096,0.46789797713280745,0.0,0.5321020228671925
2024-04-19,1.0671353383458615,0.4683098591549314,0.0,0.5316901408450686
2024-04-22,1.071832236842102,0.4662576687116582,0.0,0.5337423312883418
2024-04-23,1.0725367716165382,0.4659513904094609,0.0,0.5340486095905391
2024-04-24,1.0737109962405984,0.4654418197725302,0.0,0.5345581802274698
2024-04-25,1.0758246005639067,0.4645273957651186,0.0,0.5354726042348814
2024-04-26,1.0744155310150345,0.46513661202185974,0.0,0.5348633879781403
2024-04-29,1.0800518092105231,0.4627092846270947,0.0,0.5372907153729053
2024-04-30,1.08662746710526,0.45990922844175675,0.0,0.5400907715582433
2024-05-06,1.0906198308270645,0.4582256675279949,0.0,0.5417743324720051
2024-05-07,1.0812260338345834,0.46220677671590094,0.0,0.5377932232840991
2024-05-08,1.078877584586463,0.4632128863735324,0.0,0.5367871136264676
2024-05-09,1.0786427396616511,0.46331373829741085,0.0,0.5366862617025892
2024-05-10,1.0730064614661625,0.46574742832129745,0.0,0.5342525716787025
2024-05-13,1.0741806860902228,0.4652383034543087,0.0,0.5347616965456913
2024-05-14,1.0713625469924783,0.46646207803595097,0.0,0.533537921964049
2024-05-15,1.0699534774436061,0.46707638279192454,0.0,0.5329236172080755
2024-05-16,1.0694837875939822,0.4672815107597734,0.0,0.5327184892402266
2024-05-17,1.076294290413531,0.4643246781584133,0.0,0.5356753218415867
2024-05-20,1.0856880874060122,0.46030715985291115,0.0,0.5396928401470888
2024-05-21,1.0979000234962375,0.45518716577540275,0.0,0.5448128342245973
2024-05-22,1.0993090930451097,0.4546037171544558,0.0,0.5453962828455442
2024-05-23,1.1004833176691697,0.45411865130175155,0.0,0.5458813486982484
2024-05-24,1.0922637453007489,0.45753601376048325,0.0,0.5424639862395167
2024-05-27,1.095081884398493,0.456358567445852,0.0,0.543641432554148
2024-05-28,1.0899152960526284,0.45852187028657787,0.0,0.5414781297134221
2024-05-29,1.0936728148496209,0.4569465321022135,0.0,0.5430534678977865
2024-05-30,1.0845138627819517,0.4608055435253374,0.0,0.5391944564746626
2024-05-31,1.0805214990601473,0.46250815040208826,0.0,0.5374918495979117
2024-06-03,1.0859229323308242,0.46020761245674924,0.0,0.5397923875432508
2024-06-04,1.0868623120300722,0.4598098530682819,0.0,0.5401901469317181
2024-06-05,1.084748707706764,0.46070578047196553,0.0,0.5392942195280345
2024-06-06,1.0878016917293203,0.459412780656306,0.0,0.540587219343694
2024-06-07,1.0791124295112753,0.4631120783460302,0.0,0.5368879216539698
2024-06-11,1.0718322368421023,0.4662576687116584,0.0,0.5337423312883416
2024-06-12,1.078173049812027,0.46351557394903264,0.0,0.5364844260509674
2024-06-13,1.0751200657894706,0.4648318042813475,0.0,0.5351681957186525
2024-06-14,1.0814608787593953,0.4621064060803495,0.0,0.5378935939196505
2024-06-17,1.0753549107142826,0.46473029045643355,0.0,0.5352697095435665
2024-06-18,1.0650217340225534,0.46923925027563596,0.0,0.530760749724364
2024-06-19,1.0633778195488692,0.46996466431095607,0.0,0.5300353356890439
2024-06-20,1.0490522791353354,0.4763823595254105,0.0,0.5236176404745895
2024-06-21,1.0516355733082678,0.4752121482804844,0.0,0.5247878517195156
2024-06-24,1.0558627819548843,0.4733096085409273,0.0,0.5266903914590727
2024-06-25,1.0514007283834557,0.4753182935001137,0.0,0.5246817064998863
2024-06-26,1.0563324718045082,0.47309915518008194,0.0,0.5269008448199181
2024-06-27,1.0514007283834557,0.47531829350011356,0.0,0.5246817064998864
2024-06-28,1.05304464285714,0.47457627118644263,0.0,0.5254237288135574
2024-07-01,1.0558627819548845,0.4733096085409272,0.0,0.5266903914590728
2024-07-02,1.0514007283834559,0.47531829350011356,0.0,0.5246817064998864
2024-07-03,1.052340108082704,0.4748939968756992,0.0,0.5251060031243008
2024-07-04,1.0481128994360873,0.47680932108447416,0.0,0.5231906789155258
2024-07-05,1.0445902255639068,0.47841726618705216,0.0,0.5215827338129478
2024-07-08,1.0394236372180423,0.48079530049706454,0.0,0.5192046995029355
2024-07-09,1.0349615836466137,0.4828681642840952,0.0,0.5171318357159048
2024-07-10,1.0377797227443584,0.4815569133288091,0.0,0.5184430866711909
2024-07-11,1.049991658834584,0.47595616193245516,0.0,0.5240438380675448
2024-07-12,1.0457644501879673,0.47788008084437616,0.0,0.5221199191556238
2024-07-15,1.0455296052631553,0.47798742138364936,0.0,0.5220125786163506
2024-07-16,1.0467038298872156,0.47745120035898747,0.0,0.5225487996410125
2024-07-17,1.0563324718045086,0.4730991551800816,0.0,0.5269008448199184
2024-07-18,1.0610293703007492,0.47100486941124553,0.0,0.5289951305887545
2024-07-19,1.0650217340225538,0.4692392502756355,0.0,0.5307607497243645
2024-07-22,1.0586809210526291,0.47204968944099535,0.0,0.5279503105590047
2024-07-23,1.0441205357142833,0.47863247863248015,0.0,0.5213675213675198
2024-07-24,1.0361358082706744,0.4823209428830477,0.0,0.5176790571169523
2024-07-25,1.0359009633458625,0.4824302879165737,0.0,0.5175697120834263
2024-07-26,1.0368403430451105,0.4819932049830139,0.0,0.5180067950169861
2024-07-29,1.0295601503759375,0.48540145985401606,0.0,0.5145985401459839
2024-07-30,1.0222799577067647,0.4888582586721816,0.0,0.5111417413278184
2024-07-31,1.0365998031308719,0.25,0.2319932049830139,0.75
2024-08-01,1.0185828192329915,0.25442207142062523,0.0,0.7455779285793748
2024-08-02,1.0165431606785147,0.254932560472634,0.0,0.745067439527366
2024-08-05,1.0128037866619735,0.25587379727008275,0.0,0.7441262027299173
2024-08-06,1.0124638435695605,0.25595970900951315,0.0,0.7440402909904869
2024-08-07,1.0063448679061295,0.25751604549037266,0.0,0.7424839545096273
2024-08-08,1.0151833883088632,0.25527402611898653,0.0,0.7447259738810135
2024-08-09,1.0087244695530195,0.2569085598741856,0.0,0.7430914401258144
2024-08-12,1.0138236159392122,0.25561640773443617,0.0,0.7443835922655638
2024-08-13,1.0056649817213041,0.25769014084507047,0.0,0.7423098591549295
2024-08-14,0.9981862336882216,0.2596208423203543,0.0,0.7403791576796457
2024-08-15,1.0049850955364785,0.25786447175555316,0.0,0.7421355282444468
2024-08-16,1.00396526625924,0.2581264108352146,0.0,0.7418735891647854
2024-08-19,1.0002258922426988,0.25909142403987784,0.0,0.7409085759601222
2024-08-20,0.9886678271006624,0.26212034383954175,0.0,0.7378796561604583
2024-08-21,0.9842485668992955,0.26329725995855424,0.0,0.7367027400414458
2024-08-22,0.9730304448496719,0.26633282869453845,0.0,0.7336671713054616
2024-08-23,0.9777896481434515,0.2650365048093639,0.0,0.7349634951906361
2024-08-26,0.9669114691862407,0.26801828196413935,0.0,0.7319817180358607
2024-08-27,0.9607924935228096,0.26972520344380246,0.0,0.7302747965561975
2024-08-28,0.9488944852883604,0.2731072366849775,0.0,0.7268927633150225
2024-08-29,0.9679312984634794,0.26773589323343505,0.0,0.732264106766565
2024-08-30,0.9604525504303969,0.26982067012741884,0.0,0.7301793298725812
2024-09-02,0.9298576721132418,0.2786985132829639,0.0,0.7213014867170361
2024-09-03,0.9475347129187092,0.2734991628796941,0.0,0.7265008371203059
2024-09-04,0.9461749405490579,0.27389221556886256,0.0,0.7261077844311374
2024-09-05,0.9570531195062687,0.27077906701397125,0.0,0.7292209329860287
2024-09-06,0.9488944852883605,0.2731072366849775,0.0,0.7268927633150225
2024-09-09,0.9431154527173424,0.2747807281028477,0.0,0.7252192718971523
2024-09-10,0.9393760787008013,0.27587454764776853,0.0,0.7241254523522315
2024-09-11,0.9482145991035349,0.2733030592734227,0.0,0.7266969407265773
2024-09-12,0.9366565339614985,0.276675538349867,0.0,0.723324461650133
2024-09-13,0.9278180135587648,0.2793111871030778,0.0,0.7206888128969222
2024-09-18,0.9213590948029209,0.28126921657852677,0.0,0.7187307834214732
2024-09-19,0.9420956234401037,0.27507818138080353,0.0,0.7249218186191965
2024-09-20,0.9403959079780395,0.27557537052656955,0.0,0.7244246294734304
2024-09-23,0.9376763632387369,0.27637462235649557,0.0,0.7236253776435044
2024-09-24,0.9798293066979286,0.26448479241355405,0.0,0.735515207586446
2024-09-25,0.9883278840082496,0.2622105021783997,0.0,0.7377894978216003
2024-09-26,1.0501975268273858,0.24676305567544254,0.0,0.7532369443245575
2024-09-27,1.1144467712934116,0.2325368581596341,0.0,0.7674631418403659
2024-09-30,1.1599991456767316,0.223405294519879,0.0,0.776594705480121
2024-10-08,1.1565997147526033,0.2240619182913688,0.0,0.7759380817086312
2024-10-09,1.0814722913293666,0.23962699077954752,0.0,0.7603730092204525
2024-10-10,1.1151266574782372,0.23239508180063007,0.0,0.7676049181993699
2024-10-11,1.1069680232603292,0.2341078923124169,0.0,0.7658921076875831
2024-10-14,1.1069680232603292,0.2341078923124169,0.0,0.7658921076875831
2024-10-15,1.080452462052128,0.23985317252228655,0.0,0.7601468274777134
2024-10-16,1.0695742830949173,0.24229261574319338,0.0,0.7577073842568066
2024-10-17,1.0501975268273858,0.24676305567544266,0.0,0.7532369443245573
2024-10-18,1.0773929742204127,0.24053428691628143,0.0,0.7594657130837186
2024-10-21,1.0716139416493944,0.24183144760494912,0.0,0.7581685523950509
2024-10-22,1.0838518929762566,0.23910088865656076,0.0,0.7608991113434392
2024-10-23,1.0964297873955313,0.23635799917321232,0.0,0.7636420008267877
2024-10-24,1.0811323482369537,0.2397023372812077,0.0,0.7602976627187923
2024-10-25,1.0858915515307335,0.23865177919232006,0.0,0.7613482208076799
2024-10-28,1.0998292183196599,0.23562744694003745,0.0,0.7643725530599625
2024-10-29,1.081132348236954,0.23970233728120782,0.0,0.7602976627187922
2024-10-30,1.0787527465900641,0.24023109243697516,0.0,0.7597689075630248
2024-10-31,1.124305120973384,0.23049788349123201,0.0,0.769502116508768
2024-11-01,1.1362031292078334,0.22808417273361958,0.0,0.7719158272663804
2024-11-04,1.1525203976436496,0.22485497984465674,0.0,0.7751450201553433
2024-11-05,1.159999145676732,0.22340529451987934,0.0,0.7765947054801207
2024-11-06,1.1548999992905395,0.22439167974882313,0.0,0.7756083202511769
2024-11-07,1.195013284195254,0.2168594727858909,0.0,0.7831405272141091
2024-11-08,1.192973625640777,0.21723024316109474,0.0,0.7827697568389053
2024-11-11,1.1892342516242358,0.21791329204383092,0.0,0.7820867079561691
2024-11-12,1.182775332868392,0.21910327648974948,0.0,0.7808967235102505
2024-11-13,1.189234251624236,0.21791329204383103,0.0,0.782086707956169
2024-11-14,1.176996300297374,0.22017906999133596,0.0,0.779820930008664
2024-11-15,1.1667980075249889,0.2221035252986313,0.0,0.7778964747013687
2024-11-18,1.1572796009374295,0.223930284930971,0.0,0.776069715069029
2024-11-19,1.153880170013301,0.22459000294608733,0.0,0.7754099970539127
2024-11-20,1.1593192594919062,0.2235363112110259,0.0,0.7764636887889741
2024-11-21,1.1630586335084472,0.22281761496492658,0.0,0.7771823850350734
2024-11-22,1.1392626170395488,0.22747165307340422,0.0,0.7725283469265958
2024-11-25,1.1338235275609434,0.228562862282631,0.0,0.771437137717369
2024-11-26,1.144701706518154,0.22639081370025793,0.0,0.7736091862997421
2024-11-27,1.1538801700133006,0.22459000294608722,0.0,0.7754099970539128
2024-11-28,1.1426620479636769,0.22679492264974277,0.0,0.7732050773502572
2024-11-29,1.1450416496105669,0.22632360217714065,0.0,0.7736763978228594
2024-12-02,1.1525203976436493,0.22485497984465708,0.0,0.7751450201553429
2024-12-03,1.1661181213401626,0.22223301914294102,0.0,0.777766980857059
2024-12-04,1.1613589180463828,0.22314372133866778,0.0,0.7768562786613322
2024-12-05,1.152860340736062,0.22478867701985517,0.0,0.7752113229801448
2024-12-06,1.165438235155337,0.2223626640738946,0.0,0.7776373359261054
2024-12-09,1.1525203976436493,0.22485497984465697,0.0,0.775145020155343
2024-12-10,1.173936812465658,0.22075289575289636,0.0,0.7792471042471036
2024-12-11,1.1817555035911531,0.21929235784830814,0.0,0.7807076421516919
2024-12-12,1.196033113472492,0.21667456181904365,0.0,0.7833254381809563
2024-12-13,1.1657781782477499,0.2222978227060658,0.0,0.7777021772939342
2024-12-16,1.1640784627856857,0.22262240825464863,0.0,0.7773775917453514
2024-12-17,1.1769963002973733,0.22017906999133585,0.0,0.7798209300086641
2024-12-18,1.1769963002973733,0.22017906999133585,0.0,0.7798209300086641
2024-12-19,1.169517552264291,0.22158705551787672,0.0,0.7784129444821233
2024-12-20,1.1640784627856857,0.22262240825464852,0.0,0.7773775917453515
2024-12-23,1.1766563572049604,0.22024268104776623,0.0,0.7797573189522338
2024-12-24,1.191953796363538,0.21741610419241408,0.0,0.7825838958075859
2024-12-25,1.1868546499773456,0.2183502004964678,0.0,0.7816497995035322
2024-12-26,1.1878744792545841,0.21816273967375788,0.0,0.7818372603262421
2024-12-27,1.1936535118256022,0.2171065122460607,0.0,0.7828934877539393
2024-12-30,1.1912739101787124,0.21754018833824817,0.0,0.7824598116617518
2024-12-31,1.1946733411028405,0.21692117992981153,0.0,0.7830788200701885
2025-01-02,1.1752965848353087,0.22049749325106083,0.0,0.7795025067489392
2025-01-03,1.1671379506174007,0.2220388349514566,0.0,0.7779611650485434
2025-01-06,1.1593192594919055,0.22353631121102557,0.0,0.7764636887889744
2025-01-07,1.1542201131057128,0.2245238562733166,0.0,0.7754761437266834
2025-01-08,1.1627186904160338,0.22288275996491602,0.0,0.777117240035084
2025-01-09,1.1565997147526028,0.224061918291369,0.0,0.775938081708631
2025-01-10,1.1433419341485023,0.22666005946481693,0.0,0.7733399405351831
2025-01-13,1.1409623325016123,0.22713278379183666,0.0,0.7728672162081633
2025-01-14,1.1470813081650435,0.2259211696137513,0.0,0.7740788303862487
2025-01-15,1.1413022755940252,0.22706513105639448,0.0,0.7729348689436055
2025-01-16,1.137222958485071,0.22787963332004835,0.0,0.7721203666799517
2025-01-17,1.139262617039548,0.227471653073404,0.0,0.772528346926596
2025-01-20,1.1209056900492549,0.2311969268095434,0.0,0.7688030731904566
2025-01-21,1.1137668851085853,0.2326788076101336,0.0,0.7673211923898664
2025-01-22,1.10832779562998,0.23382067273284968,0.0,0.7661793272671503
2025-01-23,1.1134269420161724,0.23274984734378212,0.0,0.7672501526562179
2025-01-24,1.1141068282009983,0.2326078112286416,0.0,0.7673921887713584
2025-01-27,1.1215855762340807,0.23105677914730283,0.0,0.7689432208526972
2025-02-05,1.0913306410093384,0.23746236112553254,0.0,0.7625376388744675
2025-02-06,1.0974496166727692,0.2361383582860096,0.0,0.7638616417139904
2025-02-07,1.1056082508906773,0.23439581838679957,0.0,0.7656041816132004
2025-02-10,1.0998292183196592,0.23562744694003745,0.0,0.7643725530599625
2025-02-11,1.0943901288410538,0.23679850900807664,0.0,0.7632014909919234
2025-02-12,1.1001691614120719,0.23555464002471982,0.0,0.7644453599752802
2025-02-13,1.1113872834616956,0.23317699836867922,0.0,0.7668230016313208
2025-02-14,1.1151266574782366,0.2323950818006305,0.0,0.7676049181993695
2025-02-17,1.1093476249072185,0.23360572012257452,0.0,0.7663942798774255
2025-02-18,1.1039085354286133,0.234756723465408,0.0,0.765243276534592
2025-02-19,1.1300841535444015,0.22931916173668954,0.0,0.7706808382633105
2025-02-20,1.1215855762340807,0.23105677914730294,0.0,0.7689432208526971
2025-02-21,1.1175062591251266,0.23190022307848357,0.0,0.7680997769215164
2025-02-24,1.1120671696465212,0.23303444059506873,0.0,0.7669655594049313
2025-02-25,1.1069680232603287,0.23410789231241724,0.0,0.7658921076875828
2025-02-26,1.1093476249072185,0.2336057201225744,0.0,0.7663942798774256
2025-02-27,1.133143641376117,0.22870000000000035,0.0,0.7712999999999997
2025-02-28,1.1355232430230067,0.2282207364534481,0.0,0.7717792635465519
2025-03-03,1.1239651778809703,0.23056759754007494,0.0,0.7694324024599251
2025-03-04,1.1198858607720161,0.23140746736820839,0.0,0.7685925326317916
2025-03-05,1.1205657469568417,0.23126706441500688,0.0,0.7687329355849931
2025-03-06,1.1266847226202727,0.23001106305943908,0.0,0.7699889369405609
2025-03-07,1.1192059745871903,0.23154804090310854,0.0,0.7684519590968915
2025-03-10,1.1073079663527412,0.2340360212853052,0.0,0.7659639787146948
2025-03-11,1.115806543663062,0.23225347821671594,0.0,0.7677465217832841
2025-03-12,1.1083277956299795,0.23382067273284957,0.0,0.7661793272671504
2025-03-13,1.1079878525375666,0.23389241153610163,0.0,0.7661075884638984
2025-03-14,1.1810756174063262,0.21941859349515513,0.0,0.7805814065048449
2025-03-17,1.1613589180463817,0.22314372133866744,0.0,0.7768562786613326
2025-03-18,1.152180454551235,0.22492132179386337,0.0,0.7750786782061366
2025-03-19,1.14674136507263,0.22598814229249042,0.0,0.7740118577075096
2025-03-20,1.1372229584850706,0.22787963332004813,0.0,0.7721203666799519
2025-03-21,1.1168263729403005,0.2320413961038964,0.0,0.7679586038961036
2025-03-24,1.1273646088050984,0.22987234897979725,0.0,0.7701276510202028
2025-03-25,1.1385827308547218,0.22760748407643328,0.0,0.7723925159235667
2025-03-26,1.1355232430230064,0.22822073645344787,0.0,0.7717792635465521
2025-03-27,1.1396025601319604,0.2274037983494086,0.0,0.7725962016505914
2025-03-28,1.1338235275609423,0.22856286228263067,0.0,0.7714371377173693
2025-03-31,1.1294042673595754,0.229457208789004,0.0,0.770542791210996
2025-04-01,1.1290643242671625,0.22952629466077912,0.0,0.7704737053392209
2025-04-02,1.121925519326493,0.23098676901323134,0.0,0.7690132309867687
2025-04-03,1.1358631861154191,0.228152434158021,0.0,0.771847565841979
2025-04-07,1.1141068282009978,0.23260781122864138,0.0,0.7673921887713586
2025-04-08,1.1494609098119328,0.22545347003154592,0.0,0.7745465299684541
2025-04-09,1.1742767555580698,0.22068898967480466,0.0,0.7793110103251953
2025-04-10,1.1790359588518495,0.21979817395482948,0.0,0.7802018260451705
2025-04-11,1.165778178247749,0.22229782270606535,0.0,0.7777021772939346
2025-04-14,1.167477893709813,0.22197418227700672,0.0,0.7780258177229933
2025-04-15,1.169857495356703,0.22152266563347556,0.0,0.7784773343665244
2025-04-16,1.1797158450366751,0.21967150129670554,0.0,0.7803284987032945
2025-04-17,1.1790359588518495,0.2197981739548296,0.0,0.7802018260451704
2025-04-18,1.1769963002973727,0.22017906999133552,0.0,0.7798209300086645
2025-04-21,1.1603390887691438,0.22333984375000016,0.0,0.7766601562499998
2025-04-22,1.1559198285677768,0.224193706499363,0.0,0.775806293500637
2025-04-23,1.1579594871222536,0.22379880614541547,0.0,0.7762011938545845
2025-04-24,1.1623787473236205,0.22294794306882426,0.0,0.7770520569311757
2025-04-25,1.156939657845015,0.22399608227228196,0.0,0.776003917727718
2025-04-28,1.1457215357953914,0.22618929878350302,0.0,0.773810701216497
2025-04-29,1.15150056836641,0.22505412320409368,0.0,0.7749458767959063
2025-04-30,1.1810840026692726,0.5,0.2806445424899291,0.5
2025-05-06,1.1799956466034145,0.5004611695259178,0.0,0.49953883047408226
2025-05-07,1.1776012632585264,0.5014787430683919,0.0,0.4985212569316081
2025-05-08,1.17673057840584,0.5018497965223826,0.0,0.4981502034776174
2025-05-09,1.1762952359794967,0.5020355292376018,0.0,0.4979644707623982
2025-05-12,1.1828253723746458,0.4992638940007361,0.0,0.5007361059992639
2025-05-13,1.1808663314561012,0.5000921658986175,0.0,0.49990783410138245
2025-05-14,1.185002084506362,0.49834680382072005,0.0,0.50165319617928
2025-05-15,1.1873964678512499,0.49734188817598524,0.0,0.5026581118240148
2025-05-16,1.1856550981458769,0.49807233339452905,0.0,0.501927666605471
2025-05-19,1.1847844132931904,0.4984383611978688,0.0,0.5015616388021312
2025-05-20,1.1978446860834882,0.49300381610030886,0.0,0.5069961838996911
2025-05-21,1.1939266042463987,0.4946216955332725,0.0,0.5053783044667275
2025-05-22,1.1969740012308014,0.4933624295326422,0.0,0.5066375704673578
2025-05-23,1.197844686083488,0.49300381610030886,0.0,0.5069961838996911
2025-05-26,1.201327425494234,0.4915745606088059,0.0,0.5084254393911941
2025-05-27,1.198497699723003,0.4927351979658553,0.0,0.5072648020341447
2025-05-28,1.2052455073313233,0.48997652158208405,0.0,0.510023478417916
2025-05-29,1.1941442754595701,0.49453153481589485,0.0,0.5054684651841052
2025-05-30,1.1917445591699594,0.5,0.004474885844748977,0.5
2025-06-03,1.1971380446839437,0.49774734186339886,0.0,0.5022526581366011
2025-06-04,1.1975695235250625,0.49756800576472715,0.0,0.5024319942352728
2025-06-05,1.1898029043849252,0.5008159564823209,0.0,0.49918404351767903
2025-06-06,1.1833307217681441,0.5035551504102097,0.0,0.4964448495897903
2025-06-09,1.186135334235416,0.5023644961804292,0.0,0.4976355038195707
2025-06-10,1.1811733275625504,0.504474885844749,0.0,0.4955251141552511
2025-06-11,1.1788001939363972,0.5054904831625183,0.0,0.4945095168374817
2025-06-12,1.174053926684091,0.5075339948548327,0.0,0.4924660051451672
2025-06-13,1.1697391382729037,0.5094061232017706,0.0,0.4905938767982294
2025-06-16,1.17103357479626,0.5088430361090641,0.0,0.4911569638909359
2025-06-17,1.1712493142168194,0.508749309265058,0.0,0.491250690734942
2025-06-18,1.1682289623289883,0.5100646352723914,0.0,0.4899353647276085
2025-06-19,1.1639141739178007,0.5119555143651529,0.0,0.4880444856348471
2025-06-20,1.168228962328988,0.5100646352723914,0.0,0.48993536472760857
2025-06-23,1.1608938220299696,0.5132874930310352,0.0,0.4867125069689649
2025-06-24,1.163051216235563,0.5123353737711,0.0,0.4876646262289
2025-06-25,1.1649928710205975,0.5114814814814814,0.0,0.4885185185185185
2025-06-26,1.1697391382729037,0.5094061232017706,0.0,0.4905938767982294
2025-06-27,1.168228962328988,0.5100646352723915,0.0,0.48993536472760846
2025-06-30,1.1673660046467507,0.5104416928479025,0.0,0.48955830715209747
2025-07-01,1.1630512162355633,0.5123353737711,0.0,0.4876646262288999
2025-07-02,1.1658558287028353,0.5111028867505553,0.0,0.48889711324944474
2025-07-03,1.1647771316000384,0.5115762178181146,0.0,0.4884237821818854
2025-07-04,1.1649928710205977,0.5114814814814816,0.0,0.48851851851851835
2025-07-07,1.1567947730393418,0.5151063036180532,0.0,0.48489369638194685
2025-07-08,1.1593836460860543,0.513956084852996,0.0,0.4860439151470039
2025-07-09,1.1634826950766823,0.5121453736324868,0.0,0.48785462636751326
2025-07-10,1.1628354768150042,0.5124304267161413,0.0,0.4875695732838588
2025-07-11,1.1634826950766821,0.5121453736324868,0.0,0.48785462636751326
2025-07-14,1.159383646086054,0.513956084852996,0.0,0.4860439151470039
2025-07-15,1.157010512459901,0.5150102554540371,0.0,0.4849897445459629
2025-07-16,1.1600308643477322,0.5136693323414547,0.0,0.4863306676585453
2025-07-17,1.1718965324784976,0.5084683357879238,0.0,0.4915316642120762
2025-07-18,1.1712493142168194,0.5087493092650583,0.0,0.49125069073494165
2025-07-21,1.1736224478429724,0.5077205882352944,0.0,0.4922794117647055
2025-07-22,1.1772900179924817,0.5061389041597952,0.0,0.4938610958402048
2025-07-23,1.1757798420485661,0.5067889908256884,0.0,0.49321100917431154
2025-07-24,1.1747011449457694,0.5072543617998168,0.0,0.49274563820018324
2025-07-25,1.166287307543954,0.5109137994820574,0.0,0.48908620051794266
2025-07-28,1.1643456527589195,0.5117657958124888,0.0,0.4882342041875112
2025-07-29,1.1600308643477322,0.5136693323414547,0.0,0.4863306676585452
2025-07-30,1.1673660046467509,0.510441692847903,0.0,0.4895583071520971
2025-07-31,1.1576577307215792,0.5147223257547526,0.0,0.48527767424524737
2025-08-01,1.1598151249271729,0.5137648809523815,0.0,0.4862351190476185
2025-08-04,1.1591679066654947,0.514051740182394,0.0,0.48594825981760603
2025-08-05,1.1606780826094105,0.5133828996282533,0.0,0.48661710037174666
2025-08-06,1.16089382202997,0.5132874930310357,0.0,0.4867125069689643
2025-08-07,1.16089382202997,0.5132874930310357,0.0,0.4867125069689643
2025-08-08,1.1555003365159857,0.5156833457804337,0.0,0.48431665421956627
2025-08-11,1.1608938220299698,0.5132874930310356,0.0,0.4867125069689644
2025-08-12,1.1589521672449354,0.514147431124349,0.0,0.48585256887565104
2025-08-13,1.1591679066654947,0.514051740182394,0.0,0.48594825981760603
2025-08-14,1.1533429423103918,0.516647961092406,0.0,0.483352038907594
2025-08-15,1.1524799846281544,0.5170348184200679,0.0,0.4829651815799321
2025-08-18,1.1533429423103918,0.516647961092406,0.0,0.483352038907594
2025-08-19,1.1535586817309513,0.5165513371984295,0.0,0.4834486628015705
2025-08-20,1.1587364278243761,0.5142431576987531,0.0,0.48575684230124694
2025-08-21,1.1624039979738856,0.5126206384558283,0.0,0.4873793615441718
2025-08-22,1.1634826950766826,0.512145373632487,0.0,0.4878546263675129
2025-08-25,1.1731909690018545,0.5079073188672311,0.0,0.49209268113276894
2025-08-26,1.1766427997308044,0.5064173083975068,0.0,0.4935826916024932
2025-08-27,1.1658558287028358,0.5111028867505556,0.0,0.48889711324944446
2025-08-28,1.1634826950766826,0.512145373632487,0.0,0.48785462636751303
2025-08-29,1.1810988974624579,0.75,0.2456172388604817,0.25
2025-09-01,1.1780525849045222,0.7519394163280384,0.0,0.24806058367196157
2025-09-02,1.1779437880274533,0.7520088667220837,0.0,0.24799113327791633
2025-09-03,1.174353491084172,0.754307948860478,0.0,0.24569205113952197
2025-09-04,1.176855819256762,0.7527040769159656,0.0,0.2472959230840344
2025-09-05,1.1770734130109002,0.7525649320639616,0.0,0.24743506793603845
2025-09-08,1.1773998036421076,0.7523563112178895,0.0,0.24764368878211054
2025-09-09,1.1809901005853887,0.7500690925840626,0.0,0.24993090741593738
2025-09-10,1.1796845380605592,0.7508991976390298,0.0,0.24910080236097024
2025-09-11,1.1827308506184946,0.7489651366019685,0.0,0.2510348633980315
2025-09-12,1.1778349911503838,0.7520783299464252,0.0,0.24792167005357477
2025-09-15,1.1776173973962456,0.7522172949002217,0.0,0.24778270509977832
2025-09-16,1.1760942411172777,0.7531914893617021,0.0,0.24680851063829792
2025-09-17,1.1760942411172777,0.7531914893617021,0.0,0.24680851063829792
2025-09-18,1.1727215379281346,0.755357639855274,0.0,0.24464236014472593
2025-09-19,1.172177553542789,0.7557081863746055,0.0,0.24429181362539454
2025-09-22,1.170654397263821,0.7566914498141263,0.0,0.2433085501858737
2025-09-23,1.168804850353646,0.7578888578609326,0.0,0.2421111421390674
2025-09-24,1.169131240984853,0.7576772752652149,0.0,0.24232272473478514
2025-09-25,1.1645617721479498,0.7606502242152465,0.0,0.2393497757847535
2025-09-26,1.1676080847058852,0.7586656727543792,0.0,0.24133432724562073
2025-09-29,1.1668465065664013,0.759160839160839,0.0,0.240839160839161
2025-09-30,1.1678256784600236,0.7585243152599216,0.0,0.24147568474007844
2025-10-09,1.1714159754033049,0.7561994984675395,0.0,0.24380050153246047
2025-10-10,1.1727215379281344,0.7553576398552739,0.0,0.24464236014472604
2025-10-13,1.170654397263821,0.7566914498141262,0.0,0.24330855018587377
2025-10-14,1.1720687566657197,0.755778334725703,0.0,0.24422166527429698
2025-10-15,1.1716335691574433,0.7560590584083944,0.0,0.24394094159160568
2025-10-16,1.1732655223134805,0.755007418397626,0.0,0.24499258160237403
2025-10-17,1.168587256599508,0.7580299785867237,0.0,0.24197002141327634
2025-10-20,1.1697840222472684,0.7572544642857142,0.0,0.24274553571428584
2025-10-21,1.1691312409848535,0.7576772752652149,0.0,0.24232272473478514
2025-10-22,1.1674992878288166,0.7587363712608329,0.0,0.24126362873916704
2025-10-23,1.1686960534765771,0.7579594116551851,0.0,0.24204058834481487
2025-10-24,1.1678256784600243,0.7585243152599216,0.0,0.2414756847400784
2025-10-27,1.1691312409848538,0.7576772752652148,0.0,0.24232272473478517
2025-10-28,1.167716881582955,0.7585949874219695,0.0,0.24140501257803051
2025-10-29,1.1667377096893328,0.75923162998881,0.0,0.24076837001119
2025-10-30,1.168587256599508,0.7580299785867236,0.0,0.2419700214132764
2025-10-31,1.1691312409848535,0.7576772752652148,0.0,0.24232272473478525
2025-11-03,1.16956642849313,0.757395348837209,0.0,0.24260465116279095
2025-11-04,1.1656497409186413,0.759940265073735,0.0,0.24005973492626495
2025-11-05,1.1674992878288164,0.7587363712608328,0.0,0.24126362873916715
2025-11-06,1.167172897197609,0.7589485458612972,0.0,0.24105145413870271
2025-11-07,1.1679344753370928,0.758453656264555,0.0,0.24154634373544503
2025-11-10,1.1780525849045216,0.7519394163280382,0.0,0.24806058367196185
2025-11-11,1.1789229599210747,0.7513842746400883,0.0,0.2486157253599117
2025-11-12,1.1802285224459041,0.7505530973451324,0.0,0.24944690265486752
2025-11-13,1.1812076943395262,0.7499309201436858,0.0,0.2500690798563142
2025-11-14,1.1789229599210747,0.7513842746400883,0.0,0.24861572535991172
2025-11-17,1.1810988974624572,0.7499999999999997,0.0,0.25000000000000033
2025-11-18,1.190999413275748,0.7437654151822414,0.0,0.2562345848177586
2025-11-19,1.1915433976610936,0.7434258582907228,0.0,0.25657414170927717
2025-11-20,1.1896938507509185,0.7445816186556924,0.0,0.25541838134430755
2025-11-21,1.1866475381929829,0.746493077839919,0.0,0.25350692216008097
2025-11-24,1.1846891944057385,0.7477270640095506,0.0,0.25227293599044937
2025-11-25,1.1871915225783285,0.7461510263929616,0.0,0.2538489736070384
2025-11-26,1.1874091163324667,0.7460142935678942,0.0,0.25398570643210583
2025-11-27,1.1861035538076372,0.7468354430379744,0.0,0.2531645569620256
2025-11-28,1.1894699739771293,0.75,0.005282173236989263,0.25
2025-12-01,1.1900026996910207,0.7496642492613483,0.0,0.25033575073865166
2025-12-02,1.1892568836915725,0.7501343845189035,0.0,0.2498656154810966
2025-12-03,1.188404522549346,0.7506724045185583,0.0,0.24932759548144165
2025-12-04,1.1855278036943315,0.752493933674845,0.0,0.24750606632515504
2025-12-05,1.1848885328376617,0.7528999190720259,0.0,0.24710008092797411
2025-12-08,1.1840361716954353,0.7534419148744713,0.0,0.24655808512552865
2025-12-09,1.1831838105532086,0.7539846915803692,0.0,0.24601530841963082
2025-12-10,1.1811594528404206,0.7552769258524265,0.0,0.24472307414757352
2025-12-11,1.1794547305559675,0.7563685636856369,0.0,0.24363143631436313
2025-12-12,1.1826510848393168,0.7543243243243243,0.0,0.2456756756756757
2025-12-15,1.1839296265526567,0.7535097192224621,0.0,0.24649028077753787
2025-12-16,1.1852081682659965,0.7526968716289104,0.0,0.24730312837108964
2025-12-17,1.189043793406016,0.7502688172043009,0.0,0.24973118279569903
2025-12-18,1.1903223351193557,0.7494629430719655,0.0,0.25053705692803446
2025-12-19,1.1924532379749222,0.7481236597569692,0.0,0.2518763402430308
2025-12-22,1.1916008768326956,0.7486587982832618,0.0,0.2513412017167383
2025-12-23,1.1898961545482425,0.7497313753581661,0.0,0.25026862464183386
2025-12-24,1.1893634288343509,0.7500671862402579,0.0,0.24993281375974205
2025-12-25,1.1926663282604788,0.7479899946399857,0.0,0.25201000536001433
2025-12-26,1.1916008768326956,0.7486587982832618,0.0,0.2513412017167383
2025-12-29,1.1892568836915727,0.7501343845189034,0.0,0.24986561548109668
2025-12-30,1.1874456162643412,0.7512786002691789,0.0,0.24872139973082108
2025-12-31,1.1864867099793364,0.7518857758620688,0.0,0.24811422413793113
2026-01-05,1.1865932551221148,0.7518182634461703,0.0,0.24818173655382966
2026-01-06,1.186699800264893,0.7517507631531692,0.0,0.24824923684683076
2026-01-07,1.184675442552105,0.7530353449051173,0.0,0.24696465509488272
2026-01-08,1.1727423865609337,0.760697737803216,0.0,0.23930226219678394
2026-01-09,1.1770041922720664,0.7579433330315923,0.0,0.24205666696840772
2026-01-12,1.1776434631287365,0.7575318917940831,0.0,0.24246810820591694
2026-01-13,1.1755125602731702,0.7589051028731986,0.0,0.24109489712680138
2026-01-14,1.1741274734170521,0.7598003629764066,0.0,0.2401996370235934
2026-01-15,1.172316205989821,0.7609742797418886,0.0,0.23902572025811136
2026-01-16,1.1697591225631412,0.762637763002095,0.0,0.237362236997905
2026-01-19,1.1709311191337028,0.7618744313011829,0.0,0.23812556869881704
2026-01-20,1.1718900254187077,0.7612510228202565,0.0,0.23874897717974355
2026-01-21,1.1683740357070231,0.7635418566478206,0.0,0.23645814335217938
2026-01-22,1.1680544002786881,0.7637507981391956,0.0,0.23624920186080442
2026-01-23,1.1681609454214665,0.7636811382707042,0.0,0.2363188617292958
2026-01-26,1.1667758585653483,0.7645877088850334,0.0,0.23541229111496662
2026-01-27,1.1635795042819987,0.7666880322314806,0.0,0.23331196776851934
2026-01-28,1.1611289659980975,0.7683061112130667,0.0,0.23169388878693334
2026-01-29,1.1682674905642445,0.7636114911080711,0.0,0.23638850889192883
2026-01-30,1.1632598688536635,0.7668986993954937,0.0,0.2331013006045063
2026-02-02,1.1643253202814468,0.7661969253294291,0.0,0.23380307467057096
2026-02-03,1.1659234974231214,0.7651466691035366,0.0,0.23485333089646346
2026-02-04,1.1700787579914758,0.7624294299763249,0.0,0.23757057002367507
2026-02-05,1.1722096608470423,0.7610434466460645,0.0,0.23895655335393556
2026-02-06,1.1708245739909242,0.761943761943762,0.0,0.238056238056238
2026-02-09,1.1708245739909242,0.761943761943762,0.0,0.238056238056238
2026-02-10,1.167415129422018,0.764169024367984,0.0,0.235830975632016
2026-02-11,1.168693671135358,0.7633330294466223,0.0,0.23666697055337765
2026-02-12,1.1660300425659,0.7650767543859649,0.0,0.23492324561403505
2026-02-13,1.1646449557097818,0.765986643490989,0.0,0.23401335650901103
2026-02-24,1.1635795042819987,0.7666880322314806,0.0,0.23331196776851934
2026-02-25,1.1628336882825505,0.7671797691039033,0.0,0.2328202308960967
2026-02-26,1.1609158757125408,0.7684471365638768,0.0,0.2315528634361233
2026-02-27,1.1605962402842058,0.7686587716882403,0.0,0.2313412283117598
2026-03-02,1.1597438791419794,0.7692237023426735,0.0,0.23077629765732655
2026-03-03,1.1589980631425312,0.769718698290127,0.0,0.2302813017098731
2026-03-04,1.1558017088591817,0.7718473451327434,0.0,0.2281526548672566
2026-03-05,1.1563344345730733,0.7714917534322308,0.0,0.22850824656776925
2026-03-06,1.161874781997546,0.7678129298486933,0.0,0.23218707015130668
2026-03-09,1.1626205979969941,0.7673203812316716,0.0,0.23267961876832843
2026-03-10,1.163899139710334,0.7664774807762724,0.0,0.23352251922372752
2026-03-11,1.164218775138669,0.7662670449345659,0.0,0.23373295506543418
2026-03-12,1.1669889488509053,0.764448096411942,0.0,0.23555190358805803
2026-03-13,1.1669889488509053,0.764448096411942,0.0,0.23555190358805803
2026-03-16,1.1683740357070234,0.7635418566478206,0.0,0.2364581433521794
2026-03-17,1.1686936711353584,0.7633330294466223,0.0,0.23666697055337765
2026-03-18,1.1667758585653487,0.7645877088850334,0.0,0.23541229111496662
2026-03-19,1.164218775138669,0.7662670449345658,0.0,0.2337329550654342
2026-03-20,1.1637925945675558,0.7665476517440264,0.0,0.2334523482559736
2026-03-23,1.1545231671458422,0.772702104097453,0.0,0.22729789590254704
2026-03-24,1.1566540700014085,0.7712785556374355,0.0,0.22872144436256447
2026-03-25,1.1584653374286398,0.7700726570403752,0.0,0.2299273429596248
2026-03-26,1.159211153428088,0.7695772058823529,0.0,0.23042279411764707
2026-03-27,1.1613420562836545,0.7681651376146789,0.0,0.2318348623853211
2026-03-30,1.1638991397103342,0.7664774807762724,0.0,0.23352251922372763
2026-03-31,1.1633664139964426,0.7668284641450682,0.0,0.23317153585493183
2026-04-01,1.163153323710886,0.766968947513053,0.0,0.233031052486947
2026-04-02,1.164112229995891,0.7663371773750687,0.0,0.23366282262493138
2026-04-03,1.1629402334253296,0.7671094823637197,0.0,0.23289051763628035
2026-04-07,1.1631533237108862,0.766968947513053,0.0,0.233031052486947
2026-04-08,1.1642187751386694,0.7662670449345658,0.0,0.23373295506543423
2026-04-09,1.1609158757125417,0.7684471365638766,0.0,0.23155286343612333
2026-04-10,1.1611289659980983,0.7683061112130666,0.0,0.2316938887869334
2026-04-13,1.1593176985708669,0.7695064791838986,0.0,0.23049352081610147
2026-04-14,1.1596373339992019,0.7692943770672547,0.0,0.2307056229327453
2026-04-15,1.1565475248586308,0.7713496084753569,0.0,0.22865039152464303
2026-04-16,1.155588618573626,0.7719896736123917,0.0,0.22801032638760832
2026-04-17,1.1534577157180597,0.7734158507297247,0.0,0.22658414927027526
2026-04-20,1.1547362574313993,0.7725595128252445,0.0,0.2274404871747555
2026-04-21,1.1551624380025125,0.7722744881018262,0.0,0.2277255118981738
2026-04-22,1.1523922642902762,0.7741309171597632,0.0,0.2258690828402367
2026-04-23,1.1521791740047196,0.7742740891437025,0.0,0.22572591085629742
2026-04-24,1.151966083719163,0.7744173140954494,0.0,0.22558268590455055
2026-04-27,1.151966083719163,0.7744173140954494,0.0,0.22558268590455055
2026-04-28,1.1545231671458427,0.7727021040974529,0.0,0.2272978959025471
2026-04-29,1.1656038619947877,0.7653564899451554,0.0,0.23464351005484463
2026-04-30,1.174766744273723,0.7593869036822057,0.0,0.2406130963177943
2026-05-06,1.1746601991309447,0.7594557823129252,0.0,0.2405442176870748
2026-05-07,1.175512560273171,0.7589051028731986,0.0,0.24109489712680138
2026-05-08,1.1754060151303927,0.7589738941261784,0.0,0.24102610587382156
2026-05-11,1.180946362554865,0.7554132082280766,0.0,0.24458679177192344
2026-05-12,1.1804136368409734,0.7557541294340645,0.0,0.2442458705659355
2026-05-13,1.179241640270412,0.7565052403324901,0.0,0.24349475966750986
2026-05-14,1.1780696436998506,0.757257845708601,0.0,0.24274215429139903
2026-05-15,1.176258376272619,0.7584239130434783,0.0,0.24157608695652166
2026-05-18,1.1730620219892696,0.7604904632152589,0.0,0.23950953678474107
2026-05-19,1.1724227511325997,0.7609051254089423,0.0,0.2390948745910577
2026-05-20,1.1712507545620383,0.7616665150550351,0.0,0.23833348494496487
2026-05-21,1.1675216745647972,0.7640992881912758,0.0,0.23590071180872413
2026-05-22,1.161768236854768,0.767883345561262,0.0,0.23211665443873797
2026-05-25,1.1625140528542162,0.7673907066263406,0.0,0.2326092933736595
2026-05-26,1.1657104071375657,0.7652865368796271,0.0,0.23471346312037283
2026-05-27,1.166136587708679,0.7650068524440384,0.0,0.23499314755596154
2026-05-28,1.1597438791419798,0.7692237023426735,0.0,0.23077629765732652
2026-05-29,1.16922639684925,0.7629852378348825,0.0,0.23701476216511747
2026-06-01,1.1700787579914766,0.762429429976325,0.0,0.23757057002367502
2026-06-02,1.1685871259925802,0.7634026258205691,0.0,0.236597374179431
2026-06-03,1.1670954939936837,0.7643783092934089,0.0,0.2356216907065911
2026-06-04,1.165497316852009,0.7654264558003474,0.0,0.23457354419965257
2026-06-05,1.1656038619947873,0.7653564899451554,0.0,0.2346435100548446
2026-06-08,1.1624075077114377,0.767461044912924,0.0,0.23253895508707606
2026-06-09,1.1597438791419798,0.7692237023426733,0.0,0.2307762976573266
2026-06-10,1.1646449557097824,0.765986643490989,0.0,0.23401335650901106
2026-06-11,1.1649645911381175,0.7657764770440827,0.0,0.23422352295591733
2026-06-12,1.1660300425659007,0.7650767543859649,0.0,0.2349232456140351
2026-06-15,1.1628336882825512,0.7671797691039033,0.0,0.23282023089609677
2026-06-16,1.156334434573074,0.7714917534322308,0.0,0.22850824656776927
2026-06-17,1.154949347716956,0.7724169741697418,0.0,0.2275830258302583
2026-06-18,1.150580996863045,0.7753495694045744,0.0,0.2246504305954255
2026-06-22,1.1545231671458427,0.7727021040974529,0.0,0.22729789590254706
2026-06-23,1.1527118997186114,0.7739162584342361,0.0,0.22608374156576394
2026-06-24,1.1520726288619414,0.7743456949967631,0.0,0.22565430500323685
2026-06-25,1.154310076860286,0.7728447480155067,0.0,0.22715525198449332
2026-06-26,1.1506875420058233,0.7752777777777777,0.0,0.2247222222222223
2026-06-29,1.153990441431951,0.7730588126673437,0.0,0.22694118733265634
2026-06-30,1.1473846425796954,0.7775095180611012,0.0,0.22249048193889878
2026-07-01,1.1511137225769366,0.7749907441688263,0.0,0.22500925583117368
2026-07-02,1.152605354575833,0.773987798114254,0.0,0.22601220188574603
2026-07-03,1.1542035317175077,0.7729160897258376,0.0,0.2270839102741624
2026-07-06,1.1592111534280887,0.7695772058823529,0.0,0.23042279411764713
2026-07-07,1.1592111534280887,0.7695772058823529,0.0,0.23042279411764713
2026-07-08,1.1608093305697635,0.7685176686553464,0.0,0.2314823313446536
2026-07-09,1.1568671602869658,0.7711364892245348,0.0,0.2288635107754652
2026-07-10,1.1571867957153008,0.7709234877083141,0.0,0.22907651229168594
2026-07-13,1.1587849728569755,0.7698602427362999,0.0,0.2301397572637
2026-07-14,1.1614486014264336,0.7680946702137418,0.0,0.23190532978625825
2026-07-15,1.1683740357070242,0.7635418566478205,0.0,0.23645814335217952
2026-07-16,1.1694394871348075,0.7628462099125364,0.0,0.2371537900874636
2026-07-17,1.1702918482770341,0.7622906045156591,0.0,0.2377093954843409
2026-07-20,1.1797743659843043,0.7561636412896233,0.0,0.24383635871037662
2026-07-21,1.1805201819837525,0.7556859205776173,0.0,0.2443140794223827
2026-07-22,1.1838230814098805,0.7535775357753578,0.0,0.24642246422464226
2026-07-23,1.1822249042682058,0.7545962509012256,0.0,0.24540374909877435
2026-07-24,1.1802005465554177,0.755890584093166,0.0,0.244109415906834
2026-07-27,1.1697591225631425,0.7626377630020948,0.0,0.2373622369979051
2026-07-28,1.175299469987615,0.7590426978515094,0.0,0.24095730214849062
2026-07-29,1.183077265410432,0.7540525936599424,0.0,0.24594740634005763
2026-07-30,1.187125980836008,0.7514808831448573,0.0,0.2485191168551427
2026-07-31,1.1808398174120873,0.7554813678606875,0.0,0.24451863213931244
2026-08-03,1.181052907697644,0.7553450608930987,0.0,0.24465493910690123
2026-08-04,1.1730620219892702,0.7604904632152588,0.0,0.23950953678474118
2026-08-05,1.1730620219892702,0.7604904632152588,0.0,0.23950953678474118
2026-08-06,1.1725292962753786,0.7608359836437982,0.0,0.23916401635620174
2026-08-07,1.1713572997048172,0.7615972348553757,0.0,0.23840276514462436
2026-08-10,1.1718900254187088,0.7612510228202564,0.0,0.23874897717974367
2026-08-11,1.1701853031342557,0.7623600109259765,0.0,0.23763998907402356
2026-08-12,1.1681609454214676,0.763681138270704,0.0,0.23631886172929595
2026-08-13,1.167947855135911,0.7638204707170224,0.0,0.2361795292829776
2026-08-14,1.163899139710335,0.7664774807762723,0.0,0.23352251922372766
2026-08-17,1.1609158757125422,0.7684471365638765,0.0,0.23155286343612344
2026-08-18,1.1600635145703155,0.7690117560617192,0.0,0.23098824393828077
2026-08-19,1.1609158757125422,0.7684471365638765,0.0,0.2315528634361234
2026-08-20,1.1640056848531135,0.7664073226544622,0.0,0.2335926773455378
2026-08-21,1.1627271431397737,0.7672500687253734,0.0,0.23274993127462662
2026-08-24,1.1674151294220196,0.764169024367984,0.0,0.23583097563201608
