,TRUE_BUYHOLD_single_600089
2018-01-01,1.0
2018-01-02,0.999
2018-01-03,1.010297253634895
2018-01-04,1.010297253634895
2018-01-05,0.9973861066235864
2018-01-08,1.0183667205169626
2018-01-09,1.0054555735056543
2018-01-10,0.987702746365105
2018-01-11,0.9893166397415185
2018-01-12,0.9844749596122777
2018-01-15,0.9602665589660744
2018-01-16,0.9667221324717286
2018-01-17,0.9780193861066234
2018-01-18,0.9780193861066234
2018-01-19,1.0054555735056543
2018-01-22,1.0086833602584813
2018-01-23,1.0054555735056543
2018-01-24,1.0183667205169626
2018-01-25,1.0038416801292407
2018-01-26,1.002227786752827
2018-01-29,0.9860888529886915
2018-01-30,0.9747915993537963
2018-01-31,0.9747915993537963
2018-02-01,0.9489693053311792
2018-02-02,0.9554248788368336
2018-02-05,0.9521970920840065
2018-02-06,0.8989386106623587
2018-02-07,0.8957108239095314
2018-02-08,0.9005525040387722
2018-02-09,0.8553634894991922
2018-02-12,0.8634329563812599
2018-02-13,0.8618190630048465
2018-02-14,0.8682746365105007
2018-02-22,0.8827996768982229
2018-02-23,0.8844135702746365
2018-02-26,0.9021663974151857
2018-02-27,0.8940969305331179
2018-02-28,0.8957108239095314
2018-03-01,0.9053941841680129
2018-03-02,0.897324717285945
2018-03-05,0.8989386106623587
2018-03-06,0.9102358642972536
2018-03-07,0.8957108239095314
2018-03-08,0.9021663974151857
2018-03-09,0.9070080775444264
2018-03-12,0.9150775444264942
2018-03-13,0.9086219709208401
2018-03-14,0.9037802907915993
2018-03-15,0.9005525040387722
2018-03-16,0.8924830371567044
2018-03-19,0.88602746365105
2018-03-20,0.8892552504038771
2018-03-21,0.8940969305331179
2018-03-22,0.8989386106623587
2018-03-23,0.8682746365105007
2018-03-26,0.8698885298869142
2018-03-27,0.8763441033925686
2018-03-28,0.8682746365105007
2018-03-29,0.8763441033925686
2018-03-30,0.8763441033925686
2018-04-02,0.8795718901453957
2018-04-03,0.8682746365105007
2018-04-04,0.8666607431340873
2018-04-09,0.8602051696284329
2018-04-10,0.8715024232633279
2018-04-11,0.8698885298869142
2018-04-12,0.8618190630048465
2018-04-13,0.8618190630048465
2018-04-16,0.8618190630048465
2018-04-17,0.8440662358642972
2018-04-18,0.8327689822294022
2018-04-19,0.8359967689822293
2018-04-20,0.8085605815831987
2018-04-23,0.7972633279483037
2018-04-24,0.8117883683360259
2018-04-25,0.8085605815831987
2018-04-26,0.7956494345718901
2018-04-27,0.7891938610662358
2018-05-02,0.7859660743134087
2018-05-03,0.7988772213247173
2018-05-04,0.7972633279483037
2018-05-07,0.8069466882067851
2018-05-08,0.8101744749596121
2018-05-09,0.8117883683360259
2018-05-10,0.8117883683360259
2018-05-11,0.8069466882067851
2018-05-14,0.8037189014539581
2018-05-15,0.8117883683360259
2018-05-16,0.8166300484652664
2018-05-17,0.8134022617124395
2018-05-18,0.81824394184168
2018-05-21,0.8263134087237479
2018-05-22,0.8214717285945072
2018-05-23,0.8134022617124395
2018-05-24,0.8069466882067851
2018-05-25,0.7988772213247173
2018-05-28,0.7972633279483037
2018-05-29,0.7956494345718901
2018-05-30,0.7649854604200322
2018-05-31,0.7778966074313409
2018-06-01,0.7698271405492729
2018-06-04,0.7310936995153473
2018-06-05,0.7423909531502423
2018-06-06,0.735935379644588
2018-06-07,0.7310936995153473
2018-06-08,0.7133408723747979
2018-06-11,0.7181825525040387
2018-06-12,0.7214103392568658
2018-06-13,0.7262520193861066
2018-06-14,0.7262520193861066
2018-06-15,0.7181825525040387
2018-06-19,0.668151857835218
2018-06-20,0.6729935379644588
2018-06-21,0.6600823909531501
2018-06-22,0.6665379644588044
2018-06-25,0.6697657512116316
2018-06-26,0.6713796445880452
2018-06-27,0.6713796445880452
2018-06-28,0.6762213247172859
2018-06-29,0.6891324717285944
2018-07-02,0.6826768982229403
2018-07-03,0.6923602584814216
2018-07-04,0.6875185783521808
2018-07-05,0.668151857835218
2018-07-06,0.668151857835218
2018-07-09,0.6810630048465266
2018-07-10,0.6859046849757673
2018-07-11,0.668151857835218
2018-07-12,0.6875185783521808
2018-07-13,0.6875185783521808
2018-07-16,0.6842907915993538
2018-07-17,0.6826768982229403
2018-07-18,0.6826768982229403
2018-07-19,0.679449111470113
2018-07-20,0.6842907915993538
2018-07-23,0.698815831987076
2018-07-24,0.7181825525040387
2018-07-25,0.7149547657512115
2018-07-26,0.7181825525040387
2018-07-27,0.7068852988691438
2018-07-30,0.7068852988691438
2018-07-31,0.7084991922455572
2018-08-01,0.6923602584814216
2018-08-02,0.6842907915993538
2018-08-03,0.679449111470113
2018-08-06,0.668151857835218
2018-08-07,0.6939741518578352
2018-08-08,0.6939741518578352
2018-08-09,0.7036575121163167
2018-08-10,0.7036575121163167
2018-08-13,0.698815831987076
2018-08-14,0.6939741518578352
2018-08-15,0.679449111470113
2018-08-16,0.6746074313408723
2018-08-17,0.668151857835218
2018-08-20,0.6713796445880452
2018-08-21,0.6746074313408723
2018-08-22,0.668151857835218
2018-08-23,0.6713796445880452
2018-08-24,0.6713796445880452
2018-08-27,0.679449111470113
2018-08-28,0.6939741518578352
2018-08-29,0.7004297253634895
2018-08-30,0.698815831987076
2018-08-31,0.6907463651050081
2018-09-03,0.7036575121163167
2018-09-04,0.7084991922455572
2018-09-05,0.6955880452342487
2018-09-06,0.6923602584814216
2018-09-07,0.6859046849757673
2018-09-10,0.7004297253634895
2018-09-11,0.7149547657512115
2018-09-12,0.7052714054927302
2018-09-13,0.6972019386106624
2018-09-14,0.6955880452342487
2018-09-17,0.7052714054927302
2018-09-18,0.7197964458804523
2018-09-19,0.7181825525040387
2018-09-20,0.7117269789983844
2018-09-21,0.7262520193861066
2018-09-25,0.7327075928917609
2018-09-26,0.735935379644588
2018-09-27,0.7294798061389336
2018-09-28,0.735935379644588
2018-10-08,0.7133408723747979
2018-10-09,0.7149547657512115
2018-10-10,0.7197964458804523
2018-10-11,0.6713796445880452
2018-10-12,0.6713796445880452
2018-10-15,0.6536268174474958
2018-10-16,0.6503990306946688
2018-10-17,0.668151857835218
2018-10-18,0.6633101777059774
2018-10-19,0.679449111470113
2018-10-22,0.7068852988691438
2018-10-23,0.698815831987076
2018-10-24,0.698815831987076
2018-10-25,0.6972019386106624
2018-10-26,0.702043618739903
2018-10-29,0.6939741518578352
2018-10-30,0.7036575121163167
2018-10-31,0.7133408723747979
2018-11-01,0.710113085621971
2018-11-02,0.7230242326332795
2018-11-05,0.735935379644588
2018-11-06,0.7230242326332795
2018-11-07,0.7149547657512115
2018-11-08,0.7084991922455572
2018-11-09,0.7068852988691438
2018-11-12,0.7294798061389336
2018-11-13,0.7294798061389336
2018-11-14,0.7246381260096931
2018-11-15,0.735935379644588
2018-11-16,0.7327075928917609
2018-11-19,0.7407770597738287
2018-11-20,0.7197964458804523
2018-11-21,0.7165686591276252
2018-11-22,0.7133408723747979
2018-11-23,0.6875185783521808
2018-11-26,0.6891324717285944
2018-11-27,0.6907463651050081
2018-11-28,0.702043618739903
2018-11-29,0.6972019386106624
2018-11-30,0.702043618739903
2018-12-03,0.7181825525040387
2018-12-04,0.7214103392568658
2018-12-05,0.7181825525040387
2018-12-06,0.7197964458804523
2018-12-07,0.7214103392568658
2018-12-10,0.7117269789983844
2018-12-11,0.7149547657512115
2018-12-12,0.7197964458804523
2018-12-13,0.7262520193861066
2018-12-14,0.7117269789983844
2018-12-17,0.7133408723747979
2018-12-18,0.7036575121163167
2018-12-19,0.698815831987076
2018-12-20,0.7004297253634895
2018-12-21,0.6939741518578352
2018-12-24,0.702043618739903
2018-12-25,0.6923602584814216
2018-12-26,0.7068852988691438
2018-12-27,0.702043618739903
2018-12-28,0.6955880452342487
2019-01-02,0.710113085621971
2019-01-03,0.710113085621971
2019-01-04,0.747232633279483
2019-01-07,0.7633715670436187
2019-01-08,0.7520743134087238
2019-01-09,0.7488465266558965
2019-01-10,0.7520743134087238
2019-01-11,0.7585298869143781
2019-01-14,0.7520743134087238
2019-01-15,0.7585298869143781
2019-01-16,0.747232633279483
2019-01-17,0.7343214862681744
2019-01-18,0.7407770597738287
2019-01-21,0.7407770597738287
2019-01-22,0.7375492730210016
2019-01-23,0.7407770597738287
2019-01-24,0.7423909531502423
2019-01-25,0.7440048465266559
2019-01-28,0.7375492730210016
2019-01-29,0.7294798061389336
2019-01-30,0.7294798061389336
2019-01-31,0.7197964458804523
2019-02-01,0.7407770597738287
2019-02-11,0.7520743134087238
2019-02-12,0.7553021001615507
2019-02-13,0.7746688206785136
2019-02-14,0.7730549273021001
2019-02-15,0.7682132471728593
2019-02-18,0.7940355411954765
2019-02-19,0.7891938610662358
2019-02-20,0.7843521809369952
2019-02-21,0.7746688206785136
2019-02-22,0.792421647819063
2019-02-25,0.829541195476575
2019-02-26,0.8230856219709207
2019-02-27,0.8134022617124395
2019-02-28,0.815016155088853
2019-03-01,0.8134022617124395
2019-03-04,0.8166300484652664
2019-03-05,0.8311550888529887
2019-03-06,0.8343828756058158
2019-03-07,0.8359967689822293
2019-03-08,0.7972633279483037
2019-03-11,0.8779579967689822
2019-03-12,0.8924830371567044
2019-03-13,0.8618190630048465
2019-03-14,0.8392245557350565
2019-03-15,0.8537495961227786
2019-03-18,0.8666607431340873
2019-03-19,0.8698885298869142
2019-03-20,0.88602746365105
2019-03-21,0.8811857835218092
2019-03-22,0.874730210016155
2019-03-25,0.8569773828756058
2019-03-26,0.8327689822294022
2019-03-27,0.8359967689822293
2019-03-28,0.8214717285945072
2019-03-29,0.8489079159935379
2019-04-01,0.8715024232633279
2019-04-02,0.8715024232633279
2019-04-03,0.8811857835218092
2019-04-04,0.8779579967689822
2019-04-08,0.8763441033925686
2019-04-09,0.8763441033925686
2019-04-10,0.8731163166397415
2019-04-11,0.8957108239095314
2019-04-12,0.88602746365105
2019-04-15,0.874730210016155
2019-04-16,0.8585912762520194
2019-04-17,0.8618190630048465
2019-04-18,0.8505218093699515
2019-04-19,0.8569773828756058
2019-04-22,0.8505218093699515
2019-04-23,0.8424523424878836
2019-04-24,0.8472940226171244
2019-04-25,0.8198578352180936
2019-04-26,0.8004911147011308
2019-04-29,0.7859660743134087
2019-04-30,0.792421647819063
2019-05-06,0.7375492730210016
2019-05-07,0.747232633279483
2019-05-08,0.7375492730210016
2019-05-09,0.7343214862681744
2019-05-10,0.7504604200323102
2019-05-13,0.7407770597738287
2019-05-14,0.7327075928917609
2019-05-15,0.7440048465266559
2019-05-16,0.7536882067851373
2019-05-17,0.7310936995153473
2019-05-20,0.7327075928917609
2019-05-21,0.7407770597738287
2019-05-22,0.7343214862681744
2019-05-23,0.7262520193861066
2019-05-24,0.7246381260096931
2019-05-27,0.7375492730210016
2019-05-28,0.735935379644588
2019-05-29,0.735935379644588
2019-05-30,0.7343214862681744
2019-05-31,0.735935379644588
2019-06-03,0.7343214862681744
2019-06-04,0.7294798061389336
2019-06-05,0.7294798061389336
2019-06-06,0.7133408723747979
2019-06-10,0.7214103392568658
2019-06-11,0.7407770597738287
2019-06-12,0.735935379644588
2019-06-13,0.7343214862681744
2019-06-14,0.7278659127625201
2019-06-17,0.7262520193861066
2019-06-18,0.7262520193861066
2019-06-19,0.7327075928917609
2019-06-20,0.747232633279483
2019-06-21,0.7520743134087238
2019-06-24,0.7488465266558965
2019-06-25,0.7423909531502423
2019-06-26,0.7407770597738287
2019-06-27,0.7440048465266559
2019-06-28,0.7440048465266559
2019-07-01,0.7553021001615507
2019-07-02,0.7520743134087238
2019-07-03,0.7488465266558965
2019-07-04,0.7488465266558965
2019-07-05,0.7488465266558965
2019-07-08,0.7278659127625201
2019-07-09,0.7278659127625201
2019-07-10,0.7278659127625201
2019-07-11,0.7262520193861066
2019-07-12,0.7278659127625201
2019-07-15,0.7310936995153473
2019-07-16,0.7327075928917609
2019-07-17,0.7343214862681744
2019-07-18,0.7278659127625201
2019-07-19,0.7327075928917609
2019-07-22,0.7246381260096931
2019-07-23,0.7278659127625201
2019-07-24,0.7327075928917609
2019-07-25,0.7343214862681744
2019-07-26,0.7375492730210016
2019-07-29,0.7375492730210016
2019-07-30,0.7407770597738287
2019-07-31,0.747232633279483
2019-08-01,0.7407770597738287
2019-08-02,0.7310936995153473
2019-08-05,0.7197964458804523
2019-08-06,0.6955880452342487
2019-08-07,0.6955880452342487
2019-08-08,0.698815831987076
2019-08-09,0.6923602584814216
2019-08-12,0.6955880452342487
2019-08-13,0.6907463651050081
2019-08-14,0.6923602584814216
2019-08-15,0.6891324717285944
2019-08-16,0.6923602584814216
2019-08-19,0.7068852988691438
2019-08-20,0.7036575121163167
2019-08-21,0.7068852988691438
2019-08-22,0.7068852988691438
2019-08-23,0.7036575121163167
2019-08-26,0.6955880452342487
2019-08-27,0.698815831987076
2019-08-28,0.7004297253634895
2019-08-29,0.7084991922455572
2019-08-30,0.6923602584814216
2019-09-02,0.7004297253634895
2019-09-03,0.698815831987076
2019-09-04,0.7068852988691438
2019-09-05,0.7117269789983844
2019-09-06,0.7149547657512115
2019-09-09,0.7197964458804523
2019-09-10,0.7165686591276252
2019-09-11,0.7133408723747979
2019-09-12,0.7181825525040387
2019-09-16,0.7181825525040387
2019-09-17,0.7036575121163167
2019-09-18,0.7036575121163167
2019-09-19,0.7052714054927302
2019-09-20,0.702043618739903
2019-09-23,0.6955880452342487
2019-09-24,0.6955880452342487
2019-09-25,0.6891324717285944
2019-09-26,0.6826768982229403
2019-09-27,0.6859046849757673
2019-09-30,0.6826768982229403
2019-10-08,0.6859046849757673
2019-10-09,0.6907463651050081
2019-10-10,0.6923602584814216
2019-10-11,0.6923602584814216
2019-10-14,0.698815831987076
2019-10-15,0.6955880452342487
2019-10-16,0.6923602584814216
2019-10-17,0.6923602584814216
2019-10-18,0.6826768982229403
2019-10-21,0.6810630048465266
2019-10-22,0.6842907915993538
2019-10-23,0.6826768982229403
2019-10-24,0.6810630048465266
2019-10-25,0.6826768982229403
2019-10-28,0.6875185783521808
2019-10-29,0.679449111470113
2019-10-30,0.6778352180936995
2019-10-31,0.6746074313408723
2019-11-01,0.6778352180936995
2019-11-04,0.6859046849757673
2019-11-05,0.6859046849757673
2019-11-06,0.6859046849757673
2019-11-07,0.6826768982229403
2019-11-08,0.6842907915993538
2019-11-11,0.6762213247172859
2019-11-12,0.6746074313408723
2019-11-13,0.6697657512116316
2019-11-14,0.668151857835218
2019-11-15,0.6633101777059774
2019-11-18,0.6697657512116316
2019-11-19,0.6746074313408723
2019-11-20,0.6713796445880452
2019-11-21,0.6746074313408723
2019-11-22,0.6746074313408723
2019-11-25,0.6842907915993538
2019-11-26,0.6859046849757673
2019-11-27,0.6842907915993538
2019-11-28,0.6842907915993538
2019-11-29,0.6826768982229403
2019-12-02,0.6826768982229403
2019-12-03,0.6778352180936995
2019-12-04,0.6697657512116316
2019-12-05,0.6713796445880452
2019-12-06,0.6729935379644588
2019-12-09,0.6729935379644588
2019-12-10,0.6729935379644588
2019-12-11,0.6810630048465266
2019-12-12,0.6762213247172859
2019-12-13,0.6826768982229403
2019-12-16,0.6891324717285944
2019-12-17,0.6955880452342487
2019-12-18,0.6939741518578352
2019-12-19,0.6955880452342487
2019-12-20,0.6923602584814216
2019-12-23,0.6842907915993538
2019-12-24,0.6891324717285944
2019-12-25,0.6891324717285944
2019-12-26,0.6923602584814216
2019-12-27,0.6891324717285944
2019-12-30,0.6955880452342487
2019-12-31,0.698815831987076
2020-01-02,0.7068852988691438
2020-01-03,0.7036575121163167
2020-01-06,0.7068852988691438
2020-01-07,0.710113085621971
2020-01-08,0.7004297253634895
2020-01-09,0.7068852988691438
2020-01-10,0.7036575121163167
2020-01-13,0.7036575121163167
2020-01-14,0.7117269789983844
2020-01-15,0.7036575121163167
2020-01-16,0.7004297253634895
2020-01-17,0.6972019386106624
2020-01-20,0.7004297253634895
2020-01-21,0.6891324717285944
2020-01-22,0.6859046849757673
2020-01-23,0.668151857835218
2020-02-03,0.6019822294022616
2020-02-04,0.6100516962843295
2020-02-05,0.6165072697899838
2020-02-06,0.622962843295638
2020-02-07,0.6342600969305331
2020-02-10,0.6391017770597738
2020-02-11,0.6374878836833603
2020-02-12,0.6633101777059774
2020-02-13,0.6713796445880452
2020-02-14,0.6568546042003232
2020-02-17,0.6665379644588044
2020-02-18,0.668151857835218
2020-02-19,0.6875185783521808
2020-02-20,0.6907463651050081
2020-02-21,0.6810630048465266
2020-02-24,0.6746074313408723
2020-02-25,0.6616962843295637
2020-02-26,0.6633101777059774
2020-02-27,0.6826768982229403
2020-02-28,0.6552407108239094
2020-03-02,0.698815831987076
2020-03-03,0.6939741518578352
2020-03-04,0.7036575121163167
2020-03-05,0.7730549273021001
2020-03-06,0.7940355411954765
2020-03-09,0.8101744749596121
2020-03-10,0.8101744749596121
2020-03-11,0.8053327948303716
2020-03-12,0.7730549273021001
2020-03-13,0.8505218093699515
2020-03-16,0.8214717285945072
2020-03-17,0.8731163166397415
2020-03-18,0.8359967689822293
2020-03-19,0.8489079159935379
2020-03-20,0.8198578352180936
2020-03-23,0.7795105008077544
2020-03-24,0.7698271405492729
2020-03-25,0.7843521809369952
2020-03-26,0.7553021001615507
2020-03-27,0.7778966074313409
2020-03-30,0.7940355411954765
2020-03-31,0.7682132471728593
2020-04-01,0.7601437802907915
2020-04-02,0.7778966074313409
2020-04-03,0.7536882067851373
2020-04-07,0.7811243941841679
2020-04-08,0.7746688206785136
2020-04-09,0.8053327948303716
2020-04-10,0.7811243941841679
2020-04-13,0.7633715670436187
2020-04-14,0.7827382875605815
2020-04-15,0.792421647819063
2020-04-16,0.8521357027463651
2020-04-17,0.829541195476575
2020-04-20,0.8311550888529887
2020-04-21,0.81824394184168
2020-04-22,0.8472940226171244
2020-04-23,0.8198578352180936
2020-04-24,0.8214717285945072
2020-04-27,0.8311550888529887
2020-04-28,0.7795105008077544
2020-04-29,0.7762827140549271
2020-04-30,0.792421647819063
2020-05-06,0.8101744749596121
2020-05-07,0.7988772213247173
2020-05-08,0.8004911147011308
2020-05-11,0.81824394184168
2020-05-12,0.8037189014539581
2020-05-13,0.8263134087237479
2020-05-14,0.8101744749596121
2020-05-15,0.8021050080775443
2020-05-18,0.8037189014539581
2020-05-19,0.7972633279483037
2020-05-20,0.792421647819063
2020-05-21,0.7569159935379645
2020-05-22,0.7456187399030695
2020-05-25,0.7488465266558965
2020-05-26,0.7553021001615507
2020-05-27,0.7440048465266559
2020-05-28,0.7278659127625201
2020-05-29,0.7230242326332795
2020-06-01,0.7423909531502423
2020-06-02,0.7488465266558965
2020-06-03,0.7440048465266559
2020-06-04,0.7375492730210016
2020-06-05,0.7407770597738287
2020-06-08,0.7375492730210016
2020-06-09,0.7423909531502423
2020-06-10,0.7278659127625201
2020-06-11,0.7246381260096931
2020-06-12,0.7165686591276252
2020-06-15,0.7052714054927302
2020-06-16,0.7197964458804523
2020-06-17,0.7165686591276252
2020-06-18,0.7262520193861066
2020-06-19,0.7262520193861066
2020-06-22,0.7278659127625201
2020-06-23,0.7230242326332795
2020-06-24,0.7230242326332795
2020-06-29,0.7036575121163167
2020-06-30,0.7117269789983844
2020-07-01,0.7343214862681744
2020-07-02,0.7488465266558965
2020-07-03,0.7553021001615507
2020-07-06,0.7859660743134087
2020-07-07,0.7762827140549271
2020-07-08,0.7956494345718901
2020-07-09,0.8117883683360259
2020-07-10,0.7875799676898223
2020-07-13,0.8198578352180936
2020-07-14,0.8263134087237479
2020-07-15,0.7940355411954765
2020-07-16,0.7665993537964458
2020-07-17,0.7633715670436187
2020-07-20,0.8279273021001614
2020-07-21,0.8844135702746365
2020-07-22,0.9118497576736672
2020-07-23,0.923147011308562
2020-07-24,0.8827996768982229
2020-07-27,0.88602746365105
2020-07-28,0.8537495961227786
2020-07-29,0.8698885298869142
2020-07-30,0.9376720516962842
2020-07-31,0.9392859450726979
2020-08-03,0.9344442649434572
2020-08-04,0.9118497576736672
2020-08-05,0.9425137318255249
2020-08-06,0.9425137318255249
2020-08-07,0.9796332794830371
2020-08-10,0.9731777059773828
2020-08-11,0.9634943457189014
2020-08-12,0.9473554119547657
2020-08-13,0.9425137318255249
2020-08-14,0.9344442649434572
2020-08-17,0.9312164781906299
2020-08-18,0.9505831987075928
2020-08-19,0.968336025848142
2020-08-20,0.9166914378029077
2020-08-21,0.9037802907915993
2020-08-24,0.9053941841680129
2020-08-25,0.8763441033925686
2020-08-26,0.8666607431340873
2020-08-27,0.8763441033925686
2020-08-28,0.8844135702746365
2020-08-31,0.8795718901453957
2020-09-01,0.8779579967689822
2020-09-02,0.8731163166397415
2020-09-03,0.8618190630048465
2020-09-04,0.8569773828756058
2020-09-07,0.8456801292407108
2020-09-08,0.8698885298869142
2020-09-09,0.8731163166397415
2020-09-10,0.874730210016155
2020-09-11,0.9118497576736672
2020-09-14,0.919919224555735
2020-09-15,0.9312164781906299
2020-09-16,0.9376720516962842
2020-09-17,0.9166914378029077
2020-09-18,0.9376720516962842
2020-09-21,0.9521970920840065
2020-09-22,0.9344442649434572
2020-09-23,0.9731777059773828
2020-09-24,0.9053941841680129
2020-09-25,0.9053941841680129
2020-09-28,0.9344442649434572
2020-09-29,0.923147011308562
2020-09-30,0.9441276252019385
2020-10-09,0.9957722132471727
2020-10-12,1.0086833602584813
2020-10-13,1.02159450726979
2020-10-14,1.0280500807754442
2020-10-15,1.0086833602584813
2020-10-16,0.990930533117932
2020-10-19,0.9764054927302099
2020-10-20,0.9796332794830371
2020-10-21,0.9489693053311792
2020-10-22,0.9457415185783522
2020-10-23,0.9215331179321485
2020-10-26,0.9312164781906299
2020-10-27,0.9053941841680129
2020-10-28,0.9021663974151857
2020-10-29,0.8924830371567044
2020-10-30,0.8827996768982229
2020-11-02,0.8827996768982229
2020-11-03,0.9005525040387722
2020-11-04,0.8827996768982229
2020-11-05,0.8957108239095314
2020-11-06,0.9021663974151857
2020-11-09,0.9134636510500808
2020-11-10,0.8924830371567044
2020-11-11,0.8827996768982229
2020-11-12,0.8908691437802906
2020-11-13,0.8731163166397415
2020-11-16,0.9037802907915993
2020-11-17,0.9118497576736672
2020-11-18,0.9037802907915993
2020-11-19,0.8924830371567044
2020-11-20,0.9053941841680129
2020-11-23,0.8989386106623587
2020-11-24,0.9376720516962842
2020-11-25,0.9215331179321485
2020-11-26,0.9344442649434572
2020-11-27,0.9344442649434572
2020-11-30,0.9183053311793216
2020-12-01,0.923147011308562
2020-12-02,0.9215331179321485
2020-12-03,0.9215331179321485
2020-12-04,0.9086219709208401
2020-12-07,0.8844135702746365
2020-12-08,0.8908691437802906
2020-12-09,0.8795718901453957
2020-12-10,0.8763441033925686
2020-12-11,0.8650468497576737
2020-12-14,0.8537495961227786
2020-12-15,0.9376720516962842
2020-12-16,0.9441276252019385
2020-12-17,0.9634943457189014
2020-12-18,1.0086833602584813
2020-12-21,1.0312778675282714
2020-12-22,1.0199806138933765
2020-12-23,1.055486268174475
2020-12-24,1.0377334410339256
2020-12-25,1.1426365105008076
2020-12-28,1.1474781906300484
2020-12-29,1.050644588045234
2020-12-30,1.0603279483037156
2020-12-31,1.092605815831987
2021-01-04,1.1507059773828756
2021-01-05,1.1281114701130857
2021-01-06,1.1055169628432955
2021-01-07,1.1345670436187398
2021-01-08,1.1022891760904683
2021-01-11,1.0538723747980614
2021-01-12,1.095833602584814
2021-01-13,1.1507059773828756
2021-01-14,1.1733004846526653
2021-01-15,1.1248836833602585
2021-01-18,1.2136478190630047
2021-01-19,1.1700726978998384
2021-01-20,1.182983844911147
2021-01-21,1.276589660743134
2021-01-22,1.3944038772213248
2021-01-25,1.3992455573505653
2021-01-26,1.4347512116316639
2021-01-27,1.5235153473344103
2021-01-28,1.4153844911147009
2021-01-29,1.3718093699515346
2021-02-01,1.3863344103392568
2021-02-02,1.3701954765751212
2021-02-03,1.4315234248788367
2021-02-04,1.4363651050080775
2021-02-05,1.3346898222940224
2021-02-08,1.3718093699515346
2021-02-09,1.505762520193861
2021-02-10,1.4993069466882065
2021-02-18,1.4508901453957996
2021-02-19,1.4266817447495959
2021-02-22,1.4928513731825526
2021-02-23,1.4234539579967689
2021-02-24,1.3298481421647819
2021-02-25,1.310481421647819
2021-02-26,1.3056397415185783
2021-03-01,1.3395315024232632
2021-03-02,1.3459870759289176
2021-03-03,1.350828756058158
2021-03-04,1.231400646203554
2021-03-05,1.2475395799676898
2021-03-08,1.1781421647819064
2021-03-09,1.163617124394184
2021-03-10,1.1571615508885298
2021-03-11,1.186211631663974
2021-03-12,1.231400646203554
2021-03-15,1.2071922455573505
2021-03-16,1.2491534733441032
2021-03-17,1.2265589660743133
2021-03-18,1.2362423263327946
2021-03-19,1.1991227786752827
2021-03-22,1.2636785137318256
2021-03-23,1.2184894991922453
2021-03-24,1.208806138933764
2021-03-25,1.1926672051696283
2021-03-26,1.231400646203554
2021-03-29,1.1926672051696283
2021-03-30,1.231400646203554
2021-03-31,1.2039644588045233
2021-04-01,1.2152617124394183
2021-04-02,1.1926672051696283
2021-04-06,1.205578352180937
2021-04-07,1.2346284329563812
2021-04-08,1.2152617124394183
2021-04-09,1.1991227786752827
2021-04-12,1.1781421647819064
2021-04-13,1.1555476575121162
2021-04-14,1.1813699515347333
2021-04-15,1.20235056542811
2021-04-16,1.208806138933764
2021-04-19,1.250767366720517
2021-04-20,1.242697899838449
2021-04-21,1.2297867528271407
2021-04-22,1.2443117932148626
2021-04-23,1.2685201938610662
2021-04-26,1.253995153473344
2021-04-27,1.2604507269789982
2021-04-28,1.3072536348949917
2021-04-29,1.3782649434571888
2021-04-30,1.3266203554119549
2021-05-06,1.3266203554119549
2021-05-07,1.3088675282714053
2021-05-10,1.3572843295638126
2021-05-11,1.3395315024232632
2021-05-12,1.3411453957996768
2021-05-13,1.2959563812600967
2021-05-14,1.3007980613893375
2021-05-17,1.3217786752827139
2021-05-18,1.2927285945072697
2021-05-19,1.2749757673667206
2021-05-20,1.3007980613893375
2021-05-21,1.2895008077544425
2021-05-24,1.2636785137318256
2021-05-25,1.2991841680129241
2021-05-26,1.2749757673667206
2021-05-27,1.279817447495961
2021-05-28,1.2636785137318256
2021-05-31,1.2830452342487884
2021-06-01,1.2604507269789982
2021-06-02,1.253995153473344
2021-06-03,1.2346284329563812
2021-06-04,1.2394701130856218
2021-06-07,1.2281728594507269
2021-06-08,1.231400646203554
2021-06-09,1.220103392568659
2021-06-10,1.2604507269789982
2021-06-11,1.2701340872374796
2021-06-15,1.231400646203554
2021-06-16,1.1958949919224555
2021-06-17,1.20235056542811
2021-06-18,1.20235056542811
2021-06-21,1.1894394184168013
2021-06-22,1.186211631663974
2021-06-23,1.2136478190630047
2021-06-24,1.3346898222940224
2021-06-25,1.3605121163166396
2021-06-28,1.3685815831987076
2021-06-29,1.397631663974152
2021-06-30,1.408928917609047
2021-07-01,1.3653537964458806
2021-07-02,1.4073150242326333
2021-07-05,1.3927899838449112
2021-07-06,1.3847205169628432
2021-07-07,1.4105428109854603
2021-07-08,1.412156704361874
2021-07-09,1.4589596122778672
2021-07-12,1.4492762520193863
2021-07-13,1.5945266558966074
2021-07-14,1.5541793214862683
2021-07-15,1.626804523424879
2021-07-16,1.7074991922455571
2021-07-19,1.6865185783521808
2021-07-20,1.6881324717285944
2021-07-21,1.7365492730210015
2021-07-22,1.7107269789983843
2021-07-23,1.6994297253634891
2021-07-26,1.6574684975767364
2021-07-27,1.5864571890145396
2021-07-28,1.5961405492730212
2021-07-29,1.6526268174474958
2021-07-30,1.65908239095315
2021-08-02,1.675221324717286
2021-08-03,1.618735056542811
2021-08-04,1.7817382875605812
2021-08-05,1.8527495961227787
2021-08-06,1.8382245557350565
2021-08-09,1.8188578352180935
2021-08-10,1.7930355411954764
2021-08-11,1.831768982229402
2021-08-12,1.8124022617124393
2021-08-13,1.8866413570274634
2021-08-16,1.7914216478190628
2021-08-17,1.7397770597738285
2021-08-18,1.741390953150242
2021-08-19,1.8043327948303713
2021-08-20,1.8156300484652665
2021-08-23,1.8817996768982228
2021-08-24,1.888255250403877
2021-08-25,2.0770807754442644
2021-08-26,2.0883780290791596
2021-08-27,2.249767366720517
2021-08-30,2.445048465266559
2021-08-31,2.690360258481422
2021-09-01,2.690360258481422
2021-09-02,2.9582665589660735
2021-09-03,3.1115864297253637
2021-09-06,3.056714054927302
2021-09-07,3.161617124394184
2021-09-08,3.0357334410339254
2021-09-09,2.998613893376413
2021-09-10,3.0502584814216473
2021-09-13,2.88402746365105
2021-09-14,2.833996768982229
2021-09-15,2.833996768982229
2021-09-16,2.6758352180936993
2021-09-17,2.6822907915993537
2021-09-22,2.9324442649434572
2021-09-23,2.895324717285945
2021-09-24,2.74846042003231
2021-09-27,2.5935266558966075
2021-09-28,2.619348949919224
2021-09-29,2.5822294022617123
2021-09-30,2.6596962843295637
2021-10-08,2.396631663974152
2021-10-11,2.412770597738287
2021-10-12,2.324006462035541
2021-10-13,2.419226171243942
2021-10-14,2.412770597738287
2021-10-15,2.5160597738287556
2021-10-18,2.5612487883683355
2021-10-19,2.530584814216478
2021-10-20,2.685518578352181
2021-10-21,2.6629240710823905
2021-10-22,2.632260096930533
2021-10-25,2.711340872374798
2021-10-26,2.7565298869143775
2021-10-27,2.9372859450726976
2021-10-28,2.8291550888529886
2021-10-29,2.9614943457189016
2021-11-01,2.7888077544426495
2021-11-02,2.6435573505654277
2021-11-03,2.63064620355412
2021-11-04,2.685518578352181
2021-11-05,2.5886849757673667
2021-11-08,2.619348949919224
2021-11-09,2.7242520193861064
2021-11-10,2.6161211631663974
2021-11-11,2.5434959612277868
2021-11-12,2.549951534733441
2021-11-15,2.4337512116316637
2021-11-16,2.4208400646203554
2021-11-17,2.5192875605815828
2021-11-18,2.5370403877221324
2021-11-19,2.540268174474959
2021-11-22,2.5612487883683355
2021-11-23,2.512831987075929
2021-11-24,2.4724846526655893
2021-11-25,2.5434959612277868
2021-11-26,2.462801292407108
2021-11-29,2.5289709208400644
2021-11-30,2.5096042003231016
2021-12-01,2.470870759289176
2021-12-02,2.4385928917609045
2021-12-03,2.4272956381260093
2021-12-06,2.491851373182552
2021-12-07,2.5031486268174477
2021-12-08,2.5257431340872376
2021-12-09,2.4660290791599353
2021-12-10,2.451504038772213
2021-12-13,2.527357027463651
2021-12-14,2.4789402261712437
2021-12-15,2.6225767366720514
2021-12-16,2.624190630048465
2021-12-17,2.575773828756058
2021-12-20,2.4208400646203554
2021-12-21,2.4418206785137317
2021-12-22,2.399859450726979
2021-12-23,2.40470113085622
2021-12-24,2.3127092084006464
2021-12-27,2.2336284329563814
2021-12-28,2.267520193861066
2021-12-29,2.2707479806138933
2021-12-30,2.2626785137318253
2021-12-31,2.320778675282714
2022-01-04,2.2562229402261713
2022-01-05,2.1610032310177703
2022-01-06,2.1674588045234247
2022-01-07,2.157775444264943
2022-01-10,2.1093586429725364
2022-01-11,2.0964474959612276
2022-01-12,2.1981227786752826
2022-01-13,2.1545476575121163
2022-01-14,2.140022617124394
2022-01-17,2.180369951534733
2022-01-18,2.227172859450727
2022-01-19,2.193281098546042
2022-01-20,2.140022617124394
2022-01-21,2.1303392568659127
2022-01-24,2.1545476575121163
2022-01-25,2.072239095315024
2022-01-26,2.1158142164781903
2022-01-27,2.0819224555735056
2022-01-28,2.0448029079159937
2022-02-07,2.140022617124394
2022-02-08,2.1642310177705975
2022-02-09,2.1674588045234247
2022-02-10,2.143250403877221
2022-02-11,2.099675282714055
2022-02-14,2.0641696284329565
2022-02-15,2.0932197092084004
2022-02-16,2.107744749596123
2022-02-17,2.1658449111470115
2022-02-18,2.1884394184168015
2022-02-21,2.2029644588045234
2022-02-22,2.1981227786752826
2022-02-23,2.2513812600969305
2022-02-24,2.190053311793215
2022-02-25,2.2045783521809366
2022-02-28,2.212647819063005
2022-03-01,2.249767366720517
2022-03-02,2.2562229402261713
2022-03-03,2.2433117932148625
2022-03-04,2.1948949919224554
2022-03-07,2.162617124394184
2022-03-08,2.143250403877221
2022-03-09,2.1303392568659127
2022-03-10,2.2433117932148625
2022-03-11,2.3223925686591276
2022-03-14,2.278817447495961
2022-03-15,2.1690726978998383
2022-03-16,2.286886914378029
2022-03-17,2.264292407108239
2022-03-18,2.265906300484652
2022-03-21,2.2562229402261713
2022-03-22,2.212647819063005
2022-03-23,2.2400840064620353
2022-03-24,2.191667205169628
2022-03-25,2.1222697899838447
2022-03-28,2.193281098546042
2022-03-29,2.222331179321486
2022-03-30,2.259450726978998
2022-03-31,2.2352423263327945
2022-04-01,2.2626785137318253
2022-04-06,2.20619224555735
2022-04-07,2.196508885298869
2022-04-08,2.1497059773828755
2022-04-11,2.06578352180937
2022-04-12,2.112586429725363
2022-04-13,2.13356704361874
2022-04-14,2.162617124394184
2022-04-15,2.159389337641357
2022-04-18,2.1674588045234247
2022-04-19,2.209420032310178
2022-04-20,2.162617124394184
2022-04-21,2.0883780290791596
2022-04-22,2.0819224555735056
2022-04-25,2.038347334410339
2022-04-26,1.978633279483037
2022-04-27,2.098061389337641
2022-04-28,2.069011308562197
2022-04-29,2.125497576736672
2022-05-05,2.112586429725363
2022-05-06,2.0561001615508885
2022-05-09,2.0641696284329565
2022-05-10,2.0786946688206784
2022-05-11,2.1093586429725364
2022-05-12,2.098061389337641
2022-05-13,2.2029644588045234
2022-05-16,2.1981227786752826
2022-05-17,2.2691340872374797
2022-05-18,2.248153473344103
2022-05-19,2.357898222940226
2022-05-20,2.3643537964458803
2022-05-23,2.365967689822294
2022-05-24,2.298184168012924
2022-05-25,2.3691954765751206
2022-05-26,2.3643537964458803
2022-05-27,2.3482148626817447
2022-05-30,2.353056542810985
2022-05-31,2.4676429725363485
2022-06-01,2.45473182552504
2022-06-02,2.4724846526655893
2022-06-06,2.548337641357027
2022-06-07,2.570932148626817
2022-06-08,2.624190630048465
2022-06-09,2.711340872374798
2022-06-10,2.79364943457189
2022-06-13,3.0163667205169626
2022-06-14,3.0357334410339254
2022-06-15,2.9727915993537963
2022-06-16,2.9340581583198704
2022-06-17,3.0873780290791597
2022-06-20,2.9195331179321484
2022-06-21,2.8856413570274633
2022-06-22,2.8565912762520194
2022-06-23,2.896938610662358
2022-06-24,2.995386106623586
2022-06-27,2.9469693053311796
2022-06-28,3.038961227786752
2022-06-29,2.8565912762520194
2022-06-30,3.0728529886914373
2022-07-01,3.1035169628432953
2022-07-04,3.281045234248788
2022-07-05,3.4456623586429727
2022-07-06,3.2665201938610657
2022-07-07,3.2649063004846526
2022-07-08,3.1890533117932147
2022-07-11,3.0647835218093693
2022-07-12,3.0793085621970917
2022-07-13,3.0680113085621974
2022-07-14,3.126111470113085
2022-07-15,3.048644588045234
2022-07-18,3.038961227786752
2022-07-19,3.0018416801292407
2022-07-20,3.0163667205169626
2022-07-21,2.90662197092084
2022-07-22,2.9292164781906296
2022-07-25,2.8146300484652667
2022-07-26,2.850135702746365
2022-07-27,2.866274636510501
2022-07-28,2.79364943457189
2022-07-29,2.801718901453958
2022-08-01,2.7710549273021
2022-08-02,2.6500129240710826
2022-08-03,2.601596122778675
2022-08-04,2.690360258481422
2022-08-05,2.70327140549273
2022-08-08,2.688746365105008
2022-08-09,2.7468465266558963
2022-08-10,2.6742213247172857
2022-08-11,2.7048852988691436
2022-08-12,2.6790630048465265
2022-08-15,2.7742827140549275
2022-08-16,2.871116316639741
2022-08-17,2.8759579967689817
2022-08-18,2.896938610662358
2022-08-19,2.9114636510500804
2022-08-22,2.874344103392568
2022-08-23,2.8775718901453957
2022-08-24,2.8307689822294018
2022-08-25,2.864660743134087
2022-08-26,2.8549773828756058
2022-08-29,3.027663974151858
2022-08-30,2.938899838449111
2022-08-31,2.779124394184168
2022-09-01,2.7613715670436183
2022-09-02,2.701657512116316
2022-09-05,2.7355492730210016
2022-09-06,2.859819063004846
2022-09-07,2.848521809369951
2022-09-08,2.833996768982229
2022-09-09,2.8146300484652667
2022-09-13,2.7823521809369947
2022-09-14,2.708113085621971
2022-09-15,2.6290323101777058
2022-09-16,2.530584814216478
2022-09-19,2.540268174474959
2022-09-20,2.570932148626817
2022-09-21,2.5580210016155087
2022-09-22,2.5612487883683355
2022-09-23,2.504762520193861
2022-09-26,2.4757124394184165
2022-09-27,2.5209014539579964
2022-09-28,2.406315024232633
2022-09-29,2.462801292407108
2022-09-30,2.4305234248788365
2022-10-10,2.395017770597738
2022-10-11,2.4434345718901453
2022-10-12,2.507990306946688
2022-10-13,2.4870096930533117
2022-10-14,2.5628626817447495
2022-10-17,2.5547932148626815
2022-10-18,2.564476575121163
2022-10-19,2.491851373182552
2022-10-20,2.4353651050080773
2022-10-21,2.4369789983844905
2022-10-24,2.3982455573505654
2022-10-25,2.4563457189014537
2022-10-26,2.4644151857835217
2022-10-27,2.4305234248788365
2022-10-28,2.3256203554119548
2022-10-31,2.2885008077544424
2022-11-01,2.357898222940226
2022-11-02,2.354670436187399
2022-11-03,2.3643537964458803
2022-11-04,2.470870759289176
2022-11-07,2.462801292407108
2022-11-08,2.4676429725363485
2022-11-09,2.445048465266559
2022-11-10,2.411156704361874
2022-11-11,2.445048465266559
2022-11-14,2.417612277867528
2022-11-15,2.4805541195476573
2022-11-16,2.448276252019386
2022-11-17,2.417612277867528
2022-11-18,2.4272956381260093
2022-11-21,2.43213731825525
2022-11-22,2.395017770597738
2022-11-23,2.4757124394184165
2022-11-24,2.4434345718901453
2022-11-25,2.4159983844911146
2022-11-28,2.388562197092084
2022-11-29,2.414384491114701
2022-11-30,2.411156704361874
2022-12-01,2.419226171243942
2022-12-02,2.4014733441033926
2022-12-05,2.406315024232633
2022-12-06,2.3788788368336027
2022-12-07,2.3643537964458803
2022-12-08,2.3482148626817447
2022-12-09,2.3627399030694667
2022-12-12,2.3110953150242324
2022-12-13,2.2772035541195477
2022-12-14,2.2852730210016152
2022-12-15,2.3191647819063004
2022-12-16,2.2901147011308556
2022-12-19,2.230400646203554
2022-12-20,2.225558966074313
2022-12-21,2.180369951534733
2022-12-22,2.098061389337641
2022-12-23,2.085150242326333
2022-12-26,2.1351809369951535
2022-12-27,2.170686591276252
2022-12-28,2.159389337641357
2022-12-29,2.1642310177705975
2022-12-30,2.252995153473344
2023-01-03,2.2626785137318253
2023-01-04,2.211033925686591
2023-01-05,2.2320145395799678
2023-01-06,2.264292407108239
2023-01-09,2.2626785137318253
2023-01-10,2.252995153473344
2023-01-11,2.2562229402261713
2023-01-12,2.267520193861066
2023-01-13,2.2562229402261713
2023-01-16,2.278817447495961
2023-01-17,2.2836591276252016
2023-01-18,2.2852730210016152
2023-01-19,2.2917285945072696
2023-01-20,2.3821066235864294
2023-01-30,2.3821066235864294
2023-01-31,2.3869483037156702
2023-02-01,2.419226171243942
2023-02-02,2.406315024232633
2023-02-03,2.3675815831987075
2023-02-06,2.383720516962843
2023-02-07,2.3804927302100163
2023-02-08,2.3853344103392566
2023-02-09,2.393403877221324
2023-02-10,2.365967689822294
2023-02-13,2.365967689822294
2023-02-14,2.3982455573505654
2023-02-15,2.3756510500807755
2023-02-16,2.3143231017770596
2023-02-17,2.3030258481421644
2023-02-20,2.3482148626817447
2023-02-21,2.4337512116316637
2023-02-22,2.411156704361874
2023-02-23,2.422453957996769
2023-02-24,2.4014733441033926
2023-02-27,2.4159983844911146
2023-02-28,2.417612277867528
2023-03-01,2.4240678513731826
2023-03-02,2.391789983844911
2023-03-03,2.4256817447495957
2023-03-06,2.4789402261712437
2023-03-07,2.4256817447495957
2023-03-08,2.393403877221324
2023-03-09,2.3804927302100163
2023-03-10,2.3191647819063004
2023-03-13,2.491851373182552
2023-03-14,2.4434345718901453
2023-03-15,2.5209014539579964
2023-03-16,2.4531179321486265
2023-03-17,2.45473182552504
2023-03-20,2.43213731825525
2023-03-21,2.451504038772213
2023-03-22,2.4369789983844905
2023-03-23,2.40954281098546
2023-03-24,2.40954281098546
2023-03-27,2.4256817447495957
2023-03-28,2.4466623586429725
2023-03-29,2.4369789983844905
2023-03-30,2.4466623586429725
2023-03-31,2.4353651050080773
2023-04-03,2.4369789983844905
2023-04-04,2.406315024232633
2023-04-06,2.417612277867528
2023-04-07,2.399859450726979
2023-04-10,2.4498901453957993
2023-04-11,2.4337512116316637
2023-04-12,2.412770597738287
2023-04-13,2.4079289176090466
2023-04-14,2.4256817447495957
2023-04-17,2.4660290791599353
2023-04-18,2.533812600969305
2023-04-19,2.5225153473344104
2023-04-20,2.5822294022617123
2023-04-21,2.5660904684975767
2023-04-24,2.540268174474959
2023-04-25,2.4418206785137317
2023-04-26,2.549951534733441
2023-04-27,2.507990306946688
2023-04-28,2.533812600969305
2023-05-04,2.5677043618739903
2023-05-05,2.5725460420032307
2023-05-08,2.677449111470113
2023-05-09,2.6338739903069466
2023-05-10,2.669379644588045
2023-05-11,2.6758352180936993
2023-05-12,2.579001615508885
2023-05-15,2.646785137318255
2023-05-16,2.6532407108239098
2023-05-17,2.687132471728594
2023-05-18,2.6596962843295637
2023-05-19,2.620962843295638
2023-05-22,2.625804523424879
2023-05-23,2.5580210016155087
2023-05-24,2.538654281098546
2023-05-25,2.5547932148626815
2023-05-26,2.5434959612277868
2023-05-29,2.553179321486268
2023-05-30,2.569318255250404
2023-05-31,2.5096042003231016
2023-06-01,2.511218093699515
2023-06-02,2.549951534733441
2023-06-05,2.5354264943457188
2023-06-06,2.4531179321486265
2023-06-07,2.4660290791599353
2023-06-08,2.4692568659127625
2023-06-09,2.579001615508885
2023-06-12,2.553179321486268
2023-06-13,2.538654281098546
2023-06-14,2.49992084006462
2023-06-15,2.5209014539579964
2023-06-16,2.517673667205169
2023-06-19,2.4950791599353797
2023-06-20,2.5096042003231016
2023-06-21,2.490237479806139
2023-06-26,2.4434345718901453
2023-06-27,2.4724846526655893
2023-06-28,2.496693053311793
2023-06-29,2.4805541195476573
2023-06-30,2.49992084006462
2023-07-03,2.5225153473344104
2023-07-04,2.5031486268174477
2023-07-05,2.4644151857835217
2023-07-06,2.4611873990306945
2023-07-07,2.45473182552504
2023-07-10,2.4983069466882064
2023-07-11,2.5031486268174477
2023-07-12,2.5677043618739903
2023-07-13,2.575773828756058
2023-07-14,2.5660904684975767
2023-07-17,2.549951534733441
2023-07-18,2.5418820678513727
2023-07-19,2.5160597738287556
2023-07-20,2.4563457189014537
2023-07-21,2.4563457189014537
2023-07-24,2.4644151857835217
2023-07-25,2.490237479806139
2023-07-26,2.4870096930533117
2023-07-27,2.4611873990306945
2023-07-28,2.4950791599353797
2023-07-31,2.511218093699515
2023-08-01,2.524129240710824
2023-08-02,2.5192875605815828
2023-08-03,2.549951534733441
2023-08-04,2.5547932148626815
2023-08-07,2.527357027463651
2023-08-08,2.504762520193861
2023-08-09,2.501534733441034
2023-08-10,2.5257431340872376
2023-08-11,2.470870759289176
2023-08-14,2.474098546042003
2023-08-15,2.4369789983844905
2023-08-16,2.3514426494345715
2023-08-17,2.3223925686591276
2023-08-18,2.3127092084006464
2023-08-21,2.2610646203554117
2023-08-22,2.2513812600969305
2023-08-23,2.230400646203554
2023-08-24,2.2400840064620353
2023-08-25,2.2352423263327945
2023-08-28,2.2691340872374797
2023-08-29,2.2997980613893376
2023-08-30,2.278817447495961
2023-08-31,2.252995153473344
2023-09-01,2.2772035541195477
2023-09-04,2.304639741518578
2023-09-05,2.2933424878836837
2023-09-06,2.2772035541195477
2023-09-07,2.2320145395799678
2023-09-08,2.1948949919224554
2023-09-11,2.222331179321486
2023-09-12,2.227172859450727
2023-09-13,2.2045783521809366
2023-09-14,2.219103392568659
2023-09-15,2.211033925686591
2023-09-18,2.2287867528271406
2023-09-19,2.225558966074313
2023-09-20,2.211033925686591
2023-09-21,2.20135056542811
2023-09-22,2.230400646203554
2023-09-25,2.2384701130856217
2023-09-26,2.230400646203554
2023-09-27,2.267520193861066
2023-09-28,2.272361873990307
2023-10-09,2.272361873990307
2023-10-10,2.2610646203554117
2023-10-11,2.2433117932148625
2023-10-12,2.2820452342487885
2023-10-13,2.259450726978998
2023-10-16,2.222331179321486
2023-10-17,2.236856219709208
2023-10-18,2.222331179321486
2023-10-19,2.1819838449111466
2023-10-20,2.1771421647819063
2023-10-23,2.0932197092084004
2023-10-24,2.1158142164781903
2023-10-25,2.157775444264943
2023-10-26,2.1448642972536347
2023-10-27,2.162617124394184
2023-10-30,2.157775444264943
2023-10-31,2.1448642972536347
2023-11-01,2.1480920840064623
2023-11-02,2.125497576736672
2023-11-03,2.1367948303715667
2023-11-06,2.1545476575121163
2023-11-07,2.1545476575121163
2023-11-08,2.1367948303715667
2023-11-09,2.191667205169628
2023-11-10,2.1610032310177703
2023-11-13,2.1561615508885295
2023-11-14,2.1561615508885295
2023-11-15,2.1771421647819063
2023-11-16,2.1545476575121163
2023-11-17,2.159389337641357
2023-11-20,2.1610032310177703
2023-11-21,2.151319870759289
2023-11-22,2.1271114701130855
2023-11-23,2.13356704361874
2023-11-24,2.107744749596123
2023-11-27,2.1142003231017767
2023-11-28,2.157775444264943
2023-11-29,2.1610032310177703
2023-11-30,2.1351809369951535
2023-12-01,2.1448642972536347
2023-12-04,2.1271114701130855
2023-12-05,2.080308562197092
2023-12-06,2.0770807754442644
2023-12-07,2.0673974151857837
2023-12-08,2.0641696284329565
2023-12-11,2.072239095315024
2023-12-12,2.069011308562197
2023-12-13,2.0302778675282713
2023-12-14,2.027050080775444
2023-12-15,2.02059450726979
2023-12-18,1.9705638126009692
2023-12-19,1.9802471728594504
2023-12-20,1.9705638126009692
2023-12-21,2.0012277867528274
2023-12-22,2.04318901453958
2023-12-25,2.0480306946688205
2023-12-26,2.0415751211631665
2023-12-27,2.054486268174475
2023-12-28,2.125497576736672
2023-12-29,2.1158142164781903
2024-01-02,2.125497576736672
2024-01-03,2.151319870759289
2024-01-04,2.143250403877221
2024-01-05,2.13356704361874
2024-01-08,2.1384087237479803
2024-01-09,2.1610032310177703
2024-01-10,2.1642310177705975
2024-01-11,2.159389337641357
2024-01-12,2.185211631663974
2024-01-15,2.185211631663974
2024-01-16,2.222331179321486
2024-01-17,2.1819838449111466
2024-01-18,2.225558966074313
2024-01-19,2.191667205169628
2024-01-22,2.1529337641357027
2024-01-23,2.1723004846526655
2024-01-24,2.193281098546042
2024-01-25,2.227172859450727
2024-01-26,2.2320145395799678
2024-01-29,2.2029644588045234
2024-01-30,2.18359773828756
2024-01-31,2.1545476575121163
2024-02-01,2.1464781906300487
2024-02-02,2.11097253634895
2024-02-05,2.1093586429725364
2024-02-06,2.209420032310178
2024-02-07,2.225558966074313
2024-02-08,2.2433117932148625
2024-02-19,2.2772035541195477
2024-02-20,2.2739757673667205
2024-02-21,2.275589660743134
2024-02-22,2.2836591276252016
2024-02-23,2.307867528271405
2024-02-26,2.265906300484652
2024-02-27,2.2739757673667205
2024-02-28,2.249767366720517
2024-02-29,2.2820452342487885
2024-03-01,2.304639741518578
2024-03-04,2.412770597738287
2024-03-05,2.3869483037156702
2024-03-06,2.511218093699515
2024-03-07,2.4983069466882064
2024-03-08,2.491851373182552
2024-03-11,2.5144458804523424
2024-03-12,2.4660290791599353
2024-03-13,2.451504038772213
2024-03-14,2.4256817447495957
2024-03-15,2.4272956381260093
2024-03-18,2.448276252019386
2024-03-19,2.414384491114701
2024-03-20,2.4159983844911146
2024-03-21,2.383720516962843
2024-03-22,2.388562197092084
2024-03-25,2.3627399030694667
2024-03-26,2.3562843295638127
2024-03-27,2.3175508885298868
2024-03-28,2.3191647819063004
2024-03-29,2.3482148626817447
2024-04-01,2.3853344103392566
2024-04-02,2.3691954765751206
2024-04-03,2.3821066235864294
2024-04-08,2.33691760904685
2024-04-09,2.2239450726978993
2024-04-10,2.1948949919224554
2024-04-11,2.249767366720517
2024-04-12,2.20619224555735
2024-04-15,2.236856219709208
2024-04-16,2.222331179321486
2024-04-17,2.252995153473344
2024-04-18,2.241697899838449
2024-04-19,2.190053311793215
2024-04-22,2.1642310177705975
2024-04-23,2.102903069466882
2024-04-24,2.1158142164781903
2024-04-25,2.080308562197092
2024-04-26,2.123883683360259
2024-04-29,2.173914378029079
2024-04-30,2.1690726978998383
2024-05-06,2.2045783521809366
2024-05-07,2.2045783521809366
2024-05-08,2.191667205169628
2024-05-09,2.212647819063005
2024-05-10,2.2384701130856217
2024-05-13,2.294956381260097
2024-05-14,2.2772035541195477
2024-05-15,2.2465395799676897
2024-05-16,2.230400646203554
2024-05-17,2.241697899838449
2024-05-20,2.2465395799676897
2024-05-21,2.2239450726978993
2024-05-22,2.2901147011308556
2024-05-23,2.2320145395799678
2024-05-24,2.2465395799676897
2024-05-27,2.2852730210016152
2024-05-28,2.2820452342487885
2024-05-29,2.3175508885298868
2024-05-30,2.3143231017770596
2024-05-31,2.286886914378029
2024-06-03,2.2546090468497577
2024-06-04,2.3062536348949916
2024-06-05,2.248153473344103
2024-06-06,2.236856219709208
2024-06-07,2.20619224555735
2024-06-11,2.190053311793215
2024-06-12,2.199736672051696
2024-06-13,2.18359773828756
2024-06-14,2.20135056542811
2024-06-17,2.225558966074313
2024-06-18,2.2384701130856217
2024-06-19,2.191667205169628
2024-06-20,2.159389337641357
2024-06-21,2.151319870759289
2024-06-24,2.125497576736672
2024-06-25,2.1045169628432956
2024-06-26,2.117428109854604
2024-06-27,2.0770807754442644
2024-06-28,2.125497576736672
2024-07-01,2.140022617124394
2024-07-02,2.112586429725363
2024-07-03,2.101289176090468
2024-07-04,2.099675282714055
2024-07-05,2.0883780290791596
2024-07-08,2.0448029079159937
2024-07-09,2.0770807754442644
2024-07-10,2.004455573505654
2024-07-11,2.0593279483037152
2024-07-12,2.039961227786753
2024-07-15,2.0141389337641353
2024-07-16,2.027050080775444
2024-07-17,2.0415751211631665
2024-07-18,2.1045169628432956
2024-07-19,2.1093586429725364
2024-07-22,2.1190420032310175
2024-07-23,2.0609418416801293
2024-07-24,2.031891760904685
2024-07-25,2.06578352180937
2024-07-26,2.089991922455573
2024-07-29,2.0577140549273016
2024-07-30,2.0577140549273016
2024-07-31,2.106130856219709
2024-08-01,2.0964474959612276
2024-08-02,2.080308562197092
2024-08-05,2.0512584814216477
2024-08-06,2.0786946688206784
2024-08-07,2.0964474959612276
2024-08-08,2.085150242326333
2024-08-09,2.069011308562197
2024-08-12,2.0738529886914376
2024-08-13,2.0561001615508885
2024-08-14,2.02059450726979
2024-08-15,2.04318901453958
2024-08-16,2.038347334410339
2024-08-19,2.031891760904685
2024-08-20,2.0060694668820678
2024-08-21,1.981861066235864
2024-08-22,1.9431276252019385
2024-08-23,1.9350581583198707
2024-08-26,1.9576526655896607
2024-08-27,1.8947108239095314
2024-08-28,1.9156914378029077
2024-08-29,1.9237609046849757
2024-08-30,1.9624943457189015
2024-09-02,1.9156914378029077
2024-09-03,1.939899838449111
2024-09-04,1.9302164781906301
2024-09-05,1.9334442649434571
2024-09-06,1.9173053311793213
2024-09-09,1.8801857835218094
2024-09-10,1.8495218093699517
2024-09-11,1.854363489499192
2024-09-12,1.8624329563812598
2024-09-13,1.8366106623586431
2024-09-18,1.846294022617124
2024-09-19,1.865660743134087
2024-09-20,1.8737302100161548
2024-09-23,1.8608190630048462
2024-09-24,1.9334442649434571
2024-09-25,1.978633279483037
2024-09-26,2.038347334410339
2024-09-27,2.1303392568659127
2024-09-30,2.2772035541195477
2024-10-08,2.330462035541195
2024-10-09,2.117428109854604
2024-10-10,2.162617124394184
2024-10-11,2.1045169628432956
2024-10-14,2.107744749596123
2024-10-15,2.0415751211631665
2024-10-16,2.0092972536348945
2024-10-17,1.9641082390953148
2024-10-18,2.023822294022617
2024-10-21,2.049644588045234
2024-10-22,2.06578352180937
2024-10-23,2.1884394184168015
2024-10-24,2.1319531502423263
2024-10-25,2.2626785137318253
2024-10-28,2.219103392568659
2024-10-29,2.2433117932148625
2024-10-30,2.199736672051696
2024-10-31,2.196508885298869
2024-11-01,2.180369951534733
2024-11-04,2.191667205169628
2024-11-05,2.212647819063005
2024-11-06,2.20619224555735
2024-11-07,2.2336284329563814
2024-11-08,2.248153473344103
2024-11-11,2.2626785137318253
2024-11-12,2.2562229402261713
2024-11-13,2.241697899838449
2024-11-14,2.2239450726978993
2024-11-15,2.1674588045234247
2024-11-18,2.1529337641357027
2024-11-19,2.1658449111470115
2024-11-20,2.1658449111470115
2024-11-21,2.173914378029079
2024-11-22,2.1045169628432956
2024-11-25,2.0883780290791596
2024-11-26,2.1045169628432956
2024-11-27,2.1158142164781903
2024-11-28,2.098061389337641
2024-11-29,2.1158142164781903
2024-12-02,2.0754668820678512
2024-12-03,2.0561001615508885
2024-12-04,2.033505654281098
2024-12-05,2.012525040387722
2024-12-06,2.033505654281098
2024-12-09,2.0109111470113086
2024-12-10,2.0351195476575117
2024-12-11,2.0302778675282713
2024-12-12,2.027050080775444
2024-12-13,1.9947722132471728
2024-12-16,1.9592665589660743
2024-12-17,1.9705638126009692
2024-12-18,1.9689499192245554
2024-12-19,1.9737915993537964
2024-12-20,1.9608804523424876
2024-12-23,1.9463554119547657
2024-12-24,1.9624943457189015
2024-12-25,1.97540549273021
2024-12-26,1.998
2024-12-27,1.9915444264943454
2024-12-30,2.02059450726979
2024-12-31,1.981861066235864
2025-01-02,1.9221470113085621
2025-01-03,1.9027802907915992
2025-01-06,1.904394184168013
2025-01-07,1.90762197092084
2025-01-08,1.888255250403877
2025-01-09,1.8801857835218094
2025-01-10,1.8624329563812598
2025-01-13,1.8592051696284329
2025-01-14,1.9124636510500805
2025-01-15,1.9108497576736672
2025-01-16,1.9124636510500805
2025-01-17,1.9060080775444264
2025-01-20,1.8801857835218094
2025-01-21,1.8640468497576737
2025-01-22,1.8559773828756057
2025-01-23,1.8559773828756057
2025-01-24,1.8737302100161548
2025-01-27,1.8608190630048462
2025-02-05,1.865660743134087
2025-02-06,1.8753441033925684
2025-02-07,1.9302164781906301
2025-02-10,1.918919224555735
2025-02-11,1.8995525040387722
2025-02-12,1.9108497576736672
2025-02-13,1.896324717285945
2025-02-14,1.9060080775444264
2025-02-17,1.9237609046849757
2025-02-18,1.9173053311793213
2025-02-19,1.9173053311793213
2025-02-20,1.8979386106623584
2025-02-21,1.8995525040387722
2025-02-24,1.8834135702746364
2025-02-25,1.8688885298869145
2025-02-26,1.9124636510500805
2025-02-27,1.8947108239095314
2025-02-28,1.8769579967689822
2025-03-03,1.8898691437802908
2025-03-04,1.8817996768982228
2025-03-05,1.8930969305331178
2025-03-06,1.9205331179321488
2025-03-07,1.9027802907915992
2025-03-10,1.8995525040387722
2025-03-11,1.90762197092084
2025-03-12,1.9253747980613891
2025-03-13,1.9608804523424876
2025-03-14,1.9624943457189015
2025-03-17,1.9641082390953148
2025-03-18,1.9883166397415184
2025-03-19,1.9883166397415184
2025-03-20,1.9576526655896607
2025-03-21,1.9431276252019385
2025-03-24,1.944741518578352
2025-03-25,1.9511970920840065
2025-03-26,1.9641082390953148
2025-03-27,1.936672051696284
2025-03-28,1.9108497576736672
2025-03-31,1.8705024232633278
2025-04-01,1.8721163166397414
2025-04-02,1.8753441033925684
2025-04-03,1.8753441033925684
2025-04-07,1.731707592891761
2025-04-08,1.7962633279483038
2025-04-09,1.8107883683360257
2025-04-10,1.8188578352180935
2025-04-11,1.7978772213247174
2025-04-14,1.7898077544426492
2025-04-15,1.7817382875605812
2025-04-16,1.825313408723748
2025-04-17,1.8156300484652665
2025-04-18,1.8011050080775444
2025-04-21,1.8011050080775444
2025-04-22,1.8188578352180935
2025-04-23,1.805946688206785
2025-04-24,1.7994911147011308
2025-04-25,1.8011050080775444
2025-04-28,1.79464943457189
2025-04-29,1.7898077544426492
2025-04-30,1.7930355411954764
2025-05-06,1.8140161550888527
2025-05-07,1.8204717285945071
2025-05-08,1.8220856219709205
2025-05-09,1.8075605815831985
2025-05-12,1.8269273021001615
2025-05-13,1.8608190630048462
2025-05-14,1.8640468497576737
2025-05-15,1.846294022617124
2025-05-16,1.8527495961227787
2025-05-19,1.8559773828756057
2025-05-20,1.851135702746365
2025-05-21,1.851135702746365
2025-05-22,1.83983844911147
2025-05-23,1.8220856219709205
2025-05-26,1.8204717285945071
2025-05-27,1.8140161550888527
2025-05-28,1.805946688206785
2025-05-29,1.8188578352180935
2025-05-30,1.805946688206785
2025-06-03,1.8172439418416801
2025-06-04,1.8204717285945071
2025-06-05,1.8220856219709205
2025-06-06,1.8204717285945071
2025-06-09,1.8220856219709205
2025-06-10,1.8075605815831985
2025-06-11,1.8188578352180935
2025-06-12,1.8220856219709205
2025-06-13,1.8107883683360257
2025-06-16,1.8124022617124393
2025-06-17,1.8204717285945071
2025-06-18,1.8156300484652665
2025-06-19,1.7898077544426492
2025-06-20,1.783352180936995
2025-06-23,1.7914216478190628
2025-06-24,1.8156300484652665
2025-06-25,1.8301550888529885
2025-06-26,1.8236995153473343
2025-06-27,1.8479079159935379
2025-06-30,1.8559773828756057
2025-07-01,1.854363489499192
2025-07-02,1.9124636510500805
2025-07-03,1.8866413570274634
2025-07-04,1.8930969305331178
2025-07-07,1.904394184168013
2025-07-08,1.9608804523424876
2025-07-09,1.9382859450726977
2025-07-10,1.936672051696284
2025-07-11,1.936672051696284
2025-07-14,1.9479693053311793
2025-07-15,1.9334442649434571
2025-07-16,1.928602584814216
2025-07-17,1.9463554119547657
2025-07-18,1.9528109854604199
2025-07-21,2.085150242326333
2025-07-22,2.2917285945072696
2025-07-23,2.2626785137318253
2025-07-24,2.2836591276252016
2025-07-25,2.227172859450727
2025-07-28,2.196508885298869
2025-07-29,2.225558966074313
2025-07-30,2.196508885298869
2025-07-31,2.1448642972536347
2025-08-01,2.1271114701130855
2025-08-04,2.1158142164781903
2025-08-05,2.1190420032310175
2025-08-06,2.1271114701130855
2025-08-07,2.1303392568659127
2025-08-08,2.1529337641357027
2025-08-11,2.2045783521809366
2025-08-12,2.1690726978998383
2025-08-13,2.1642310177705975
2025-08-14,2.120655896607431
2025-08-15,2.1464781906300487
2025-08-18,2.159389337641357
2025-08-19,2.1271114701130855
2025-08-20,2.1384087237479803
2025-08-21,2.257836833602585
2025-08-22,2.257836833602585
2025-08-25,2.2901147011308556
2025-08-26,2.307867528271405
2025-08-27,2.236856219709208
2025-08-28,2.2562229402261713
2025-08-29,2.248153473344103
2025-09-01,2.33691760904685
2025-09-02,2.2772035541195477
2025-09-03,2.2901147011308556
2025-09-04,2.249767366720517
2025-09-05,2.391789983844911
2025-09-08,2.395017770597738
2025-09-09,2.3417592891760903
2025-09-10,2.3030258481421644
2025-09-11,2.365967689822294
2025-09-12,2.354670436187399
2025-09-15,2.3595121163166395
2025-09-16,2.330462035541195
2025-09-17,2.564476575121163
2025-09-18,2.5031486268174477
2025-09-19,2.5999822294022614
2025-09-22,2.556407108239095
2025-09-23,2.5902988691437803
2025-09-24,2.5725460420032307
2025-09-25,2.5741599353796443
2025-09-26,2.570932148626817
2025-09-29,2.690360258481422
2025-09-30,2.8259273021001614
2025-10-09,3.1083586429725365
2025-10-10,3.1164281098546036
2025-10-13,3.129339256865913
2025-10-14,3.187439418416801
2025-10-15,3.15516155088853
2025-10-16,3.185825525040387
2025-10-17,2.998613893376413
2025-10-20,3.0583279483037153
2025-10-21,3.15516155088853
2025-10-22,3.014752827140549
2025-10-23,2.9873166397415187
2025-10-24,3.0163667205169626
2025-10-27,3.0954474959612277
2025-10-28,3.0470306946688206
2025-10-29,3.3181647819063
2025-10-30,3.2939563812600965
2025-10-31,3.1083586429725365
2025-11-03,3.419840064620355
2025-11-04,3.479554119547657
2025-11-05,3.8281550888529883
2025-11-06,4.037961227786753
2025-11-07,4.207420032310178
2025-11-10,4.1832116316639745
2025-11-11,4.0121389337641356
2025-11-12,3.8749579967689822
2025-11-13,3.9588804523424876
2025-11-14,3.755529886914378
2025-11-17,3.682904684975767
2025-11-18,3.6183489499192247
2025-11-19,3.655468497576736
2025-11-20,3.6845185783521806
2025-11-21,3.4004733441033927
2025-11-24,3.4166122778675283
2025-11-25,3.503762520193861
2025-11-26,3.473098546042003
2025-11-27,3.3940177705977383
2025-11-28,3.4601873990306946
2025-12-01,3.529584814216478
2025-12-02,3.4537318255250398
2025-12-03,3.4166122778675283
2025-12-04,3.4133844911147007
2025-12-05,3.490851373182552
2025-12-08,3.518287560581583
2025-12-09,3.5554071082390952
2025-12-10,3.489237479806139
2025-12-11,3.545723747980613
2025-12-12,3.7797382875605816
2025-12-15,3.6942019386106626
2025-12-16,3.495693053311793
2025-12-17,3.5360403877221325
2025-12-18,3.432751211631664
2025-12-19,3.473098546042003
2025-12-22,3.5650904684975764
2025-12-23,3.649012924071082
2025-12-24,3.669993537964458
2025-12-25,3.6716074313408718
2025-12-26,3.7248659127625197
2025-12-29,3.6054378029079155
2025-12-30,3.5876849757673663
2025-12-31,3.5279709208400645
2026-01-05,3.6328739903069467
2026-01-06,3.736163166397415
2026-01-07,3.8394523424878835
2026-01-08,3.818471728594507
2026-01-09,3.9588804523424876
2026-01-12,3.949197092084006
2026-01-13,4.344600969305331
2026-01-14,4.259064620355412
2026-01-15,4.522129240710823
2026-01-16,4.40270113085622
2026-01-19,4.841680129240711
2026-01-20,4.886869143780291
2026-01-21,4.699657512116317
2026-01-22,4.58829886914378
2026-01-23,4.531812600969304
2026-01-26,4.614121163166398
2026-01-27,4.493079159935379
2026-01-28,4.454345718901454
2026-01-29,4.397859450726979
2026-01-30,4.318778675282714
2026-02-02,4.501148626817447
2026-02-03,4.6512407108239096
2026-02-04,4.6189628432956376
2026-02-05,4.386562197092084
2026-02-06,4.373651050080776
2026-02-09,4.4559596122778675
2026-02-10,4.418840064620356
2026-02-11,4.405928917609047
2026-02-12,4.591526655896607
2026-02-13,4.564090468497577
2026-02-24,4.743232633279483
2026-02-25,4.7981050080775445
2026-02-26,4.854591276252019
2026-02-27,4.815857835218093
2026-03-02,4.998227786752826
2026-03-03,4.710954765751212
2026-03-04,4.901394184168013
2026-03-05,5.20319224555735
2026-03-06,5.116042003231017
2026-03-09,5.199964458804523
2026-03-10,5.057941841680129
2026-03-11,4.92721647819063
2026-03-12,4.896552504038772
2026-03-13,4.812630048465266
2026-03-16,4.6512407108239096
2026-03-17,4.538268174474959
2026-03-18,4.620576736672051
2026-03-19,4.467256865912763
2026-03-20,4.446276252019386
2026-03-23,4.468870759289175
2026-03-24,4.5253570274636505
2026-03-25,4.61573505654281
2026-03-26,4.496306946688206
2026-03-27,4.485009693053311
2026-03-30,4.409156704361873
2026-03-31,4.207420032310178
2026-04-01,4.250995153473344
2026-04-02,4.154161550888529
2026-04-03,4.047644588045234
2026-04-07,4.025050080775444
2026-04-08,4.273589660743133
2026-04-09,4.242925686591276
2026-04-10,4.301025848142164
2026-04-13,4.273589660743133
2026-04-14,4.3623537964458805
2026-04-15,4.480168012924071
2026-04-16,4.436592891760904
2026-04-17,4.336531502423263
2026-04-20,4.426909531502423
2026-04-21,4.373651050080776
2026-04-22,4.363967689822293
2026-04-23,4.3946316639741525
2026-04-24,4.280045234248788
2026-04-27,4.210647819063005
2026-04-28,4.2606785137318255
2026-04-29,4.325234248788368
2026-04-30,4.257450726978998
2026-05-06,4.410770597738287
2026-05-07,4.413998384491115
2026-05-08,4.318778675282714
2026-05-11,4.441434571890145
2026-05-12,4.594754442649434
2026-05-13,4.623804523424878
2026-05-14,4.40754281098546
2026-05-15,4.273589660743133
2026-05-18,4.247767366720518
2026-05-19,4.320392568659128
2026-05-20,4.2364701130856215
2026-05-21,4.113814216478191
2026-05-22,4.129953150242326
2026-05-25,4.217103392568658
2026-05-26,4.13156704361874
2026-05-27,4.13640872374798
2026-05-28,4.113814216478191
2026-05-29,4.025050080775444
2026-06-01,4.200964458804523
2026-06-02,4.146092084006463
2026-06-03,4.163844911147011
2026-06-04,4.071852988691438
2026-06-05,4.081536348949919
2026-06-08,3.800718901453958
2026-06-09,3.7329353796445877
2026-06-10,3.597368336025848
2026-06-11,3.61189337641357
2026-06-12,3.655468497576736
2026-06-15,3.7797382875605816
2026-06-16,3.8281550888529883
2026-06-17,3.7216381260096925
2026-06-18,3.70227140549273
2026-06-22,3.9814749596122776
2026-06-23,3.7700549273020996
2026-06-24,3.7216381260096925
2026-06-25,3.682904684975767
2026-06-26,3.5634765751211623
2026-06-29,3.5828432956381255
2026-06-30,3.571546042003231
2026-07-01,3.5344264943457184
2026-07-02,3.465029079159935
2026-07-03,3.4940791599353793
2026-07-06,3.4456623586429727
2026-07-07,3.324620355411955
2026-07-08,3.2358562197092087
2026-07-09,3.2342423263327946
2026-07-10,3.237470113085622
2026-07-13,3.0889919224555737
2026-07-14,3.1148142164781905
2026-07-15,3.085764135702746
2026-07-16,3.0470306946688206
2026-07-17,3.011525040387722
2026-07-20,3.0986752827140545
2026-07-21,3.1470920840064616
2026-07-22,3.1922810985460424
2026-07-23,3.4747124394184166
2026-07-24,3.2907285945072697
2026-07-27,3.332689822294022
2026-07-28,3.2681340872374793
2026-07-29,3.332689822294022
2026-07-30,3.348828756058158
2026-07-31,3.3794927302100164
2026-08-03,3.450504038772213
2026-08-04,3.450504038772213
2026-08-05,3.492465266558966
2026-08-06,3.4182261712439415
2026-08-07,3.442434571890145
2026-08-10,3.465029079159935
2026-08-11,3.450504038772213
2026-08-12,3.444048465266559
2026-08-13,3.390789983844911
2026-08-14,3.368195476575121
2026-08-17,3.4117705977382875
2026-08-18,3.352056542810985
2026-08-19,3.277817447495961
2026-08-20,3.2358562197092087
2026-08-21,3.2358562197092087
2026-08-24,3.0663974151857833
