date,TRUE_BUYHOLD_stable_cashflow
2018-01-02,0.999
2018-01-03,1.0016916680315644
2018-01-04,1.0099694720399972
2018-01-05,1.007223250675165
2018-01-08,1.0040991239814265
2018-01-09,1.0028503517003282
2018-01-10,0.9996609115977849
2018-01-11,0.9973058535720305
2018-01-12,0.9896947711861848
2018-01-15,0.9719676256565005
2018-01-16,0.9977341509838333
2018-01-17,0.9969584852785012
2018-01-18,0.99147969213376
2018-01-19,0.9847145807326795
2018-01-22,0.9936529000344615
2018-01-23,0.9978865338839833
2018-01-24,0.9917893818985793
2018-01-25,0.9919689481141758
2018-01-26,0.9930320959371381
2018-01-29,0.9816938417841934
2018-01-30,0.9784019578288147
2018-01-31,0.9679484129258447
2018-02-01,0.9567864679684096
2018-02-02,0.9668649667768735
2018-02-05,0.9500577998851889
2018-02-06,0.9156368789612093
2018-02-07,0.905431466469741
2018-02-08,0.9067307710587533
2018-02-09,0.8665095911181641
2018-02-12,0.8778177177461393
2018-02-13,0.8828239570572568
2018-02-14,0.8923417260100113
2018-02-22,0.9076395988305681
2018-02-23,0.9198697829434911
2018-02-26,0.9304525491330297
2018-02-27,0.9142039603165889
2018-02-28,0.9131114829218199
2018-03-01,0.9152836455727963
2018-03-02,0.9246270806619201
2018-03-05,0.9249348732547582
2018-03-06,0.9310004484791651
2018-03-07,0.9325873849881027
2018-03-08,0.9549398784705807
2018-03-09,0.9595534945283274
2018-03-12,0.9594270774060776
2018-03-13,0.9571084669311684
2018-03-14,0.9513712216360127
2018-03-15,0.9512311863048143
2018-03-16,0.9378641877702353
2018-03-19,0.9368258541983262
2018-03-20,0.9378116835690058
2018-03-21,0.930345989450407
2018-03-22,0.9180364140590556
2018-03-23,0.8917835459548005
2018-03-26,0.8824304005897348
2018-03-27,0.889156381464025
2018-03-28,0.872077886599361
2018-03-29,0.8858408981406798
2018-03-30,0.8815360014991752
2018-04-02,0.8674782918702234
2018-04-03,0.8563663520783955
2018-04-04,0.8560877712353336
2018-04-09,0.8514812804685482
2018-04-10,0.871296856413072
2018-04-11,0.8727294413150744
2018-04-12,0.8701346809468029
2018-04-13,0.865510600185125
2018-04-16,0.8447209289227305
2018-04-17,0.8432554910956287
2018-04-18,0.8346967352843305
2018-04-19,0.8427896474639203
2018-04-20,0.8339477321325673
2018-04-23,0.8356624013998583
2018-04-24,0.8480115838678752
2018-04-25,0.8390546299257665
2018-04-26,0.8261767661832294
2018-04-27,0.8344528533313089
2018-05-02,0.8302498646896971
2018-05-03,0.8373063362363733
2018-05-04,0.8375271777641872
2018-05-07,0.8472173889326965
2018-05-08,0.8568464622497336
2018-05-09,0.8567584836082888
2018-05-10,0.8574046862545956
2018-05-11,0.8566136924749999
2018-05-14,0.8657128322376529
2018-05-15,0.8990029888761714
2018-05-16,0.8845942411644455
2018-05-17,0.8760471634692325
2018-05-18,0.8845866655999559
2018-05-21,0.8885718441637549
2018-05-22,0.8863937899617348
2018-05-23,0.8912397786231375
2018-05-24,0.8756344386662027
2018-05-25,0.8803704473822818
2018-05-28,0.877734722851292
2018-05-29,0.8782777624557896
2018-05-30,0.8582150108282091
2018-05-31,0.8813462083534654
2018-06-01,0.8687134687698386
2018-06-04,0.8888213764996548
2018-06-05,0.8924087961579615
2018-06-06,0.905760490999213
2018-06-07,0.8916672621137527
2018-06-08,0.8879013631193374
2018-06-11,0.896873590669919
2018-06-12,0.9051384920296826
2018-06-13,0.9082217006681158
2018-06-14,0.9092149086471213
2018-06-15,0.9077680204852232
2018-06-19,0.874764293899385
2018-06-20,0.8780697211625645
2018-06-21,0.8724592239702241
2018-06-22,0.865515625741299
2018-06-25,0.861242223467908
2018-06-26,0.851789424107365
2018-06-27,0.8399131066224707
2018-06-28,0.8312433801895077
2018-06-29,0.8480633998139409
2018-07-02,0.8251812736727895
2018-07-03,0.823384200641493
2018-07-04,0.8142158496110039
2018-07-05,0.810751447247603
2018-07-06,0.8091345520526352
2018-07-09,0.8248437230333128
2018-07-10,0.8219033381125029
2018-07-11,0.8050226757264194
2018-07-12,0.819031624977892
2018-07-13,0.8168760746613083
2018-07-16,0.8196637646658269
2018-07-17,0.8123091937332411
2018-07-18,0.8354987725239962
2018-07-19,0.8406335493618552
2018-07-20,0.8512304233260589
2018-07-23,0.8537687280349208
2018-07-24,0.8613809777255074
2018-07-25,0.8490076258985544
2018-07-26,0.8615110379184906
2018-07-27,0.8515994036862898
2018-07-30,0.8588770537621482
2018-07-31,0.8593918662724075
2018-08-01,0.8487505402213393
2018-08-02,0.8277805427912537
2018-08-03,0.822344124674246
2018-08-06,0.8113409255637191
2018-08-07,0.8292912231666472
2018-08-08,0.8193645598604827
2018-08-09,0.8347677392171563
2018-08-10,0.824387932447684
2018-08-13,0.8201716681225972
2018-08-14,0.8124410086078324
2018-08-15,0.7952201495064067
2018-08-16,0.793355138789137
2018-08-17,0.7903345740238823
2018-08-20,0.8058552807731456
2018-08-21,0.8121109788872414
2018-08-22,0.8010286996477854
2018-08-23,0.796877976196999
2018-08-24,0.7989066143015112
2018-08-27,0.8088555452447608
2018-08-28,0.8132799454051558
2018-08-29,0.8040185830994723
2018-08-30,0.7987946447173474
2018-08-31,0.7895749766214357
2018-09-03,0.7884061626678696
2018-09-04,0.79914547300793
2018-09-05,0.7820639193704624
2018-09-06,0.7838354800839175
2018-09-07,0.7771961506700603
2018-10-29,0.7464951386516596
2018-10-30,0.7586768314823624
2018-10-31,0.7678893326575501
2018-11-01,0.7787962416740992
2018-11-02,0.7968155365196865
2018-11-05,0.8018363351701175
2018-11-06,0.7922263541864514
2018-11-07,0.7886876805986629
2018-11-08,0.7924045040129276
2018-11-09,0.7757833268777843
2018-11-12,0.7825725211917448
2018-11-13,0.7905924707880122
2018-11-14,0.7848819049356256
2018-11-15,0.7937297955020256
2018-11-16,0.7949739545436263
2018-11-19,0.8011942789705235
2018-11-20,0.7797066520298319
2018-11-21,0.7753332477113848
2018-11-22,0.7727793740224447
2018-11-23,0.7543639368031791
2018-11-26,0.7626575718919107
2018-11-27,0.7612689915652968
2018-11-28,0.7640051315147918
2018-11-29,0.747648407616979
2018-11-30,0.7547040285325187
2018-12-03,0.7784305165461374
2018-12-04,0.7814186498660862
2018-12-05,0.7775663397127615
2018-12-06,0.7617910573701161
2018-12-07,0.7659875169880828
2018-12-10,0.7629085116542617
2018-12-11,0.7602030169126769
2018-12-12,0.7716871345916244
2018-12-13,0.7892828573181669
2018-12-14,0.7851420027284737
2018-12-17,0.7880563211183664
2018-12-18,0.7961216010001009
2018-12-19,0.8000381193226093
2018-12-20,0.7971811371283039
2018-12-21,0.8000675986967114
2018-12-24,0.7898306960701155
2018-12-25,0.7949087666932523
2018-12-26,0.796368368039392
2018-12-27,0.8010250040169891
2018-12-28,0.8134983523648929
2019-01-02,0.7934609081827767
2019-01-03,0.7938880818150121
2019-01-04,0.7983992887622412
2019-01-07,0.8065448404585818
2019-01-08,0.8208232390509994
2019-01-09,0.826353285588039
2019-01-10,0.8210437866781409
2019-01-11,0.8170150958667222
2019-01-14,0.8154730158554289
2019-01-15,0.8281569958155134
2019-01-16,0.8287179305436
2019-01-17,0.8304549408781908
2019-01-18,0.849944023895735
2019-01-21,0.8546750230678809
2019-01-22,0.84438771491807
2019-01-23,0.8521015979891854
2019-01-24,0.8512720737586236
2019-01-25,0.8509837854016724
2019-01-28,0.8505571156421142
2019-01-29,0.8633626085909953
2019-01-30,0.8553095393119448
2019-01-31,0.8592479486080379
2019-02-01,0.8727033158878811
2019-02-11,0.8857802671509153
2019-02-12,0.8992730624041562
2019-02-13,0.9017964101781494
2019-02-14,0.8999111352728978
2019-02-15,0.8851315627069333
2019-02-18,0.8948209390222
2019-02-19,0.8865184285107689
2019-02-21,0.8845416409325133
2019-02-22,0.8875971434183989
2019-02-25,0.9201377227887926
2019-02-26,0.9056682111270425
2019-02-27,0.9014645041630986
2019-02-28,0.8947858039209278
2019-03-01,0.9047234468519114
2019-03-04,0.9097525195580981
2019-03-05,0.9182798096152043
2019-03-06,0.9436101847646414
2019-03-07,0.9314905103215882
2019-03-08,0.8995284293978273
2019-03-11,0.9064148059944448
2019-03-12,0.9134130356443155
2019-03-13,0.8990118690211847
2019-03-14,0.8956632549668457
2019-03-15,0.9041489414932219
2019-03-18,0.9322451634317518
2019-03-19,0.9430289100807829
2019-03-20,0.942315594347957
2019-03-21,0.9436588572251315
2019-03-22,0.9594814400309621
2019-03-25,0.9389901991350428
2019-03-26,0.9370918269625331
2019-03-27,0.9387537137260026
2019-03-28,0.9393729951570837
2019-03-29,0.9560030560010843
2019-04-01,0.9891922676763646
2019-04-02,0.9828191258536826
2019-04-03,1.0094124915689904
2019-04-04,1.021250560534205
2019-04-08,1.0078770229020058
2019-04-09,1.0068676921543236
2019-04-10,1.0036742562017846
2019-04-11,0.9899787030345112
2019-04-12,0.9988693185736339
2019-04-15,0.9849781467733654
2019-04-16,0.9975874769501509
2019-04-17,0.9958817968744172
2019-04-18,0.9837635518363257
2019-04-19,0.9920700581977524
2019-04-22,0.9718634653501032
2019-04-23,0.9677547731104569
2019-04-24,0.9764425568808546
2019-04-25,0.9605095331779053
2019-04-26,0.9522611229641609
2019-04-29,0.9636716531785482
2019-04-30,0.9647402723638802
2019-05-06,0.9298766794957491
2019-05-07,0.9344630674217561
2019-05-22,0.922369469763409
2019-05-23,0.9132831827335045
2019-05-24,0.9144485034186328
2019-05-27,0.9180885783715842
2019-05-28,0.9267961026262206
2019-05-29,0.9292137407444363
2019-05-30,0.9568062277884904
2019-05-31,0.9614068718205251
2019-06-03,0.9668172682229089
2019-06-04,0.9544107047430114
2019-06-05,0.9561481325042236
2019-06-06,0.9505948679924011
2019-06-10,0.9721768389134039
2019-06-11,0.989529848102972
2019-06-12,0.9853141680758154
2019-06-13,0.9772277618300541
2019-06-14,0.9715146771109792
2019-06-17,0.967800951337228
2019-06-18,0.969427656270035
2019-06-19,0.9790397747272058
2019-06-20,0.9938891909339801
2019-06-21,0.9805379005035089
2019-06-24,0.9794209370761994
2019-06-25,0.9707865931132904
2019-06-26,0.9759489877622303
2019-06-27,0.9792098261520911
2019-06-28,0.9737863958386888
2019-07-01,0.9917231283351194
2019-07-02,1.0055818729230679
2019-07-03,1.0167280293511418
2019-07-04,1.0218307196067433
2019-07-05,1.0332472175644416
2019-07-08,1.0119461651749193
2019-07-09,1.0069861095424582
2019-07-10,1.0178491262815434
2019-07-11,1.0285348858795298
2019-07-12,1.0306846080013092
2019-07-15,1.037177610175316
2019-07-16,1.034830323199282
2019-07-17,1.0282899021357685
2019-07-18,1.031158854631234
2019-07-19,1.0455666870644642
2019-07-22,1.056434593630042
2019-07-23,1.0752878891592343
2019-07-24,1.0651234096343234
2019-07-25,1.0693176480947821
2019-07-26,1.085784179542504
2019-07-29,1.0965869654224556
2019-07-30,1.1061134627576665
2019-07-31,1.1006682210292906
2019-08-01,1.1003182724082436
2019-08-02,1.101180677311185
2019-08-05,1.0705394876157461
2019-08-06,1.0665164941612604
2019-08-07,1.0697447975907457
2019-08-08,1.0863960356358688
2019-08-09,1.0814595951492678
2019-08-12,1.0786486297623097
2019-08-13,1.0713995294750973
2019-08-14,1.0773208895779876
2019-08-15,1.085199460884151
2019-08-16,1.0907763405418338
2019-08-19,1.1304501226713901
2019-08-20,1.1178443935110975
2019-08-21,1.113243663033007
2019-08-22,1.1174977727581128
2019-08-23,1.1192453083908223
2019-08-26,1.127210906954277
2019-08-27,1.1531538024957844
2019-08-28,1.1484913526303437
2019-08-29,1.129985551502869
2019-08-30,1.1195768658595961
2019-09-02,1.1276018000145696
2019-09-03,1.139176209462631
2019-09-04,1.1181145612819678
2019-09-05,1.1101620585148375
2019-09-06,1.1149744454194768
2019-09-09,1.1118053900889981
2019-09-10,1.1123444468593413
2019-09-11,1.1067552155795344
2019-09-12,1.108913342594941
2019-09-16,1.1101583207118901
2019-09-17,1.0881817559353202
2019-09-18,1.0944525251776205
2019-09-19,1.0880817122605013
2019-09-20,1.1116271903466013
2019-09-23,1.0979600496848214
2019-09-24,1.1045022717171695
2019-09-25,1.0833825369661014
2019-09-26,1.0800510173201354
2019-09-27,1.0600094840267429
2019-09-30,1.0598102180900286
2019-10-08,1.085605920162469
2019-10-09,1.0820934147252563
2019-10-10,1.08316191824632
2019-10-11,1.0898649649725247
2019-10-14,1.0854461138376996
2019-10-15,1.0723799938681222
2019-10-16,1.0717657806797505
2019-10-17,1.0653789342020636
2019-10-18,1.0489977848658973
2019-10-21,1.0533276380690149
2019-10-22,1.0637275532755908
2019-10-23,1.0560051202382361
2019-10-24,1.0536871056061652
2019-10-25,1.0601046088366703
2019-10-28,1.0593770961210707
2019-10-29,1.0570920842163947
2019-10-30,1.0657592311884823
2019-10-31,1.0652087428041939
2019-11-01,1.0945390677241587
2019-11-04,1.1006299583102437
2019-11-05,1.1027956335673377
2019-11-06,1.1037367733116816
2019-11-07,1.0929555038995764
2019-11-08,1.0981281126971354
2019-11-11,1.0773134935837636
2019-11-12,1.0760962617781917
2019-11-13,1.0743487867396695
2019-11-14,1.066040701350799
2019-11-15,1.0585025024141426
2019-11-18,1.0589457068448929
2019-11-19,1.0645013867083346
2019-11-20,1.0518315390836648
2019-11-21,1.0547361416012904
2019-11-22,1.0518251496085267
2019-11-25,1.0681842587731039
2019-11-26,1.071206549606045
2019-11-27,1.0644371053536006
2019-11-28,1.0542606194940918
2019-11-29,1.0463013760157147
2019-12-02,1.0609581702971773
2019-12-03,1.064656160219541
2019-12-04,1.0674907319695042
2019-12-05,1.0755259393963505
2019-12-06,1.076015909041635
2019-12-09,1.0796836425687883
2019-12-10,1.0798995208398954
2019-12-11,1.0782257054050284
2019-12-12,1.0811103577184438
2019-12-13,1.0959444915338898
2019-12-16,1.1069649880297563
2019-12-17,1.1068491248195467
2019-12-18,1.091476757542092
2019-12-19,1.0937075534848129
2019-12-20,1.0838312901777578
2019-12-23,1.0771071273413153
2019-12-24,1.071743585361574
2019-12-25,1.069653394741021
2019-12-26,1.08079852911678
2019-12-27,1.082601149702714
2019-12-30,1.100488356345465
2019-12-31,1.1003402531220081
2020-01-02,1.1102353800058185
2020-01-03,1.1011821650803515
2020-01-06,1.0767447291071803
2020-01-07,1.086813759412159
2020-01-08,1.0801369433261279
2020-01-09,1.0915938832137342
2020-01-10,1.0966518422132372
2020-01-13,1.0987216794376995
2020-01-14,1.0983102920694698
2020-01-15,1.0865854056760949
2020-01-16,1.082289662335404
2020-01-17,1.0746743779360657
2020-01-20,1.0759460184267704
2020-01-21,1.0521169013288745
2020-01-22,1.040721087747832
2020-01-23,1.010939258489492
2020-02-03,0.9593981410715606
2020-02-04,0.9887633561338105
2020-02-05,0.9908373403016837
2020-02-06,0.9982754896149387
2020-02-07,1.0051073530371186
2020-02-10,0.9975839108204162
2020-02-11,1.0096595691431725
2020-02-12,1.0133698936186468
2020-02-13,1.000563292668092
2020-02-14,1.0033809238651497
2020-02-17,1.0178994505128633
2020-02-18,1.011943944441889
2020-02-19,1.0064515501572127
2020-02-20,1.0178443826286523
2020-02-21,1.0106621476346993
2020-02-24,1.0004002796636349
2020-02-25,0.9842608647330101
2020-02-26,0.9841279745238389
2020-02-27,0.9877603200568329
2020-02-28,0.9599742427065207
2020-03-02,0.9822777368011152
2020-03-03,0.9887841229033504
2020-03-04,0.9933963368789375
2020-03-05,1.0167608468470948
2020-03-06,1.0023898446490134
2020-03-09,0.9801291000878908
2020-03-10,1.0012292469190684
2020-03-11,0.9919311551312532
2020-03-12,0.9760380810304428
2020-03-13,0.9516030330860886
2020-03-16,0.9357281360401538
2020-03-17,0.9304503519688269
2020-03-18,0.9295739645327667
2020-03-19,0.906024999993454
2020-03-20,0.9241385060860703
2020-03-23,0.9111814900755087
2020-03-24,0.9396228156248866
2020-03-25,0.9526993466992468
2020-03-26,0.9442559386805728
2020-03-27,0.9472530611920792
2020-03-30,0.9464420680867743
2020-03-31,0.953321355922566
2020-04-01,0.9432365250466207
2020-04-02,0.9518733823521129
2020-04-03,0.9470059391081709
2020-04-07,0.9535473734411445
2020-04-08,0.9519135995785776
2020-04-09,0.9445919250962646
2020-04-10,0.9450227691220355
2020-04-13,0.9426659679595812
2020-04-14,0.9510154942408584
2020-04-15,0.9456681947472342
2020-04-16,0.9458192790802945
2020-04-17,0.9416623345688321
2020-04-20,0.9380512795091208
2020-04-21,0.9318318763815223
2020-04-22,0.9425035166599351
2020-04-23,0.9449171576370358
2020-04-24,0.9508048886603604
2020-04-27,0.9515411242343114
2020-04-28,0.9491270011832305
2020-04-29,0.9542255805288585
2020-04-30,0.9657237250605203
2020-05-06,0.9619831640209016
2020-05-07,0.9549705514803041
2020-05-08,0.9693097496317059
2020-05-11,0.9760192980587536
2020-05-12,0.9816909160335525
2020-05-13,0.9792655077322585
2020-05-14,0.9806231922956501
2020-05-15,0.971382344733261
2020-05-18,0.9725884526358233
2020-05-19,0.9795979976207618
2020-05-20,0.9783884019738667
2020-05-21,0.9747772276211923
2020-05-22,0.9557562251707586
2020-05-25,0.9612481072965998
2020-05-26,0.971159819192001
2020-05-27,0.9724708162040592
2020-05-28,0.9820262922994452
2020-05-29,0.9867342102832625
2020-06-01,1.014455685127586
2020-06-02,1.0193575118790836
2020-06-03,1.0164896392680676
2020-06-04,1.0110995010328627
2020-06-05,1.011384480061698
2020-06-08,1.0255675963054927
2020-06-09,1.0372106632327922
2020-06-10,1.0271426346523653
2020-06-11,1.0101622290626957
2020-06-12,1.0111096171905176
2020-06-15,0.9899068194763659
2020-06-16,1.0070963598638427
2020-06-17,1.0114775717621456
2020-06-18,1.017080994500621
2020-06-19,1.0362389342172622
2020-06-22,1.0342697642577368
2020-06-23,1.045625383702131
2020-06-24,1.065078898413888
2020-06-29,1.0709248210341051
2020-06-30,1.0714272430545302
2020-07-01,1.0947633392260743
2020-07-02,1.10464723120007
2020-07-03,1.1023051063323168
2020-07-06,1.1334205269873798
2020-07-07,1.1252814626849215
2020-07-08,1.1329449628259407
2020-07-09,1.1394126931634434
2020-07-10,1.1132690233259408
2020-07-13,1.1425653926634243
2020-07-14,1.1457154175458382
2020-07-15,1.1537804040235982
2020-07-16,1.111066886635518
2020-07-17,1.1267314817587184
2020-07-20,1.1626861070185766
2020-07-21,1.159925213412215
2020-07-22,1.1553495620474508
2020-07-23,1.159470390168447
2020-07-24,1.1182638166439325
2020-07-27,1.131797343250104
2020-07-28,1.1357888395744238
2020-07-29,1.164469626668097
2020-07-30,1.1549070788808986
2020-07-31,1.1592286021637566
2020-08-03,1.1632116317091425
2020-08-04,1.164864807583647
2020-08-05,1.1524939746233827
2020-08-06,1.1420782486642713
2020-08-07,1.1473280431808308
2020-08-10,1.1588864736417088
2020-08-11,1.1571487652403298
2020-08-12,1.154560626290342
2020-08-13,1.1611495413981288
2020-08-14,1.180299545955793
2020-08-17,1.1875361780899711
2020-08-18,1.1859585487373148
2020-08-19,1.2159331031840024
2020-08-20,1.197727101730475
2020-08-21,1.201181300199045
2020-08-24,1.1954443239991484
2020-08-25,1.1944078916523926
2020-08-26,1.195329822532455
2020-08-27,1.192256305630017
2020-08-28,1.2048453069714615
2020-08-31,1.2112297598962258
2020-09-01,1.224965179478333
2020-09-02,1.2230046847988132
2020-09-03,1.2291386198654977
2020-09-04,1.2168931634352214
2020-09-07,1.2063617198352106
2020-09-08,1.2255495766081186
2020-09-09,1.2105621187621578
2020-09-10,1.214683691057355
2020-09-11,1.2196891819612863
2020-09-14,1.252622530154361
2020-09-15,1.258693341963719
2020-09-16,1.2609841126861565
2020-09-17,1.2502029454980008
2020-09-18,1.2597818365243334
2020-09-21,1.251200183465029
2020-09-22,1.2354643127138185
2020-09-23,1.2428914906884123
2020-09-24,1.2150549902491738
2020-09-25,1.1954245664458965
2020-09-28,1.2056972574242597
2020-09-29,1.2272086862131868
2020-09-30,1.2234297981240463
2020-10-09,1.2265355864157057
2020-10-12,1.2320275291357339
2020-10-13,1.2477182669821183
2020-10-14,1.2362493424863912
2020-10-15,1.2393199401645325
2020-10-16,1.2304171300452835
2020-10-19,1.2232147473942594
2020-10-20,1.2365273936049066
2020-10-21,1.2438902080839158
2020-10-22,1.24700334636998
2020-10-23,1.223088088499553
2020-10-26,1.2307974202164773
2020-10-27,1.233335858949741
2020-10-28,1.243390438954581
2020-10-29,1.2594196775334756
2020-10-30,1.2492375436109773
2020-11-02,1.2854207317844828
2020-11-03,1.2825220498563006
2020-11-04,1.2957125253500061
2020-11-05,1.3166541435459829
2020-11-06,1.3434847991940544
2020-11-09,1.347574730080895
2020-11-10,1.3462648858868038
2020-11-11,1.3508483448314235
2020-11-12,1.3526834098785046
2020-11-13,1.3394632808274651
2020-11-16,1.3326197710896521
2020-11-17,1.3296037170952808
2020-11-18,1.3303672973318819
2020-11-19,1.3548415692441202
2020-11-20,1.3484804766769185
2020-11-23,1.3627692720671583
2020-11-24,1.3404436498839851
2020-11-25,1.3331649231824274
2020-11-26,1.3523633070412715
2020-11-27,1.3626207156283063
2020-11-30,1.3549767519657905
2020-12-01,1.3638121901570495
2020-12-02,1.361212674166501
2020-12-03,1.360892488321776
2020-12-04,1.3530902377965162
2020-12-07,1.3372765863501082
2020-12-08,1.3282871363153348
2020-12-09,1.3032844134283443
2020-12-10,1.2958461431065291
2020-12-11,1.2898612413454558
2020-12-14,1.2996829632340952
2020-12-15,1.3096484819509882
2020-12-16,1.321620333810751
2020-12-17,1.3327843317632655
2020-12-18,1.3250641254075242
2020-12-21,1.3152893669807015
2020-12-22,1.302633860120298
2020-12-23,1.3204762601813256
2020-12-24,1.320508485887612
2020-12-25,1.3461585430090972
2020-12-28,1.3497425525862714
2020-12-29,1.338696404224056
2020-12-30,1.3407326900321532
2020-12-31,1.3529685859887832
2021-01-04,1.355148881179378
2021-01-05,1.3566442751102705
2021-01-06,1.3763605515541761
2021-01-07,1.3916333296633259
2021-01-08,1.38139334972398
2021-01-11,1.35682026014044
2021-01-12,1.367622036983917
2021-01-13,1.3793487414151397
2021-01-14,1.3586738492455197
2021-01-15,1.3607608197460654
2021-01-18,1.3485760103104252
2021-01-19,1.3378276261205686
2021-01-20,1.334658261111524
2021-01-21,1.356341100486613
2021-01-22,1.351431400036968
2021-01-25,1.3511911121054012
2021-01-26,1.3373968608044533
2021-01-27,1.3487560511804861
2021-01-28,1.3612139405086614
2021-01-29,1.354215376619475
2021-02-01,1.3599148398708512
2021-02-02,1.3598875340759113
2021-02-03,1.3549325439241067
2021-02-04,1.3402126309351874
2021-02-05,1.343019913959224
2021-02-08,1.3406055102679764
2021-02-09,1.3531561106329861
2021-02-10,1.3996835931346805
2021-02-18,1.3574399774304953
2021-02-19,1.3782414391069
2021-02-22,1.3353974226174026
2021-02-23,1.33153110415131
2021-02-24,1.339579640616116
2021-02-25,1.3399880255727437
2021-02-26,1.328250745927482
2021-03-01,1.3254740632950621
2021-03-02,1.3360613938546329
2021-03-03,1.344750546860283
2021-03-04,1.3457552673751842
2021-03-05,1.3348625294895398
2021-03-08,1.3409496515113113
2021-03-09,1.318632209518322
2021-03-10,1.327304106271697
2021-03-11,1.381230553780894
2021-03-12,1.4691959346436454
2021-03-15,1.4358284002497768
2021-03-16,1.4417332113745136
2021-03-17,1.4129220744201703
2021-03-18,1.431575729686723
2021-03-19,1.4296066632422673
2021-03-22,1.459843338834192
2021-03-23,1.4127504743695807
2021-03-24,1.4105955975590359
2021-03-25,1.401833918433329
2021-03-26,1.4145828604938888
2021-03-29,1.430080395375782
2021-03-30,1.4390667089745521
2021-03-31,1.4524290552221097
2021-04-01,1.4575804458652946
2021-04-02,1.4478497882170072
2021-04-06,1.4395356484589565
2021-04-07,1.4422028618339546
2021-04-08,1.4344644062842422
2021-04-09,1.4258207592182242
2021-04-12,1.4747816727375516
2021-04-13,1.4521937668430385
2021-04-14,1.464378347449843
2021-04-15,1.4450327214971312
2021-04-16,1.4350871128978386
2021-04-19,1.4408135755243388
2021-04-20,1.4385331672818829
2021-04-21,1.4395625564785275
2021-04-22,1.4546992846728728
2021-04-23,1.452835947028432
2021-04-26,1.4183787351711277
2021-04-27,1.4202565981966682
2021-04-28,1.4481496669631853
2021-04-29,1.4538031827842564
2021-04-30,1.4202025416865058
2021-05-06,1.405518109086385
2021-05-07,1.3957827029479302
2021-05-10,1.4307487247576445
2021-05-11,1.4258404324109621
2021-05-12,1.4078479497414258
2021-05-13,1.3782733124259767
2021-05-14,1.385338927019678
2021-05-17,1.4015262559296309
2021-05-18,1.3918924255193839
2021-05-19,1.3844366057859832
2021-05-20,1.386778973897126
2021-05-21,1.3980796950906704
2021-05-24,1.3953054448788833
2021-05-25,1.4118087465718583
2021-05-26,1.4113417037627367
2021-05-27,1.4065935523500834
2021-05-28,1.3809708316050908
2021-05-31,1.3866266706278068
2021-06-01,1.384397603514825
2021-06-02,1.391583899006133
2021-06-03,1.3808718140357592
2021-06-04,1.3730503561171508
2021-06-07,1.3684460472156852
2021-06-08,1.3639969049433323
2021-06-09,1.3891947296470188
2021-06-10,1.383396928036269
2021-06-11,1.3969127078502142
2021-06-15,1.3890875545528425
2021-06-16,1.3963069078416273
2021-06-17,1.3862949160230555
2021-06-18,1.3676729091598976
2021-06-21,1.3743613436344686
2021-06-22,1.3700246632740483
2021-06-23,1.3882641732952787
2021-06-24,1.3985608163486507
2021-06-25,1.3950625934736258
2021-06-28,1.4341027760009533
2021-06-29,1.3932913044376687
2021-06-30,1.392313927538962
2021-07-01,1.407370346594144
2021-07-02,1.3760601133655936
2021-07-05,1.3517564342552881
2021-07-06,1.3713996631407486
2021-07-07,1.3709605123921278
2021-07-08,1.371450510651334
2021-07-09,1.365773732463664
2021-07-12,1.3634659675891725
2021-07-13,1.39587445875673
2021-07-14,1.3843508033781597
2021-07-15,1.3805621471809433
2021-07-16,1.352302314057542
2021-07-19,1.3496935643409267
2021-07-20,1.3180206621396053
2021-07-21,1.2951954534763008
2021-07-22,1.296892845189318
2021-07-23,1.2730699783703108
2021-07-26,1.2600933356443689
2021-07-27,1.2235327217059178
2021-07-28,1.2500827440125457
2021-07-29,1.2430563519157958
2021-07-30,1.2579336642362433
2021-08-02,1.2791931186191405
2021-08-03,1.3036012736453062
2021-08-04,1.3181120559618107
2021-08-05,1.3188834091435426
2021-08-06,1.3256149418054557
2021-08-09,1.3463986758338713
2021-08-10,1.356523606114251
2021-08-11,1.358057888619664
2021-08-12,1.3541396344723782
2021-08-13,1.3539780826733339
2021-08-16,1.3728258265947169
2021-08-17,1.3507939942157197
2021-08-18,1.3622003529259465
2021-08-19,1.356952074080591
2021-08-20,1.35521180199623
2021-08-23,1.3502421197718297
2021-08-24,1.3836373295568805
2021-08-25,1.3699199645501556
2021-08-26,1.3540485880954611
2021-08-27,1.3512529050998314
2021-08-30,1.3522433389271524
2021-08-31,1.345858036914405
2021-09-01,1.383144805878112
2021-09-02,1.408071455597645
2021-09-03,1.4260104540678766
2021-09-06,1.4477590385853525
2021-09-07,1.4583536021839394
2021-09-08,1.5311214182665285
2021-09-09,1.524950419975094
2021-09-10,1.498509420957565
2021-09-13,1.4937979689421885
2021-09-14,1.469876507080099
2021-09-15,1.4406027353138104
2021-09-16,1.435376915537598
2021-09-17,1.518418762795403
2021-09-22,1.6144488876869463
2021-09-23,1.631494755548854
2021-09-24,1.5730481934447993
2021-09-27,1.5735048586003362
2021-09-28,1.6698821003089208
2021-09-29,1.6691713557508125
2021-09-30,1.7097119142680368
2021-10-08,1.6400998062976475
2021-10-11,1.5833294794577286
2021-10-12,1.5367706798928316
2021-10-13,1.5082144341590196
2021-10-14,1.4876997667872454
2021-10-15,1.4818553770870593
2021-10-18,1.518549711178427
2021-10-19,1.522841510552674
2021-10-20,1.5531103737775966
2021-10-21,1.5576319248446744
2021-10-22,1.5330375317793794
2021-10-25,1.5307234093024218
2021-10-26,1.5286084750989775
2021-10-27,1.5539145221245139
2021-10-28,1.5345088123529105
2021-10-29,1.5178424409243323
2021-11-01,1.53392882899644
2021-11-02,1.486874157981426
2021-11-03,1.5091096250021256
2021-11-04,1.5118416813644493
2021-11-05,1.467192103697872
2021-11-08,1.4502156666353962
2021-11-09,1.445720391024785
2021-11-10,1.430999572514461
2021-11-11,1.4341053900243332
2021-11-12,1.4211963180779548
2021-11-15,1.4210366088775077
2021-11-16,1.4301202586144022
2021-11-17,1.416383045979675
2021-11-18,1.4095332966412395
2021-11-19,1.4259332188751197
2021-11-22,1.4100619779157597
2021-11-23,1.4157003882907866
2021-11-24,1.414089733120919
2021-11-25,1.4306183351921
2021-11-26,1.4087231553859705
2021-12-13,1.5285102162982145
2021-12-14,1.5243147232925374
2021-12-15,1.5412463268749652
2021-12-16,1.5601178715981279
2021-12-17,1.5520470296749822
2021-12-20,1.5177446448631817
2021-12-21,1.535000334983639
2021-12-22,1.524457139837328
2021-12-23,1.5661255060734736
2021-12-24,1.567964404576891
2021-12-27,1.5712451835936843
2021-12-28,1.564914137809315
2021-12-29,1.5361898843307706
2021-12-30,1.556687552450863
2021-12-31,1.5900099407442507
2022-01-04,1.566959402627401
2022-01-05,1.5418684677924803
2022-01-06,1.5162282775644578
2022-01-07,1.519753525846289
2022-01-10,1.526745651390872
2022-01-11,1.5186441614977633
2022-01-12,1.5052366373492727
2022-01-13,1.4879472821158128
2022-01-14,1.4956796542579451
2022-01-17,1.4927609934394108
2022-01-18,1.5183032727364358
2022-01-19,1.528720058252233
2022-01-20,1.5506592741895384
2022-01-21,1.5357293772426086
2022-01-24,1.5358241441736464
2022-01-25,1.5063220302162015
2022-01-26,1.5191004461267585
2022-01-27,1.5029046060460562
2022-01-28,1.4738724794772005
2022-02-07,1.502760705702734
2022-02-08,1.5457043416900547
2022-02-09,1.5708637626552544
2022-02-10,1.572698285278832
2022-02-11,1.5654542690122228
2022-02-14,1.5235050128585186
2022-02-15,1.5125192594646937
2022-02-16,1.5166968121605449
2022-02-17,1.5095932601966633
2022-02-18,1.5131598341311108
2022-02-21,1.507559467403386
2022-02-22,1.48097955707889
2022-02-23,1.4858426171310697
2022-02-24,1.461404641676261
2022-02-25,1.4800770124328713
2022-02-28,1.4813347323479837
2022-03-01,1.487445992108053
2022-03-02,1.4910536717213563
2022-03-03,1.5183699053569786
2022-03-04,1.5140311738968892
2022-03-07,1.4821516288661247
2022-03-08,1.4340073732244787
2022-03-09,1.44380159788612
2022-03-10,1.4551838948056524
2022-03-11,1.438168236717158
2022-03-14,1.4060854618799492
2022-03-15,1.3168992346825943
2022-03-16,1.374490940874127
2022-03-17,1.3755338184883044
2022-03-18,1.3805484579633658
2022-03-21,1.3701471679974326
2022-03-22,1.3779126256843213
2022-03-23,1.3751327515458158
2022-03-24,1.363795470503501
2022-03-25,1.341345843787645
2022-03-28,1.343519771374018
2022-03-29,1.3407664375542532
2022-03-30,1.3601559858692827
2022-03-31,1.3636494604339533
2022-04-01,1.3797933778493037
2022-04-06,1.4199457259476096
2022-04-07,1.4102532710284736
2022-04-08,1.4236340666849163
2022-04-11,1.4039291386676498
2022-04-12,1.4145062537874817
2022-04-13,1.4122049998211665
2022-04-14,1.4254288265885435
2022-04-15,1.4294918390222109
2022-04-18,1.4295317251958901
2022-04-19,1.4372646761118473
2022-04-20,1.4228169301821358
2022-04-21,1.4114245096132123
2022-04-22,1.443005222448961
2022-04-25,1.3948592712489603
2022-04-26,1.3772719765058612
2022-04-27,1.3805609883908114
2022-04-28,1.3960230543565946
2022-04-29,1.4117087757716011
2022-05-05,1.4359056099016534
2022-05-06,1.4089617080086183
2022-05-09,1.4105843231536375
2022-05-10,1.459836326432182
2022-05-11,1.4504074759601173
2022-05-12,1.4446293019313898
2022-05-13,1.4902453259933537
2022-05-16,1.476904127232008
2022-05-17,1.4738554232895038
2022-05-18,1.473456076393899
2022-05-19,1.4874000144956177
2022-05-20,1.4935730412213821
2022-05-23,1.470997324130856
2022-05-24,1.4550375761688445
2022-05-25,1.4795490341022108
2022-05-26,1.5093412068761083
2022-05-27,1.4992719819525415
2022-05-30,1.5012339937741979
2022-05-31,1.512280289176656
2022-06-01,1.509567004420927
2022-06-02,1.485111065069778
2022-06-06,1.4911233230384098
2022-06-07,1.4753931075898914
2022-06-08,1.4845614516253423
2022-06-09,1.4906685828021335
2022-06-10,1.5286939188275934
2022-06-13,1.4931337529022026
2022-06-14,1.5144640979634523
2022-06-15,1.5203063142642894
2022-06-16,1.501289104686885
2022-06-17,1.5152069966930435
2022-06-20,1.5191576461799772
2022-06-21,1.5316793716167658
2022-06-22,1.524802227275282
2022-06-23,1.5165843273784037
2022-06-24,1.521070367971829
2022-06-27,1.5346275207720712
2022-06-28,1.5487234108347796
2022-06-29,1.549380331502383
2022-06-30,1.5438199995317334
2022-07-01,1.5762763518930532
2022-07-04,1.5943225494139197
2022-07-05,1.5810885964149126
2022-07-06,1.5888493093479208
2022-07-07,1.600461255808555
2022-07-08,1.6193520685192535
2022-07-11,1.6206702542507325
2022-07-12,1.638240450352473
2022-07-13,1.6344836758651362
2022-07-14,1.599378723963844
2022-07-15,1.5714628785334037
2022-07-18,1.5988667284539315
2022-07-19,1.5880492750621342
2022-07-20,1.575281044686275
2022-07-21,1.5564365496786345
2022-07-22,1.567047334036862
2022-07-25,1.5647230118980593
2022-07-26,1.577541257693314
2022-07-27,1.559700532862877
2022-07-28,1.556762741709903
2022-07-29,1.5508310481654304
2022-08-01,1.5514607276854535
2022-08-02,1.522892216775573
2022-08-03,1.5067602724234357
2022-08-04,1.529824752986795
2022-08-05,1.5425608455733566
2022-08-08,1.5490211903074946
2022-08-09,1.5340227598317533
2022-08-10,1.5233428284285715
2022-08-11,1.5398699652411667
2022-08-12,1.5472930383265902
2022-08-15,1.545334594674519
2022-08-16,1.54156146540314
2022-08-17,1.5432386705913756
2022-08-18,1.5224207722347427
2022-08-19,1.556884863305346
2022-08-22,1.5593961515700703
2022-08-23,1.560559705848869
2022-08-24,1.5449700684719365
2022-08-25,1.5829351593313015
2022-08-26,1.572591355363251
2022-08-29,1.5772850490414925
2022-08-30,1.568001852303239
2022-08-31,1.5886621535777583
2022-09-01,1.608646789404184
2022-09-02,1.6164727237758358
2022-09-05,1.619649786404386
2022-09-06,1.6222402254662016
2022-09-07,1.6171543430302238
2022-09-08,1.6300331756504054
2022-09-09,1.639098638755147
2022-09-13,1.6318140798056127
2022-09-14,1.6168569852362762
2022-09-15,1.61426926242179
2022-09-16,1.5809017683665647
2022-09-19,1.5740391206124456
2022-09-20,1.5696480328580116
2022-09-21,1.5767586495186674
2022-09-22,1.565309330011844
2022-09-23,1.5559319233176807
2022-09-26,1.5301821202305574
2022-09-27,1.5293830826227548
2022-09-28,1.513137108876149
2022-09-29,1.5033769620966686
2022-09-30,1.5030649869514598
2022-10-10,1.5082570167976006
2022-10-11,1.5407095309006797
2022-10-12,1.5461047816981894
2022-10-13,1.5398929438812916
2022-10-14,1.5304350865318281
2022-10-17,1.5072146567941433
2022-10-18,1.4905224360463554
2022-10-19,1.4728009757244047
2022-10-20,1.4539645744608918
2022-10-21,1.4572042361463275
2022-10-24,1.4174906439631394
2022-10-25,1.4409649484653653
2022-10-27,1.4019224647252209
2022-10-28,1.3688607680998883
2022-10-31,1.351124998497239
2022-11-01,1.3592406636466445
2022-11-02,1.3736193449242853
2022-11-03,1.3567426565895007
2022-11-04,1.3847637276341074
2022-11-07,1.3877549613566225
2022-11-08,1.3794753420723946
2022-11-09,1.376271062857013
2022-11-10,1.367824253540062
2022-11-11,1.4006802098506395
2022-11-14,1.3996127436630874
2022-11-15,1.4261115057621918
2022-11-16,1.4317681680932424
2022-11-17,1.4237801853617915
2022-11-18,1.4239552546167675
2022-11-21,1.422382916739331
2022-11-22,1.4372968836407625
2022-11-23,1.4487448153723874
2022-11-24,1.4459717845935565
2022-11-25,1.4693547337168102
2022-11-28,1.4703387680672382
2022-11-29,1.470467950061619
2022-11-30,1.4678051354764639
2022-12-01,1.470272163086382
2022-12-02,1.468879343846196
2022-12-05,1.4897109598736749
2022-12-06,1.476165815745605
2022-12-07,1.4685370827706796
2022-12-08,1.4684715141490994
2022-12-09,1.464101328235062
2022-12-12,1.4561520368050833
2022-12-13,1.4611912963370872
2022-12-14,1.4648324867834481
2022-12-15,1.4505828667362917
2022-12-16,1.4601354509301836
2022-12-19,1.4212622221872278
2022-12-20,1.4042010667621438
2022-12-21,1.4024390637602826
2022-12-22,1.4010198123738895
2022-12-23,1.4086047710009748
2022-12-26,1.4198425994816257
2022-12-27,1.4407028295206321
2022-12-28,1.454451523315281
2022-12-29,1.452647319468918
2022-12-30,1.466955275098638
2023-01-03,1.4754591700558641
2023-01-04,1.4816221019259725
2023-01-05,1.4860837987974163
2023-01-06,1.4864386357740225
2023-01-09,1.473731379140379
2023-01-10,1.4682628315202315
2023-01-11,1.4770734411534767
2023-01-12,1.482743439762189
2023-01-13,1.4931115037682172
2023-01-16,1.5007303994378371
2023-01-17,1.4951400712045673
2023-01-18,1.497653055027646
2023-01-19,1.4954868596955029
2023-01-20,1.5170561063840535
2023-01-30,1.481759032376955
2023-01-31,1.4743833480961839
2023-02-01,1.476092039366375
2023-02-02,1.4695104279657663
2023-02-03,1.4606161896114538
2023-02-06,1.4521852427507762
2023-02-07,1.4656305517050987
2023-02-08,1.4674892391377425
2023-02-09,1.4741369068302368
2023-02-10,1.483833845694152
2023-02-13,1.4825757587650366
2023-02-14,1.4827795114085824
2023-02-15,1.472415797322932
2023-02-16,1.4670670338618417
2023-02-17,1.462373434915814
2023-02-20,1.4927395056606543
2023-02-21,1.4994947426765368
2023-02-22,1.490830265664553
2023-02-23,1.4944110365817738
2023-02-24,1.4925500230056192
2023-02-27,1.4935536147666058
2023-02-28,1.5068821840277133
2023-03-01,1.522001413402905
2023-03-02,1.5283721398739678
2023-03-03,1.5433639489314255
2023-03-06,1.5311870275008936
2023-03-07,1.5244121364468288
2023-03-08,1.5144786432213087
2023-03-09,1.507694672476458
2023-03-10,1.497661999043283
2023-03-13,1.5162700363891632
2023-03-14,1.518917135378475
2023-03-15,1.5191639856050716
2023-03-16,1.5194643334712916
2023-03-17,1.5184264922271518
2023-03-20,1.5076368424821684
2023-03-21,1.5055907443539933
2023-03-22,1.500109249268883
2023-03-23,1.493620140720922
2023-03-24,1.4889820127787659
2023-03-27,1.476597945692569
2023-03-28,1.4711663781098656
2023-03-29,1.475527661530435
2023-03-30,1.518412712850813
2023-03-31,1.5126012351989797
2023-04-03,1.5034737362130974
2023-04-04,1.512549790554436
2023-04-06,1.5037300378741658
2023-04-07,1.4995564694834025
2023-04-10,1.5193305934150887
2023-04-11,1.5217929531399053
2023-04-12,1.525506896197584
2023-04-13,1.5176419300845279
2023-04-14,1.520686041043078
2023-04-17,1.5464818937844562
2023-04-18,1.5482081071434302
2023-04-19,1.5370804818406132
2023-04-20,1.542289209970505
2023-04-21,1.5360959796509455
2023-04-24,1.529309740594719
2023-04-25,1.5433450212393818
2023-04-26,1.5381890811374166
2023-04-27,1.5748111712198278
2023-04-28,1.569038123265944
2023-05-04,1.620470313120386
2023-05-05,1.6061281726548713
2023-05-08,1.621397218305366
2023-05-09,1.6170679295691124
2023-05-10,1.6079113108036147
2023-05-11,1.654103876340465
2023-05-12,1.6633950633077768
2023-05-15,1.6556277622278692
2023-05-16,1.6509413028797635
2023-05-17,1.6454425131713661
2023-05-18,1.6469646687580983
2023-05-19,1.6330907800362087
2023-05-22,1.6712921168697323
2023-05-23,1.660531543379191
2023-05-24,1.6256214353551404
2023-05-25,1.63352293951827
2023-05-26,1.63773061777146
2023-05-29,1.6647543887839182
2023-05-30,1.6492196579439935
2023-05-31,1.6439463101668796
2023-06-01,1.599997368392492
2023-06-02,1.6163350402233567
2023-06-05,1.6285971954340819
2023-06-06,1.6214947977591
2023-06-07,1.6228766674593214
2023-06-08,1.650239172690589
2023-06-09,1.6756491691661897
2023-06-12,1.6500559430764954
2023-06-13,1.6346093711896432
2023-06-14,1.6263529380797466
2023-06-15,1.637469592043902
2023-06-16,1.6123914378026352
2023-06-19,1.6246996456743314
2023-06-20,1.629357433178776
2023-06-21,1.6345808649261708
2023-06-26,1.6462084968977937
2023-06-27,1.6491144840040874
2023-06-28,1.6786260391422154
2023-06-29,1.6672704312427293
2023-06-30,1.654793186506727
2023-07-03,1.65924275775061
2023-07-04,1.640178014295941
2023-07-05,1.6393342930826051
2023-07-06,1.630270181719625
2023-07-07,1.6264871780630479
2023-07-10,1.6272137537014553
2023-07-11,1.6314811363479835
2023-07-12,1.6320941245792935
2023-07-13,1.6444236331780617
2023-07-14,1.6415501107884587
2023-07-17,1.647541573373629
2023-07-18,1.6407592981871326
2023-07-19,1.6503484219020308
2023-07-20,1.6417644977692976
2023-07-21,1.641222009615823
2023-07-24,1.6429683992457902
2023-07-25,1.6324668276410892
2023-07-26,1.6391107357319392
2023-07-27,1.633182473570598
2023-07-28,1.647635701116468
2023-07-31,1.6566884800753672
2023-08-01,1.6748290057986512
2023-08-02,1.6669936069766864
2023-08-03,1.6733057592792588
2023-08-04,1.6724859596315997
2023-08-07,1.6873387859195066
2023-08-08,1.6892486476103155
2023-08-09,1.6846510896738862
2023-08-10,1.685855676201326
2023-08-11,1.6582683609150508
2023-08-14,1.6644620086612316
2023-08-15,1.6875927151498382
2023-08-16,1.6828831603064431
2023-08-17,1.6821808261660671
2023-08-18,1.6826354118703644
2023-08-21,1.6726845907501717
2023-08-22,1.6775754434009553
2023-08-23,1.6722093968614862
2023-08-24,1.6661526406985774
2023-08-25,1.684702771857901
2023-08-28,1.678891056666597
2023-08-29,1.6633016610621216
2023-08-30,1.6676582270516125
2023-08-31,1.6788629187804671
2023-09-01,1.6743648863392184
2023-09-04,1.6707309733236893
2023-09-05,1.6866359298086708
2023-09-06,1.6705241128580615
2023-09-07,1.6605000860909704
2023-09-08,1.6614986068471944
2023-09-11,1.6693827803535997
2023-09-12,1.6757372500315846
2023-09-13,1.6820779992766708
2023-09-14,1.7126039390982293
2023-09-15,1.6791503561540242
2023-09-18,1.673609142368615
2023-09-19,1.6815065138952945
2023-09-20,1.6833251926025452
2023-09-21,1.666340640069465
2023-09-22,1.6703852970320399
2023-09-25,1.671518648090299
2023-09-26,1.6686079986230087
2023-09-27,1.6634541928080184
2023-09-28,1.6518453309720569
2023-10-09,1.6758817000027395
2023-10-10,1.6713238225731906
2023-10-11,1.6679154624957502
2023-10-12,1.6703829075322896
2023-10-13,1.6767538096575172
2023-10-16,1.689647345895202
2023-10-17,1.7097430387893486
2023-10-18,1.6995180315627652
2023-10-19,1.6741952721366478
2023-10-20,1.655734503160982
2023-10-23,1.6420979906380988
2023-10-24,1.6624136569354317
2023-10-25,1.6213590701864453
2023-10-26,1.6538289339828935
2023-10-27,1.6577577304973112
2023-10-30,1.6690545580648102
2023-10-31,1.6790200840936256
2023-11-01,1.6921204733774224
2023-11-02,1.6975669229938466
2023-11-03,1.6944321647248675
2023-11-06,1.665996507494023
2023-11-07,1.6758661220599922
2023-11-08,1.6749066383894637
2023-11-09,1.6861022013782536
2023-11-10,1.6980598186786524
2023-11-13,1.6829661302352237
2023-11-14,1.683564899685063
2023-11-15,1.7012768900325956
2023-11-16,1.7128601749033565
2023-11-17,1.7085114234887588
2023-11-20,1.7152093270711062
2023-11-21,1.7106304528242826
2023-11-22,1.7173406446725146
2023-11-23,1.7157142536512593
2023-11-24,1.7166595518839223
2023-11-27,1.7063416761894012
2023-11-28,1.7084312432198365
2023-11-29,1.708508768702258
2023-11-30,1.7298788441863082
2023-12-01,1.7293085333493754
2023-12-04,1.7216090978163456
2023-12-05,1.715967543513579
2023-12-06,1.713364388505469
2023-12-07,1.7275149809093187
2023-12-08,1.7444492559227829
2023-12-11,1.7528777070065888
2023-12-12,1.7673511524532144
2023-12-13,1.7653706658675017
2023-12-14,1.7660540098984563
2023-12-15,1.7437677988822409
2023-12-18,1.7626929189082274
2023-12-19,1.7651856385433242
2023-12-20,1.7763149783689192
2023-12-21,1.7776858018293318
2023-12-22,1.7882541953819322
2023-12-25,1.8103227387031147
2023-12-26,1.8245352177901006
2023-12-27,1.8427189761672924
2023-12-28,1.8002283187396015
2023-12-29,1.8055672711717328
2024-01-02,1.8363254768953474
2024-01-03,1.8453608387514664
2024-01-04,1.8472150668000802
2024-01-05,1.8437671773091753
2024-01-08,1.8304265013849306
2024-01-09,1.8193863167128543
2024-01-10,1.81215466637533
2024-01-11,1.7900211058835902
2024-01-12,1.8131873446445468
2024-01-15,1.8183346654032297
2024-01-16,1.8282793745019206
2024-01-17,1.8087371771333478
2024-01-18,1.801476712641602
2024-01-19,1.7991165693041244
2024-01-22,1.7638473378115502
2024-01-23,1.785093250177766
2024-01-24,1.8268604430478823
2024-01-25,1.833610253517688
2024-01-26,1.8562183200851137
2024-01-29,1.8811756423353592
2024-01-30,1.86825158613131
2024-01-31,1.8850745540184393
2024-02-01,1.8789243621586762
2024-02-02,1.8926774978438639
2024-02-05,1.9140166735115196
2024-02-06,1.9217507930233373
2024-02-07,1.9294031841725992
2024-02-08,1.911492849187651
2024-02-19,1.9729810668120278
2024-02-20,1.9979478964334678
2024-02-21,1.9748749408050175
2024-02-22,1.9934706162749851
2024-02-23,1.9985696647509725
2024-02-26,1.9541724026525586
2024-02-27,1.9679523246619286
2024-02-28,1.9813653936030036
2024-02-29,1.9731651969731783
2024-03-01,1.9749804628372443
2024-03-04,2.0268425735227478
2024-03-05,2.0538547099442948
2024-03-06,2.050982292794313
2024-03-07,2.0667475306217007
2024-03-08,2.0813847286971146
2024-03-11,2.0536509600628015
2024-03-12,1.989239215677637
2024-03-13,1.9940859329151601
2024-03-14,1.9991795332261875
2024-03-15,1.9997641172381613
2024-03-18,1.9865332488638268
2024-03-19,1.9800276445123834
2024-03-20,1.990346664738713
2024-03-21,1.9738403879569377
2024-03-22,1.9806215736817068
2024-03-25,1.9839921937696083
2024-03-26,1.9856009504041552
2024-03-27,1.9996634920274652
2024-03-28,2.0048617526913723
2024-03-29,2.0240258806217826
2024-04-01,2.012530650764547
2024-04-02,2.008220220875366
2024-04-03,2.0051400567027753
2024-04-08,2.044432252061679
2024-04-09,2.0317564481663855
2024-04-10,2.062304396783559
2024-04-11,2.076631712370976
2024-04-12,2.070780290641109
2024-04-15,2.114660434096633
2024-04-16,2.117395752208726
2024-04-17,2.1280074046915813
2024-04-18,2.1250970821516844
2024-04-19,2.124847816573468
2024-04-22,2.113339852229992
2024-04-23,2.086935614495047
2024-04-24,2.098893841945245
2024-04-25,2.087931749984507
2024-04-26,2.08281847254548
2024-04-29,2.056993331862059
2024-04-30,2.1073206164351204
2024-05-06,2.1142174822241984
2024-05-07,2.0851527357920645
2024-05-08,2.084767952965456
2024-05-09,2.080984530591138
2024-05-10,2.086222588292837
2024-05-13,2.117864603089313
2024-05-14,2.1107340216654533
2024-05-15,2.1055029567012475
2024-05-16,2.0918985648986483
2024-05-17,2.094901154539539
2024-05-20,2.098627472309158
2024-05-21,2.107708091020529
2024-05-22,2.0987665419492423
2024-05-23,2.1168100680390722
2024-05-24,2.154772064019976
2024-05-27,2.183941459260082
2024-05-28,2.2009944561138655
2024-05-29,2.209860677590609
2024-05-30,2.1999109723883032
2024-05-31,2.199928317351989
2024-06-03,2.244953446528903
2024-06-04,2.2553490261220626
2024-06-05,2.269425111549871
2024-06-06,2.2822140999124145
2024-06-07,2.3166916395586044
2024-06-11,2.2941181363858836
2024-06-12,2.312939264040924
2024-06-13,2.318241869675227
2024-06-14,2.2724870279994236
2024-06-17,2.260002222005893
2024-06-18,2.256999312929345
2024-06-19,2.267120974040439
2024-06-20,2.29551488070031
2024-06-21,2.2938901436076464
2024-06-24,2.321881086757339
2024-06-25,2.3087760161481214
2024-06-26,2.29510838039652
2024-06-27,2.3044268703967195
2024-06-28,2.336352283723655
2024-07-01,2.3795970358154483
2024-07-02,2.395395155606334
2024-07-03,2.3981800456795197
2024-07-04,2.4158011206678203
2024-07-05,2.3936859572769356
2024-07-08,2.443510122701646
2024-07-09,2.45474076726478
2024-07-10,2.42044609014646
2024-07-11,2.42403022632852
2024-07-12,2.405278651600148
2024-07-15,2.4408049086724484
2024-07-16,2.447164920380965
2024-07-17,2.412325557041479
2024-07-18,2.460456869271335
2024-07-19,2.462182902743159
2024-07-22,2.4366167938506194
2024-07-23,2.447583801489719
2024-07-24,2.477010613704489
2024-07-25,2.424443882469451
2024-07-26,2.4034721836400217
2024-07-29,2.413228737689167
2024-07-30,2.3717839245707015
2024-07-31,2.362675825881159
2024-08-01,2.3836640737963353
2024-08-02,2.3844833062150776
2024-08-05,2.351707840898445
2024-08-06,2.3273251057232613
2024-08-07,2.3539742508298875
2024-08-08,2.3441382150030856
2024-08-09,2.329381238292719
2024-08-12,2.3257311964877108
2024-08-13,2.3399907643502798
2024-08-14,2.3748756003580125
2024-08-15,2.397844334858901
2024-08-16,2.394127499899728
2024-08-19,2.3884869215418645
2024-08-20,2.3946109789645997
2024-08-21,2.3840762806820783
2024-08-22,2.4376426680700365
2024-08-23,2.391448431535581
2024-08-26,2.3821969538688843
2024-08-27,2.360403259111922
2024-08-28,2.367915060537096
2024-08-29,2.2992019725786306
2024-08-30,2.284510020530557
2024-09-02,2.3147753666028033
2024-09-03,2.2853827103578723
2024-09-04,2.293905230305927
2024-09-05,2.276931096189552
2024-09-06,2.2786272471676137
2024-09-09,2.261201430793344
2024-09-10,2.2536870253465446
2024-09-11,2.1826919694525473
2024-09-12,2.20377282373544
2024-09-13,2.2170717570049248
2024-09-18,2.227031811851184
2024-09-19,2.2184028528045894
2024-09-20,2.2132225201111777
2024-09-23,2.2577603251497544
2024-09-24,2.3001275512944823
2024-09-25,2.310959459291624
2024-09-26,2.326845624094281
2024-09-27,2.3354699050019856
2024-09-30,2.4601191078536417
2024-10-08,2.4181199238806457
2024-10-09,2.3326890740628157
2024-10-10,2.388309491289045
2024-10-11,2.3553971608452997
2024-10-14,2.369175120610852
2024-10-15,2.315003569640452
2024-10-16,2.3101634908902264
2024-10-17,2.271456618617871
2024-10-18,2.3022166766971734
2024-10-21,2.26507319474046
2024-10-22,2.3010198829459307
2024-10-23,2.296492129782601
2024-10-24,2.293712286153428
2024-10-25,2.2406869229514785
2024-10-28,2.2446485700534207
2024-10-29,2.2464927627941105
2024-10-30,2.220739450660655
2024-10-31,2.1922431409110694
2024-11-01,2.220286187904384
2024-11-04,2.2244929837259857
2024-11-05,2.2270956348614184
2024-11-06,2.190796228188422
2024-11-07,2.2091111567279014
2024-11-08,2.2022754861257323
2024-11-11,2.1870072595505867
2024-11-12,2.1712369188457643
2024-11-13,2.2116805180504917
2024-11-14,2.2144715474679804
2024-11-15,2.1855103716749658
2024-11-18,2.2004237269556652
2024-11-19,2.187557359726466
2024-11-20,2.199761849052158
2024-11-21,2.2064284093598077
2024-11-22,2.1621807204731196
2024-11-25,2.1468037717566197
2024-11-26,2.1363705251796583
2024-11-27,2.1659083668946835
2024-11-28,2.1506095672507226
2024-11-29,2.153178475537732
2024-12-02,2.1689070989429657
2024-12-03,2.20576189537165
2024-12-04,2.2427655366157544
2024-12-05,2.222982753606434
2024-12-06,2.2191814245636188
2024-12-09,2.2473866247229215
2024-12-10,2.2257309438578647
2024-12-11,2.239656503398674
2024-12-12,2.2584064098914944
2024-12-13,2.2530025544821415
2024-12-16,2.2948491241439117
2024-12-17,2.291518007617607
2024-12-18,2.298789757359566
2024-12-19,2.2797086290359996
2024-12-20,2.2612532089432102
2024-12-23,2.290019474668471
2024-12-24,2.31479038052822
2024-12-25,2.3284420616735737
2024-12-26,2.2946588345627275
2024-12-27,2.3087970928379438
2024-12-30,2.284417901948108
2024-12-31,2.2950674890390914
2025-01-02,2.24959818386395
2025-01-03,2.2301918300668713
2025-01-06,2.220200997459233
2025-01-07,2.2013207298777195
2025-01-08,2.2402071326844912
2025-01-09,2.2197671725036727
2025-01-10,2.191700689277413
2025-01-13,2.1633320659989543
2025-01-14,2.1814385808250116
2025-01-15,2.17427468699519
2025-01-16,2.173993643222164
2025-01-17,2.166903377195546
2025-01-20,2.1622839602657966
2025-01-21,2.151785273567552
2025-01-22,2.1408167929983177
2025-01-23,2.1350265697141104
2025-01-24,2.1147564810710264
2025-01-27,2.158786584655565
2025-02-05,2.1247135791886187
2025-02-06,2.127454208606998
2025-02-07,2.1281523945128438
2025-02-10,2.1164207701702744
2025-02-11,2.1102229468667604
2025-02-12,2.1009025283186062
2025-02-13,2.100799126266393
2025-02-14,2.1154022778356207
2025-02-17,2.1290428956721517
2025-02-18,2.131637428574927
2025-02-19,2.1232296618677773
2025-02-20,2.1288547433846583
2025-02-21,2.1089713360312836
2025-02-24,2.0895713661130175
2025-02-25,2.065144367520976
2025-02-26,2.0828987949613618
2025-02-27,2.091850788408816
2025-02-28,2.089004456754175
2025-03-03,2.057896256122287
2025-03-04,2.062469326735056
2025-03-05,2.080572284936436
2025-03-06,2.064000639675774
2025-03-07,2.065609866911614
2025-03-10,2.064038129110001
2025-03-11,2.060848773558103
2025-03-12,2.053305348218063
2025-03-13,2.0622755144874074
2025-03-14,2.082849737921157
2025-03-17,2.0823834638469862
2025-03-18,2.0859108380574143
2025-03-19,2.133073055730477
2025-03-20,2.119377073591674
2025-03-21,2.118187035283117
2025-03-24,2.130539491045812
2025-03-25,2.16299201540268
2025-03-26,2.1568418350878256
2025-03-27,2.1376281535564567
2025-03-28,2.1500210266883104
2025-03-31,2.17084724901662
2025-04-01,2.1698989972418197
2025-04-02,2.1649538195899067
2025-04-03,2.1850532608576736
2025-04-07,2.1114215727829984
2025-04-08,2.164222458453659
2025-04-09,2.1803049777051338
2025-04-10,2.175447460657722
2025-04-11,2.164536139835488
2025-04-14,2.170491054116796
2025-04-15,2.18296780523391
2025-04-16,2.1940704997547633
2025-04-17,2.1857419860686544
2025-04-18,2.1836349488329887
2025-04-21,2.173166573103338
2025-04-22,2.1869072591754373
2025-04-23,2.173263919495251
2025-04-24,2.197829776039775
2025-04-25,2.213627416518734
2025-04-28,2.244993667472495
2025-04-29,2.237064252888732
2025-04-30,2.230069274734842
2025-05-06,2.215665469527582
2025-05-07,2.237162448440848
2025-05-08,2.2418788216586916
2025-05-09,2.2691472204491188
2025-05-12,2.2640506274835803
2025-05-13,2.2691220596194195
2025-05-14,2.275753763128389
2025-05-15,2.294186334048215
2025-05-16,2.285520832221864
2025-05-19,2.3106312006967293
2025-05-20,2.3454498768975065
2025-05-21,2.3530432574872324
2025-05-22,2.3632275191261445
2025-05-23,2.3410266425709194
2025-05-26,2.3415008993824125
2025-05-27,2.343841193196477
2025-05-28,2.3480660986635424
2025-05-29,2.33156537366939
2025-05-30,2.3330783339010677
2025-06-03,2.2954028658915884
2025-06-04,2.2680921322322574
2025-06-05,2.2560913035799497
2025-06-06,2.2662526180549354
2025-06-09,2.2632253426632882
2025-06-10,2.2551918525212726
2025-06-11,2.262866367526127
2025-06-12,2.259546314308644
2025-06-13,2.273844988633952
2025-06-16,2.2626962167115643
2025-06-17,2.284648342609462
2025-06-18,2.296959410582201
2025-06-19,2.291505277228754
2025-06-20,2.283544624356295
2025-06-23,2.275733970905039
2025-06-24,2.277378707323411
2025-06-25,2.298146110948721
2025-06-26,2.304362628195628
2025-06-27,2.2601769262483957
2025-06-30,2.255226814378175
2025-07-01,2.277328134856668
2025-07-02,2.2738864045411313
2025-07-03,2.2662750110057863
2025-07-04,2.277996841388411
2025-07-07,2.281791980746524
2025-07-08,2.261735808482987
2025-07-09,2.2551765368585595
2025-07-10,2.243724639361793
2025-07-11,2.2540682867123234
2025-07-14,2.2685098809584012
2025-07-15,2.2602126804621365
2025-07-16,2.2530971466521863
2025-07-17,2.2443128568672233
2025-07-18,2.254874181490064
2025-07-21,2.2766877705867334
2025-07-22,2.306781805038017
2025-07-23,2.276888149182584
2025-07-24,2.264964491942317
2025-07-25,2.2597042946071317
2025-07-28,2.252445684186671
2025-07-29,2.2594217238626575
2025-07-30,2.274927407062062
2025-07-31,2.233706633296024
2025-08-01,2.2290836481966894
2025-08-04,2.2323054582837094
2025-08-05,2.2386917981266667
2025-08-06,2.2368874213881913
2025-08-07,2.2340343272958267
2025-08-08,2.2317093241592487
2025-08-11,2.216707092027623
2025-08-12,2.2187878141446906
2025-08-13,2.208197099355856
2025-08-14,2.2095869319623342
2025-08-15,2.2041720488531187
2025-08-18,2.1990216388123
2025-08-19,2.2074095642821945
2025-08-20,2.2110406889112983
2025-08-21,2.2231395018525983
2025-08-22,2.2213207612600403
2025-08-25,2.2532898108572423
2025-08-26,2.2366705947470176
2025-08-27,2.212883266591107
2025-08-28,2.2133332893963056
2025-08-29,2.20816736544549
2025-09-01,2.1934690378047614
2025-09-02,2.241272682066497
2025-09-03,2.2182057690825046
2025-09-04,2.2314002014509025
2025-09-05,2.2305028458114893
2025-09-08,2.2472061932243395
2025-09-09,2.2401790411754954
2025-09-10,2.2370667234357127
2025-09-11,2.240387358189073
2025-09-12,2.216707343277133
2025-09-15,2.198645595740612
2025-09-16,2.180946678171808
2025-09-17,2.179863505171268
2025-09-18,2.1532842841307054
2025-09-19,2.1532601147717694
2025-09-22,2.1371729765768777
2025-09-23,2.1522854494629287
2025-09-24,2.1547225802721237
2025-09-25,2.1429659720451393
2025-09-26,2.1756125716165178
2025-09-29,2.165705501754349
2025-09-30,2.153991887595346
2025-10-09,2.18754274805112
2025-10-10,2.2080402243146757
2025-10-13,2.214348202351036
2025-10-14,2.2422350694457784
2025-10-15,2.239521447688681
2025-10-16,2.2652995222618584
2025-10-17,2.2537108381678226
2025-10-20,2.2577090030642943
2025-10-21,2.240741029594222
2025-10-22,2.25438559294035
2025-10-23,2.2800477899963565
2025-10-24,2.269588746408215
2025-10-27,2.2843201516774863
2025-10-28,2.2884512515994224
2025-10-29,2.2822675674465485
2025-10-30,2.3016685664121677
2025-10-31,2.2730849719625335
2025-11-03,2.273122500688948
2025-11-04,2.2843687169942126
2025-11-05,2.281016325772518
2025-11-06,2.2998181433857816
2025-11-07,2.295187319150804
2025-11-10,2.299559155986716
2025-11-11,2.300001108137603
2025-11-12,2.309248962744445
2025-11-13,2.279030362055666
2025-11-14,2.2543899884611256
2025-11-17,2.2379794632659267
2025-11-18,2.2286083914012975
2025-11-19,2.2348973848523412
2025-11-20,2.242729641217499
2025-11-21,2.2438395514929423
2025-11-24,2.2344536868027025
2025-11-25,2.235506220119437
2025-11-26,2.236288237723317
2025-11-27,2.256039634537056
2025-11-28,2.2446665004956152
2025-12-01,2.2511501955133406
2025-12-02,2.264854329228406
2025-12-03,2.281428423978713
2025-12-04,2.2773543597811314
2025-12-05,2.2708062175838175
2025-12-08,2.2467568594584097
2025-12-09,2.237553036749758
2025-12-10,2.242941424356527
2025-12-11,2.2371945607555905
2025-12-12,2.2390203647538027
2025-12-15,2.2376813653509497
2025-12-16,2.234809618944954
2025-12-17,2.2295083635814787
2025-12-18,2.234895493384279
2025-12-19,2.2222744735465
2025-12-22,2.2027768650512454
2025-12-23,2.206740459737787
2025-12-24,2.2036438172552053
2025-12-25,2.199007459772551
2025-12-26,2.1983361637059566
2025-12-29,2.178236652086912
2025-12-30,2.16901939934262
2025-12-31,2.1650151094088055
2026-01-05,2.1726593101863148
2026-01-06,2.1794789800748235
2026-01-07,2.181327519477141
2026-01-08,2.1816172385301726
2026-01-09,2.1889877653601264
2026-01-12,2.187816222143389
2026-01-13,2.1779028275256613
2026-01-14,2.16503411658724
2026-01-15,2.1592143335036775
2026-01-16,2.155191273434202
2026-01-19,2.173054080490468
2026-01-20,2.197749284429749
2026-01-21,2.1652904538572684
2026-01-22,2.156306900897644
2026-01-23,2.1353451382311257
2026-01-26,2.132404753310316
2026-01-27,2.1191695896612077
2026-01-28,2.098437243049492
2026-01-29,2.1302095946259474
2026-01-30,2.128853630181659
2026-02-02,2.1287137343989677
2026-02-03,2.119366555486094
2026-02-04,2.1568726631424386
2026-02-05,2.168484113222131
2026-02-06,2.164108802948847
2026-02-09,2.1583145667456303
2026-02-10,2.1652654899837334
2026-02-11,2.1571082356105578
2026-02-12,2.1462018850400697
2026-02-13,2.1313115059616967
2026-02-24,2.154615043478758
2026-02-25,2.1519511680457977
2026-02-26,2.1629381777726584
2026-02-27,2.1729418353657652
2026-03-02,2.2040809704487714
2026-03-03,2.224811180878102
2026-03-04,2.235945336495684
2026-03-05,2.2499426552094173
2026-03-06,2.2712094419134146
2026-03-09,2.2776418719939335
2026-03-10,2.2983892000290465
2026-03-11,2.329432954772466
2026-03-12,2.3506056341689816
2026-03-13,2.3303079447838297
2026-03-16,2.3136218471779744
2026-03-17,2.3135317643344093
2026-03-18,2.304436608876844
2026-03-19,2.2971876870058487
2026-03-20,2.286161310503846
2026-03-23,2.2395353052779776
2026-03-24,2.279284586351036
2026-03-25,2.2922436293249944
2026-03-26,2.3024193667773165
2026-03-27,2.2865890240421964
2026-03-30,2.25428054370255
2026-03-31,2.2546699354708197
2026-04-01,2.2444980916445436
2026-04-02,2.2574945320825677
2026-04-03,2.22121787985032
2026-04-07,2.1892330154474107
2026-04-08,2.205516806846756
2026-04-09,2.191354271464548
2026-04-10,2.183456897175816
2026-04-13,2.1728497313997925
2026-04-14,2.1702895950204137
2026-04-15,2.190401825347805
2026-04-16,2.195347703828559
2026-04-17,2.1874844061308685
2026-04-20,2.2240535325311885
2026-04-21,2.249760881456445
2026-04-22,2.229125953375738
2026-04-23,2.237015272788052
2026-04-24,2.2194926596850753
2026-04-27,2.211145253808289
2026-04-28,2.2328123475026804
2026-04-29,2.2344204436470294
2026-04-30,2.2393935998054992
2026-05-06,2.239574928988862
2026-05-07,2.2336093728785245
2026-05-08,2.2311145212940287
2026-05-11,2.234263223228416
2026-05-12,2.2325988790590876
2026-05-13,2.2341048309551925
2026-05-14,2.2291742058273676
2026-05-15,2.2304982470042325
2026-05-18,2.2253400409284665
2026-05-19,2.267704944982856
2026-05-20,2.216764870163417
2026-05-21,2.201325116651012
2026-05-22,2.1881230453618854
2026-05-25,2.199582070911665
2026-05-26,2.2359966685799515
2026-05-27,2.2452060028098035
2026-05-28,2.2397613712312263
2026-05-29,2.3008284062363087
2026-06-01,2.3281766177849583
2026-06-02,2.3412452867060787
2026-06-03,2.3295878443797884
2026-06-04,2.303539536025042
2026-06-05,2.268402106571031
2026-06-08,2.260363817281565
2026-06-09,2.2646936016043377
2026-06-10,2.268205165486708
2026-06-11,2.2948795117616765
2026-06-12,2.3122731185244376
2026-06-15,2.2592240998379847
2026-06-16,2.223976135549063
2026-06-17,2.204387277951959
2026-06-18,2.1699553722489986
2026-06-22,2.187122903840861
2026-06-23,2.1910193581180812
2026-06-24,2.1544528675398387
2026-06-25,2.1215255436310896
2026-06-26,2.1530755739343705
2026-06-29,2.1941510637426536
2026-06-30,2.1696752040201157
2026-07-01,2.194292595888225
2026-07-02,2.214921214991267
2026-07-03,2.2211673193603314
2026-07-06,2.2423569218162607
2026-07-07,2.241212291528592
2026-07-08,2.268489034618459
2026-07-09,2.2851735544879914
2026-07-10,2.29012671960691
2026-07-13,2.329828505598195
2026-07-14,2.3476794921555966
2026-07-15,2.372426470853344
2026-07-16,2.3479471982876214
2026-07-17,2.386482734008321
2026-07-20,2.4456660445938936
2026-07-21,2.4467877563315574
2026-07-22,2.471010477105377
2026-07-23,2.4565054318801574
2026-07-24,2.4328737456121146
2026-07-27,2.4046738336692823
2026-07-28,2.4487301235021786
2026-07-29,2.4623906339628183
2026-07-30,2.504845584140507
2026-07-31,2.4792557721851174
2026-08-03,2.4667219524967416
2026-08-04,2.4259108174381274
2026-08-05,2.3931136757773777
2026-08-06,2.39582155854778
2026-08-07,2.373362814636768
2026-08-10,2.3968927945907645
2026-08-11,2.4080717582610034
2026-08-12,2.3759191841748
2026-08-13,2.3790228770471953
2026-08-14,2.3549080986315696
2026-08-17,2.348913928509705
2026-08-18,2.359680956122744
2026-08-19,2.3942479787164883
2026-08-20,2.3800829545524462
2026-08-21,2.3567315834813094
2026-08-24,2.385602339429391
