date,TRUE_BUYHOLD_growth_tech
2018-01-04,0.999
2018-01-05,0.977133611248003
2018-01-08,0.9887116045019352
2018-01-09,0.9612542489656957
2018-01-10,0.9631815401206214
2018-01-11,0.9710627167188846
2018-01-12,0.9434921407545022
2018-01-15,0.8685080962281346
2018-01-16,0.8501067980408998
2018-01-17,0.8638089649676451
2018-01-18,0.8593445347117046
2018-01-19,0.8603506069585212
2018-01-22,0.8478604399236206
2018-01-23,0.8800071619824088
2018-01-24,0.887818047042208
2018-01-25,0.875073237604981
2018-01-26,0.8603807943617159
2018-01-29,0.8279997172425767
2018-01-30,0.8106849143219516
2018-01-31,0.750760544898187
2018-02-01,0.7167005435131422
2018-02-02,0.7256419045092342
2018-02-05,0.7167386929937044
2018-02-06,0.6499995764187194
2018-02-07,0.6770704444440349
2018-02-08,0.7064017012937654
2018-02-09,0.6914639053760862
2018-02-12,0.7305213975143084
2018-02-13,0.7280160868333146
2018-02-14,0.7119503841998869
2018-02-22,0.7401431980549229
2018-02-23,0.7492323110695878
2018-02-26,0.8090109157043196
2018-02-27,0.8130039388612029
2018-02-28,0.8135550630012529
2018-03-01,0.8395989803087524
2018-03-02,0.8137198019091142
2018-03-05,0.8509334200014786
2018-03-06,0.8581616471717152
2018-03-07,0.8336714199145334
2018-03-08,0.8391223505832182
2018-03-09,0.8747677100376074
2018-03-12,0.8969194074435182
2018-03-13,0.8718500232795782
2018-03-14,0.846786709433331
2018-03-15,0.844738114135705
2018-03-16,0.8158069131723246
2018-03-19,0.822788855898692
2018-03-20,0.8391413740763397
2018-03-21,0.8212759981340204
2018-03-22,0.7910274757317102
2018-03-23,0.7082587731158236
2018-03-26,0.742171285247847
2018-03-27,0.7747532213218503
2018-03-28,0.7705627211677731
2018-03-29,0.7853003559281331
2018-03-30,0.8341623986260408
2018-04-02,0.863990706962856
2018-04-03,0.8456532253601419
2018-04-04,0.8098809205967259
2018-04-09,0.7977652523130416
2018-04-10,0.7943110337580551
2018-04-11,0.7944961758757157
2018-04-12,0.7932951718670986
2018-04-13,0.7922668099259251
2018-04-16,0.7840861764077806
2018-04-17,0.7798345800016121
2018-04-18,0.8234128403922781
2018-04-19,0.7877419262718165
2018-04-20,0.7857031899923045
2018-04-23,0.764233909484082
2018-04-24,0.7974841962463383
2018-04-25,0.7959749410049805
2018-04-26,0.7601715031213764
2018-04-27,0.7193307196627446
2018-05-02,0.6968763267868167
2018-05-03,0.7005954545845825
2018-05-04,0.683357890120343
2018-05-07,0.7045684439483942
2018-05-08,0.7165796125745287
2018-05-09,0.7123069576979179
2018-05-10,0.7055941935695231
2018-05-11,0.6883081664560249
2018-05-14,0.7041175032197299
2018-05-15,0.7225700523943527
2018-05-16,0.7158413550702029
2018-05-17,0.715245494803182
2018-05-18,0.7108721635334775
2018-05-21,0.7412042954795399
2018-05-22,0.7475940475897628
2018-05-23,0.7357382833489576
2018-05-24,0.7193887060120826
2018-05-25,0.6940256373966799
2018-05-28,0.7002550946500391
2018-05-29,0.6897771699548104
2018-05-30,0.6403644239470528
2018-05-31,0.6559670380633724
2018-06-01,0.6392044355921787
2018-06-04,0.64658401759119
2018-06-05,0.6694282794987635
2018-06-06,0.6791371334576127
2018-06-07,0.6676221828935068
2018-06-08,0.6687128264765635
2018-06-11,0.6624143658301722
2018-06-12,0.6744609957881901
2018-06-13,0.6612340144160778
2018-06-14,0.6622894667041874
2018-06-15,0.6379483115516834
2018-06-19,0.5538662532835262
2018-06-20,0.5754296831331613
2018-06-21,0.549154185765523
2018-06-22,0.558615372714987
2018-06-25,0.5563450578233945
2018-06-26,0.5624930362598817
2018-06-27,0.5551377401471602
2018-06-28,0.5497546539032953
2018-06-29,0.5912726681180257
2018-07-02,0.5812910043515266
2018-07-03,0.6194443026537612
2018-07-04,0.6044183544569843
2018-07-05,0.5908860668141733
2018-07-06,0.6100674825688889
2018-07-09,0.6289843716241262
2018-07-10,0.656792202375222
2018-07-11,0.6299509657973322
2018-07-12,0.6673052466652277
2018-07-13,0.666997417051019
2018-07-16,0.6905427601604324
2018-07-17,0.7005158926307952
2018-07-18,0.7098747174941753
2018-07-19,0.7102445471277047
2018-07-20,0.7165435221177215
2018-07-23,0.7321078281159537
2018-07-24,0.7322098795060119
2018-07-25,0.7618426785053749
2018-07-26,0.740969862695398
2018-07-27,0.7525139486928062
2018-07-30,0.7323418642020236
2018-07-31,0.7244932579889806
2018-08-01,0.7290639367131434
2018-08-02,0.7131929947687496
2018-08-03,0.6795778837984685
2018-08-06,0.6761280512620261
2018-08-07,0.7069111656210846
2018-08-08,0.701304162018616
2018-08-09,0.7527741791386067
2018-08-10,0.7703232807965091
2018-08-13,0.7931988701755676
2018-08-14,0.7784113888065913
2018-08-15,0.7711286016852252
2018-08-16,0.7777281087149411
2018-08-17,0.7849420234696569
2018-08-20,0.8020603351238335
2018-08-21,0.8149299395090418
2018-08-22,0.7982838719161935
2018-08-23,0.8343254272177464
2018-08-24,0.8841068814609496
2018-08-27,0.9699858063268291
2018-08-28,0.9610098694184811
2018-08-29,0.9553552840995959
2018-08-30,0.94579681736784
2018-08-31,0.9257452412220024
2018-09-03,0.9893436606294326
2018-09-04,0.9849137425124503
2018-09-05,0.9516681351454878
2018-09-06,0.9600551067285373
2018-09-07,0.9335822799639422
2018-09-10,0.9043053613173284
2018-09-11,0.9361669632684172
2018-09-12,0.9381786324651338
2018-09-13,0.9601176134657602
2018-09-14,0.9098105251257949
2018-09-17,0.8903556244389049
2018-09-18,0.9554915202648155
2018-09-19,0.9829067740473783
2018-09-20,0.9644371958192759
2018-09-21,0.9749087181031522
2018-09-25,0.970901267444061
2018-09-26,0.9850558668567859
2018-09-27,0.9511568083290401
2018-09-28,0.9352784534405443
2018-10-08,0.8719848939761647
2018-10-09,0.8364197058419556
2018-10-10,0.8427653067151553
2018-10-11,0.7738594719272303
2018-10-12,0.832701106069921
2018-10-15,0.8392380791056089
2018-10-16,0.8244146571192794
2018-10-17,0.8735545032818935
2018-10-18,0.8513899463894785
2018-10-19,0.9078038782256042
2018-10-22,1.0090445457675439
2018-10-23,1.0004681746627822
2018-10-24,0.9807504508983012
2018-10-25,1.0235500573979484
2018-10-26,0.9995310876544958
2018-10-29,0.9874141274840157
2018-10-30,0.9704354586477127
2018-10-31,0.9932722287508899
2018-11-01,0.9994460097687865
2018-11-02,1.0435298558386619
2018-11-05,1.0382153764184907
2018-11-06,1.0733531847845805
2018-11-07,1.0673720513135463
2018-11-08,1.0257719183269642
2018-11-09,1.0367051795814093
2018-11-12,1.0659374867056641
2018-11-13,1.055018383324917
2018-11-14,1.0297462687259415
2018-11-15,1.0605950235490176
2018-11-16,1.0881445638344334
2018-11-19,1.0647772195699994
2018-11-20,0.9920950296838191
2018-11-21,1.0024755873224065
2018-11-22,0.9725334172943213
2018-11-23,0.9605318432186926
2018-11-26,0.9533052370686846
2018-11-27,0.9958622644461991
2018-11-28,0.9975603955305407
2018-11-29,0.9490976727885827
2018-11-30,0.9598326698020447
2018-12-03,1.0426069654638948
2018-12-04,1.0394242620992509
2018-12-05,1.0290141670000836
2018-12-06,0.9195947088052401
2018-12-07,0.9469717101800845
2018-12-10,0.9578302231413108
2018-12-11,0.9726353427574874
2018-12-12,0.9747791724355005
2018-12-13,0.9950782589668102
2018-12-14,0.9568215076516957
2018-12-17,0.9319263531193738
2018-12-18,0.9142096595283298
2018-12-19,0.9268529518259166
2018-12-20,0.9367026470688984
2018-12-21,0.9356699482221525
2018-12-24,0.9999286451749678
2018-12-25,1.0103266103860666
2018-12-26,1.0042116721380605
2018-12-27,0.998530790363532
2018-12-28,1.0033509674553225
2019-01-02,0.9843950336777381
2019-01-03,0.9332327291430899
2019-01-04,0.9903306234985089
2019-01-07,1.0482999637926864
2019-01-08,1.0647539098036405
2019-01-09,1.0560955715443388
2019-01-10,1.0556235714169893
2019-01-11,1.0599404302450488
2019-01-14,1.0666757029597804
2019-01-15,1.0736660442108055
2019-01-16,1.1189528091304197
2019-01-17,1.0899601406959518
2019-01-18,1.1107843674998952
2019-01-21,1.1310996838825589
2019-01-22,1.0991759025611274
2019-01-23,1.0954218614967186
2019-01-24,1.1160457881327883
2019-01-25,1.1100717787158914
2019-01-28,1.1451665496744905
2019-01-29,1.1270046827379723
2019-01-30,1.0849972539430788
2019-01-31,1.111381711654403
2019-02-01,1.1750600920225438
2019-02-11,1.2326523563894383
2019-02-12,1.227510132483529
2019-02-13,1.2577050793899403
2019-02-14,1.2699066252127977
2019-02-15,1.2389763166796528
2019-02-18,1.3598450190080642
2019-02-19,1.3657400348903048
2019-02-20,1.4133991685463703
2019-02-21,1.4041050360406087
2019-02-22,1.475602285394888
2019-02-25,1.6242343000783617
2019-02-26,1.530180780519612
2019-02-27,1.488551475367908
2019-02-28,1.4939805952120844
2019-03-01,1.5047529656752345
2019-03-04,1.5288111940519795
2019-03-05,1.5819346937764005
2019-03-06,1.560782560354287
2019-03-07,1.4900601415551373
2019-03-08,1.5153902919847648
2019-03-11,1.670126350269166
2019-03-12,1.6522450339137948
2019-03-13,1.5417706681344945
2019-03-14,1.5610690135091874
2019-03-15,1.5498222976252458
2019-03-18,1.5777008792219211
2019-03-19,1.5930229840615198
2019-03-20,1.5681395529572928
2019-03-21,1.5918571805471533
2019-03-22,1.5782025897859968
2019-03-25,1.5608906123938526
2019-03-26,1.5140262822474793
2019-03-27,1.620165862602827
2019-03-28,1.6071426479072917
2019-03-29,1.6715054987991917
2019-04-01,1.8125975932045575
2019-04-02,1.765379115576413
2019-04-03,1.7766666925365577
2019-04-04,1.7689693924120278
2019-04-08,1.7014982695637062
2019-04-09,1.7189668936095774
2019-04-10,1.702254935802473
2019-04-11,1.6521646894214135
2019-04-12,1.6682154238231452
2019-04-15,1.7152316424001621
2019-04-16,1.8677413367081364
2019-04-17,1.8370478833176667
2019-04-18,1.8483795703359296
2019-04-19,1.860358206272623
2019-04-22,1.882245254331012
2019-04-23,1.814405291869608
2019-04-24,1.8340093004106637
2019-04-25,1.7676543342313338
2019-04-26,1.7659115995586998
2019-04-29,1.719273017580835
2019-04-30,1.6983702709125112
2019-05-06,1.5052328722090245
2019-05-07,1.5150834788703973
2019-05-08,1.5102709470066944
2019-05-09,1.5078613165241979
2019-05-10,1.6451831381758155
2019-05-13,1.6056917492196892
2019-05-14,1.6023500949540654
2019-05-15,1.6437048777639456
2019-05-16,1.5856609247326272
2019-05-17,1.5261119706280653
2019-05-20,1.3902311150502236
2019-05-21,1.4291934083860303
2019-05-22,1.4638106520123149
2019-05-23,1.4079820348006395
2019-05-24,1.401875274414648
2019-05-27,1.4794376022460274
2019-05-28,1.4555999117178218
2019-05-29,1.4603244946202274
2019-05-30,1.433018526290513
2019-05-31,1.445064926594973
2019-06-03,1.5346798498388947
2019-06-04,1.5771132575062623
2019-06-05,1.5950961718394634
2019-06-06,1.483635819661245
2019-06-10,1.5819045226793156
2019-06-11,1.619723032089698
2019-06-12,1.5928509441255716
2019-06-13,1.5878097876956339
2019-06-14,1.5436037134078042
2019-06-17,1.5425203780710297
2019-06-18,1.5345790138259445
2019-06-19,1.604235872969411
2019-06-20,1.641055526026876
2019-06-21,1.7178930359064746
2019-06-24,1.6830034520430017
2019-06-25,1.670195802072707
2019-06-26,1.733851599255397
2019-06-27,1.9187037322730318
2019-06-28,2.01955206102133
2019-07-01,2.1998283214931433
2019-07-02,2.053432416621031
2019-07-03,2.0819222180321004
2019-07-04,2.018847222761548
2019-07-05,2.045523086801367
2019-07-08,2.068741383777517
2019-07-09,2.0459111363003903
2019-07-10,2.0153058279288105
2019-07-11,2.086284139250141
2019-07-12,2.041971685389079
2019-07-15,2.1065592960525987
2019-07-16,2.2088516808707612
2019-07-17,2.1774551047722124
2019-07-18,2.098019506344218
2019-07-19,2.094425089878838
2019-07-22,2.080166157448633
2019-07-23,2.155790822174405
2019-07-24,2.2389059682732957
2019-07-25,2.3692712954360915
2019-07-26,2.404481060371144
2019-07-29,2.5202431185523486
2019-07-30,2.459880538315039
2019-07-31,2.4987952238242763
2019-08-01,2.4956355945774624
2019-08-02,2.4559119498526183
2019-08-05,2.455751682492554
2019-08-06,2.5709540373785313
2019-08-07,2.5361547612976025
2019-08-08,2.6998963827161218
2019-08-09,2.7027770061690672
2019-08-12,2.972703312443918
2019-08-13,2.9072313215874606
2019-08-14,2.79516314232129
2019-08-15,2.8063659171234003
2019-08-16,2.7615987027592825
2019-08-19,2.9552210244381536
2019-08-20,2.97839399286455
2019-08-21,3.1262610420754844
2019-08-22,3.042860533805534
2019-08-23,3.078682604619198
2019-08-26,3.1216675730035384
2019-08-27,3.1488427151929157
2019-08-28,3.118544353159291
2019-08-29,3.3634919040406386
2019-08-30,3.266844669842741
2019-09-02,3.4968924079624393
2019-09-03,3.7792684765716547
2019-09-04,3.7978193332693335
2019-09-05,3.8618714309427897
2019-09-06,3.788373769105588
2019-09-09,3.9538838669364296
2019-09-10,3.7565046781203137
2019-09-11,3.8584608395907316
2019-09-12,3.7518521474355757
2019-09-16,3.8031924542808575
2019-09-17,3.8627705409197772
2019-09-18,3.856184181335204
2019-09-19,3.9601334851719057
2019-09-20,4.144461854189387
2019-09-23,4.290887561413531
2019-09-24,4.2066935292681364
2019-09-25,3.99002688373252
2019-09-26,3.783526956846412
2019-09-27,3.8640698075104964
2019-09-30,3.6205984297497342
2019-10-08,3.518648795431209
2019-10-09,3.5954612653468105
2019-10-10,3.7242985900254446
2019-10-11,3.855714025148316
2019-10-14,3.9685723016519843
2019-10-15,3.753295202687699
2019-10-16,3.7077211938893524
2019-10-17,3.726333679075801
2019-10-18,3.596604635021059
2019-10-21,3.521749642409648
2019-10-22,3.6102665292230913
2019-10-23,3.6278035772155963
2019-10-24,3.560152672018983
2019-10-25,3.62338926757539
2019-10-28,3.785240490960744
2019-10-29,3.5555555086443458
2019-10-30,3.372032161404154
2019-10-31,3.2319333894379536
2019-11-01,3.275032568173885
2019-11-04,3.3587552507114053
2019-11-05,3.37972352053917
2019-11-06,3.322160560126544
2019-11-07,3.3488256970906805
2019-11-08,3.3285962686288637
2019-11-11,3.241944937487111
2019-11-12,3.3736604796084073
2019-11-13,3.3991055004811135
2019-11-14,3.5056179863399586
2019-11-15,3.495221217448662
2019-11-18,3.414371520833156
2019-11-19,3.4747374941768134
2019-11-20,3.4319260231636215
2019-11-21,3.4158368690584857
2019-11-22,3.313187970328926
2019-11-25,3.1077397643564684
2019-11-26,3.1745039105423
2019-11-27,3.182786627652625
2019-11-28,3.2329106979185904
2019-11-29,3.3381206006939945
2019-12-02,3.365054516956254
2019-12-03,3.4294717639366192
2019-12-04,3.3653724088349444
2019-12-05,3.4169214585434955
2019-12-06,3.430823088557388
2019-12-09,3.4633470975654816
2019-12-10,3.5144181254221465
2019-12-11,3.5774633332418864
2019-12-12,3.5514870641943346
2019-12-13,3.5295156689626914
2019-12-16,3.623622004163073
2019-12-17,3.647308685659597
2019-12-18,3.5579022410654626
2019-12-19,3.4469566583743494
2019-12-20,3.408725130617062
2019-12-23,3.192523870004627
2019-12-24,3.238087563630815
2019-12-25,3.2869838897566273
2019-12-26,3.28971916942945
2019-12-27,3.220658623628239
2019-12-30,3.250579625549939
2019-12-31,3.268285774544982
2020-01-02,3.5115579532739245
2020-01-03,3.4723918240559994
2020-01-06,3.5007157375714364
2020-01-07,3.5036287517715627
2020-01-08,3.3726661956880517
2020-01-09,3.4717365569569814
2020-01-10,3.5635490855177046
2020-01-13,3.8284151376316573
2020-01-14,3.784034087231575
2020-01-15,3.8238036346845203
2020-01-16,3.801540326804628
2020-01-17,3.7488420738922508
2020-01-20,3.885271344326308
2020-01-21,3.8552292132159485
2020-01-22,4.081549987581277
2020-01-23,3.9782831431503873
2020-02-03,3.5462323009860737
2020-02-04,3.561122850860737
2020-02-05,3.5181050034813515
2020-02-06,3.568337867486649
2020-02-07,3.7475347606917606
2020-02-10,3.669784347347321
2020-02-11,3.721758745598313
2020-02-12,3.7601153758963854
2020-02-13,3.823724638971288
2020-02-14,3.9362505448459353
2020-02-17,4.245200556976993
2020-02-18,4.27538696560277
2020-02-19,4.24870976565535
2020-02-20,4.33365506311976
2020-02-21,4.514691597514427
2020-02-24,4.9288532954514075
2020-02-25,5.213788280737325
2020-02-26,4.771330997707795
2020-02-27,4.645920465940376
2020-02-28,4.399333520047535
2020-03-02,4.781083907288109
2020-03-03,4.775930012471321
2020-03-04,4.6325857874864225
2020-03-05,4.637864398974827
2020-03-06,4.595109287427204
2020-03-09,4.433029165056344
2020-03-10,4.880157800425854
2020-03-11,4.764344283363899
2020-03-12,4.70728298784272
2020-03-13,4.780106947904999
2020-03-16,4.309173080599056
2020-03-17,4.218509648651882
2020-03-18,4.088915919421729
2020-03-19,4.300566527401805
2020-03-20,4.231210607051965
2020-03-23,4.019633085513375
2020-03-24,4.077276415643074
2020-03-25,4.243013139719234
2020-03-26,4.126146040085872
2020-03-27,4.075910271254722
2020-03-30,3.903681644072757
2020-03-31,3.8883810255540143
2020-04-01,3.8698707552403846
2020-04-02,4.069924656133784
2020-04-03,3.9527353883533447
2020-04-07,4.202083176763382
2020-04-08,4.213588372114668
2020-04-09,4.246084343468165
2020-04-10,4.152674379123182
2020-04-13,4.0354237138982905
2020-04-14,4.186633000135813
2020-04-15,4.13881562034642
2020-04-16,4.135625588907328
2020-04-17,4.272302840565638
2020-04-20,4.357522824628832
2020-04-21,4.43511389378617
2020-04-22,4.385809996819686
2020-04-23,4.353829482752927
2020-04-24,4.227930909641923
2020-04-27,4.210007268813837
2020-04-28,4.3143769360112625
2020-04-29,4.211531977170211
2020-04-30,4.413829259246569
2020-05-06,4.5636975221308544
2020-05-07,4.519505225072818
2020-05-08,4.543930608229419
2020-05-11,4.475113312266579
2020-05-12,4.525971141992078
2020-05-13,4.490529291289837
2020-05-14,4.490314715388285
2020-05-15,4.482408398320907
2020-05-18,4.1567069355661985
2020-05-19,4.218150842004598
2020-05-20,4.137082815686862
2020-05-21,4.012040674653078
2020-05-22,3.980373310966224
2020-05-25,3.87118429303894
2020-05-26,3.9473069038779225
2020-05-27,3.8503154318997073
2020-05-28,3.848021069504976
2020-05-29,3.843200406755923
2020-06-01,4.029341890112448
2020-06-02,4.040646482393989
2020-06-03,4.018121504828453
2020-06-04,3.980755037602309
2020-06-05,4.013043879425632
2020-06-08,4.021885825558482
2020-06-09,4.012246493260478
2020-06-10,3.9335116672519557
2020-06-11,3.9010889864216653
2020-06-12,3.8479131093092835
2020-06-15,3.81557414901964
2020-06-16,3.9617746197059915
2020-06-17,3.9950744061259242
2020-06-18,4.05938949605458
2020-06-19,4.052679767975374
2020-06-22,4.090080475931154
2020-06-23,4.013789054603157
2020-06-24,4.175688001904269
2020-06-29,4.089562726079662
2020-06-30,4.151476974352219
2020-07-01,4.146960352645561
2020-07-02,4.188492120553187
2020-07-03,4.288003861066403
2020-07-06,4.460563762368032
2020-07-07,4.50780811799047
2020-07-08,4.560677017735122
2020-07-09,4.821519365160636
2020-07-10,4.658114344938118
2020-07-13,4.7996392511122625
2020-07-14,4.606834590544978
2020-07-15,4.320117703366226
2020-07-16,4.032890970083859
2020-07-17,4.0228769079403435
2020-07-20,4.121286643551905
2020-07-21,4.122131957983182
2020-07-22,4.113259246817397
2020-07-23,3.994982768796522
2020-07-24,3.837722117559851
2020-07-27,3.817050434174696
2020-07-28,3.825763679812972
2020-07-29,3.9873605348356214
2020-07-30,3.9297603862948893
2020-07-31,3.9565815255535988
2020-08-03,4.054140478012709
2020-08-04,3.9962615561835877
2020-08-05,4.013965852472858
2020-08-06,3.9357457109847878
2020-08-07,3.8437427641341304
2020-08-10,3.8736000769391485
2020-08-11,3.8324397282826648
2020-08-12,3.8338406282711603
2020-08-13,3.823176354122508
2020-08-14,3.827497804326091
2020-08-17,3.888821118796756
2020-08-18,3.8507929595302155
2020-08-19,3.769289701436929
2020-08-20,3.69361022899488
2020-08-21,3.5301005059939645
2020-08-24,3.506532155020258
2020-08-25,3.545012351948536
2020-08-26,3.401496066113129
2020-08-27,3.392993150934801
2020-08-28,3.418590477545782
2020-08-31,3.419561936227475
2020-09-01,3.4490793591625324
2020-09-02,3.4497725941191124
2020-09-03,3.388587007850805
2020-09-04,3.40567516882641
2020-09-07,3.3125194201799943
2020-09-08,3.164925939205401
2020-09-09,2.9714330574354033
2020-09-10,2.9403526118053094
2020-09-11,2.9845290427808924
2020-09-14,2.9936006015081404
2020-09-15,2.9953710032364027
2020-09-16,2.947098443787417
2020-09-17,3.1891038448526423
2020-09-18,3.220915513350647
2020-09-21,3.2476976822104127
2020-09-22,3.2359288052174824
2020-09-23,3.2079276805783636
2020-09-24,3.1280492393665775
2020-09-25,3.0994602458226113
2020-09-28,3.0589259936123216
2020-09-29,3.0634674079159794
2020-09-30,3.0183397178137086
2020-10-09,3.139321356152822
2020-10-12,3.2606963371739077
2020-10-13,3.2541680231278
2020-10-14,3.172154316384681
2020-10-15,3.1539356329545214
2020-10-16,3.1140257694656417
2020-10-19,3.1030228011542538
2020-10-20,3.144850097274066
2020-10-21,3.0841146674151445
2020-10-22,3.1230532834343707
2020-10-23,3.041311429328998
2020-10-26,3.0039122188425993
2020-10-27,3.011104802226709
2020-10-28,2.9742491143328715
2020-10-29,2.973000705848249
2020-10-30,3.002077774209196
2020-11-02,2.946628439967244
2020-11-03,3.046856659882215
2020-11-04,3.0234097455500604
2020-11-05,3.249253622662065
2020-11-06,3.2740163506003404
2020-11-09,3.471380381793042
2020-11-10,3.384149982230029
2020-11-11,3.2472015742549365
2020-11-12,3.311787043939536
2020-11-13,3.3411770299133337
2020-11-16,3.2600443867909035
2020-11-17,3.2508086606506525
2020-11-18,3.197177132276104
2020-11-19,3.225015054096652
2020-11-20,3.1745238843344006
2020-11-23,3.1665454991527002
2020-11-24,3.1732032348204626
2020-11-25,3.1894855280961716
2020-11-26,3.253835273148633
2020-11-27,3.251894275253064
2020-11-30,3.2426624989597777
2020-12-01,3.2916221780702086
2020-12-02,3.318407630493269
2020-12-03,3.334591829200102
2020-12-04,3.3366633769641068
2020-12-07,3.342030607815663
2020-12-08,3.2959832945965792
2020-12-09,3.215323522009674
2020-12-10,3.19186682620744
2020-12-11,3.1159439211713704
2020-12-14,3.158641656764373
2020-12-15,3.1392067987043424
2020-12-16,3.0823580501136725
2020-12-17,3.116835053976799
2020-12-18,3.101782687554473
2020-12-21,3.127518778856411
2020-12-22,2.9865435585862583
2020-12-23,2.984149803922679
2020-12-24,2.9399538646748495
2020-12-25,3.022564407583299
2020-12-28,3.01112875428375
2020-12-29,3.094375730447024
2020-12-30,3.108738942664578
2020-12-31,3.1310888078092978
2021-01-04,3.1566269160303007
2021-01-05,3.3171488334413244
2021-01-06,3.2175360254593333
2021-01-07,3.2277708538113155
2021-01-08,3.3133725518782695
2021-01-11,3.3466798986954354
2021-01-12,3.317447808148271
2021-01-13,3.424393972811177
2021-01-14,3.4344881467301223
2021-01-15,3.3163139538629562
2021-01-18,3.368188080618554
2021-01-19,3.240110391573107
2021-01-20,3.2047249339437065
2021-01-21,3.170961065313332
2021-01-22,3.141453666631568
2021-01-25,3.048218575116187
2021-01-26,3.059435980871022
2021-01-27,3.0552571415114564
2021-01-28,2.953339362661368
2021-01-29,2.8580279562110245
2021-02-01,2.6941263998119602
2021-02-02,2.7531485113016267
2021-02-03,2.7762435580659406
2021-02-04,2.7300149266676406
2021-02-05,2.695290259217871
2021-02-08,2.66299472385697
2021-02-09,2.7310749493032667
2021-02-10,2.781340692533324
2021-02-18,2.8274670637515653
2021-02-19,2.917287425006005
2021-02-22,2.8975773413486676
2021-02-23,2.8636393679567194
2021-02-24,2.9066084463306283
2021-02-25,2.837650816084463
2021-02-26,2.847162003227601
2021-03-01,3.026396114233625
2021-03-02,2.995094035398582
2021-03-03,3.027074843240242
2021-03-04,2.931610090007886
2021-03-05,3.0408404746724282
2021-03-08,2.974590507077478
2021-03-09,2.8675098185067873
2021-03-10,2.7993643819663774
2021-03-11,2.865175705270998
2021-03-12,2.7712202805681394
2021-03-15,2.6395093271522403
2021-03-16,2.593375695922423
2021-03-17,2.6144443597323868
2021-03-18,2.5853986040498818
2021-03-19,2.5393973925195477
2021-03-22,2.5947380115597287
2021-03-23,2.5601118197240997
2021-03-24,2.535764410097474
2021-03-25,2.5609424823104456
2021-03-26,2.5930291705402695
2021-03-29,2.581311796549878
2021-03-30,2.5651585681002427
2021-03-31,2.5761704339385343
2021-04-01,2.618493591862854
2021-04-02,2.674190896915525
2021-04-06,2.6420742377452533
2021-04-07,2.629132006655686
2021-04-08,2.6317893564892825
2021-04-09,2.610271385978872
2021-04-12,2.5450580144101003
2021-04-13,2.500404655419549
2021-04-14,2.4978170588497273
2021-04-15,2.4900812664149656
2021-04-16,2.500625302122893
2021-04-19,2.562736538596445
2021-04-20,2.5540638675063203
2021-04-21,2.53764934842402
2021-04-22,2.5499615691527393
2021-04-23,2.4765718150265204
2021-04-26,2.42863558417452
2021-04-27,2.336892153089919
2021-04-28,2.406100710604667
2021-04-29,2.417114375040462
2021-04-30,2.360584199283656
2021-05-06,2.366177090466645
2021-05-07,2.3776169308179225
2021-05-10,2.3609008371725237
2021-05-11,2.369145573660247
2021-05-12,2.3737282147511882
2021-05-13,2.3544120556626322
2021-05-14,2.397775216114568
2021-05-17,2.406087852680437
2021-05-18,2.383266602328543
2021-05-19,2.3707523536891126
2021-05-20,2.373115650034424
2021-05-21,2.3350519335647735
2021-05-24,2.381429599027913
2021-05-25,2.4258230536784193
2021-05-26,2.4192242963795367
2021-05-27,2.5177552248671042
2021-05-28,2.4843064595444915
2021-05-31,2.5037918972159448
2021-06-01,2.518903781862485
2021-06-02,2.4550065085827066
2021-06-03,2.4467337306589365
2021-06-04,2.4826763366005293
2021-06-07,2.5801615910770397
2021-06-08,2.5562809345117135
2021-06-09,2.5132540192279733
2021-06-10,2.5330974462730778
2021-06-11,2.4785278586088033
2021-06-15,2.4123390554901825
2021-06-16,2.393767389133008
2021-06-17,2.4869959843509006
2021-06-18,2.4509125719536144
2021-06-21,2.424802107454642
2021-06-22,2.4362887608915806
2021-06-23,2.561190402894044
2021-06-24,2.6601387476626144
2021-06-25,2.6564932391271934
2021-06-28,2.6819523168958157
2021-06-29,2.6035956116600607
2021-06-30,2.6519150831873994
2021-07-01,2.5512206747715953
2021-07-02,2.493865766273391
2021-07-05,2.5343249212003425
2021-07-06,2.5769542146604763
2021-07-07,2.564426742210237
2021-07-08,2.6387462366500656
2021-07-09,2.665418513930767
2021-07-12,2.6307901556115754
2021-07-13,2.660566362373926
2021-07-14,2.594929218996704
2021-07-15,2.5533721347347225
2021-07-16,2.5332753241008943
2021-07-19,2.52208871259224
2021-07-20,2.489273694957253
2021-07-21,2.5102386023257135
2021-07-22,2.556725005674822
2021-07-23,2.49410535776078
2021-07-26,2.4297419414772983
2021-07-27,2.6471406969670506
2021-07-28,2.6196154421778703
2021-07-29,2.6988975612534416
2021-07-30,2.7381918208872795
2021-08-02,2.8536100985378594
2021-08-03,2.77585545248705
2021-08-04,2.8008511449574436
2021-08-05,2.752672954634376
2021-08-06,2.7260576647087382
2021-08-09,2.7361666288807434
2021-08-10,2.718746488136344
2021-08-11,2.656789629528655
2021-08-12,2.635665850119509
2021-08-13,2.5447138705098804
2021-08-16,2.5225798187368986
2021-08-17,2.4608300492799895
2021-08-18,2.4240245549702477
2021-08-19,2.4394891425264267
2021-08-20,2.4311902067419466
2021-08-23,2.453834281901864
2021-08-24,2.4514361063300183
2021-08-25,2.43796279225068
2021-08-26,2.385239063582631
2021-08-27,2.326766148139797
2021-08-30,2.256949499276594
2021-08-31,2.2389173328283443
2021-09-01,2.27508674686386
2021-09-02,2.2403329184364464
2021-09-03,2.251785823527014
2021-09-06,2.3363133183003626
2021-09-07,2.3558382181271873
2021-09-08,2.347786933645196
2021-09-09,2.360333085135329
2021-09-10,2.3820240833453163
2021-09-13,2.3469422182086594
2021-09-14,2.320013223100694
2021-09-15,2.3077537394290233
2021-09-16,2.2739725325757005
2021-09-17,2.2607095967214357
2021-09-22,2.2635052024317375
2021-09-23,2.3177767669040747
2021-09-24,2.2720778984420726
2021-09-27,2.2739595422741585
2021-09-28,2.2574284828555746
2021-09-29,2.200324072163158
2021-09-30,2.2140493881795575
2021-10-08,2.2625223852946745
2021-10-11,2.26372617192216
2021-10-12,2.2038754540413636
2021-10-13,2.2308186093777445
2021-10-14,2.2061788743212096
2021-10-15,2.190631399588028
2021-10-18,2.1412507422324154
2021-10-19,2.1630426334738697
2021-10-20,2.1117174031849952
2021-10-21,2.11609067504986
2021-10-22,2.1029918747403853
2021-10-25,2.089875913992599
2021-10-26,2.149917180931218
2021-10-27,2.0914061008779146
2021-10-28,2.063100313994368
2021-10-29,2.0900111101719583
2021-11-01,2.2807495184843822
2021-11-02,2.377295804828987
2021-11-03,2.3661500862903164
2021-11-04,2.407512187509741
2021-11-05,2.4341638580585654
2021-11-08,2.366670157611336
2021-11-09,2.3853429812093485
2021-11-10,2.399679902572192
2021-11-11,2.4423551493314792
2021-11-12,2.5230832759887014
2021-11-15,2.5623409598198967
2021-11-16,2.5587950527548355
2021-11-17,2.6814696924954453
2021-11-18,2.6348142342036556
2021-11-19,2.6593512245124784
2021-11-22,2.799528977373944
2021-11-23,2.8186646513387132
2021-11-24,2.8160035960077523
2021-11-25,2.7603485801011245
2021-11-26,2.7077243276076186
2021-11-29,2.673588691904089
2021-11-30,2.705346407329796
2021-12-01,2.658063935271211
2021-12-02,2.638351484754365
2021-12-03,2.6662969263134353
2021-12-06,2.666678145270871
2021-12-07,2.6561034191904054
2021-12-08,2.752742047829147
2021-12-09,2.7740101306341485
2021-12-10,2.6847540031690404
2021-12-13,2.7754123506403996
2021-12-14,2.7368457310965857
2021-12-15,2.714729610377761
2021-12-16,2.68235431709824
2021-12-17,2.615958952310215
2021-12-20,2.5414575676193234
2021-12-21,2.587842340838456
2021-12-22,2.775491321035409
2021-12-23,2.9039255470697176
2021-12-24,2.9274898374924927
2021-12-27,2.89962109477845
2021-12-28,2.8863318159931928
2021-12-29,2.8262475393552267
2021-12-30,2.887133888376771
2021-12-31,2.91231867161503
2022-01-04,2.890555861795611
2022-01-05,2.7920629068347598
2022-01-06,2.763674614213642
2022-01-07,2.7057773333798667
2022-01-10,2.798678850832167
2022-01-11,2.7418859541906833
2022-01-12,2.816296241324897
2022-01-13,2.782673845308236
2022-01-14,2.856985364382885
2022-01-17,2.967185583723227
2022-01-18,3.0054509393713165
2022-01-19,2.94835830957685
2022-01-20,2.974948649360529
2022-01-21,2.896048074144195
2022-01-24,2.9019351335397237
2022-01-25,2.832487176632194
2022-01-26,2.9279692813100424
2022-01-27,2.806789939294666
2022-01-28,2.786620066748858
2022-02-07,2.8438161924229064
2022-02-08,2.678607344394043
2022-02-09,2.7748292425981864
2022-02-10,2.8128080279655103
2022-02-11,2.653145597186777
2022-02-14,2.629160203276066
2022-02-15,2.6971296886453784
2022-02-16,2.7522117313004206
2022-02-17,2.7745888931701876
2022-02-18,2.7436067970414357
2022-02-21,2.8290131074112117
2022-02-22,2.8176531633549486
2022-02-23,2.8608150852077916
2022-02-24,2.777135016649767
2022-02-25,2.773067657891521
2022-02-28,2.7386131478216886
2022-03-01,2.810863425517727
2022-03-02,2.7538242810314775
2022-03-03,2.6055563500959313
2022-03-04,2.6258658341713423
2022-03-07,2.486402031566124
2022-03-08,2.439914566919214
2022-03-09,2.432807997694399
2022-03-10,2.447769098031887
2022-03-11,2.418321870434268
2022-03-14,2.265737303916711
2022-03-15,2.1396254907001113
2022-03-16,2.143249240835477
2022-03-17,2.207368844605128
2022-03-18,2.169734957747752
2022-03-21,2.2610997296593767
2022-03-22,2.2634862573876564
2022-03-23,2.2755958750633574
2022-03-24,2.2165234398332565
2022-03-25,2.191437144185846
2022-03-28,2.169698402654495
2022-03-29,2.1160081439091423
2022-03-30,2.159523431515079
2022-03-31,2.1151122259854858
2022-04-01,2.119892601596688
2022-04-06,2.0636622532302566
2022-04-07,2.006424723127283
2022-04-08,1.9986067230727391
2022-04-11,1.8753997567802019
2022-04-12,1.907690761955343
2022-04-13,1.8500651611170789
2022-04-14,1.907407302398552
2022-04-15,1.9662362117398742
2022-04-18,2.117055114505254
2022-04-19,2.044643436676785
2022-04-20,2.0722592567399714
2022-04-21,2.006177754327981
2022-04-22,2.0454720555134345
2022-04-25,1.872795535484808
2022-04-26,1.8573379785337079
2022-04-27,1.9982119675225245
2022-04-28,1.963309730325054
2022-04-29,2.093872862718755
2022-05-05,2.142207783515422
2022-05-06,2.0951012688884645
2022-05-09,2.1240170594209653
2022-05-10,2.192615126827032
2022-05-11,2.2089861558350337
2022-05-12,2.18728013095247
2022-05-13,2.2760308325696985
2022-05-16,2.252691218163037
2022-05-17,2.2893659385771565
2022-05-18,2.260078200900625
2022-05-19,2.2908046656461063
2022-05-20,2.2561184077150234
2022-05-23,2.2689957232622064
2022-05-24,2.2033976834353113
2022-05-25,2.2271919373919764
2022-05-26,2.263883202700349
2022-05-27,2.2260059904087672
2022-05-30,2.353727432755327
2022-05-31,2.372725085173622
2022-06-01,2.3914760714646404
2022-06-02,2.4075834804362533
2022-06-06,2.4793899827692574
2022-06-07,2.46329269519845
2022-06-08,2.4347164436965
2022-06-09,2.4168258674391674
2022-06-10,2.4940430232150974
2022-06-13,2.480588914796236
2022-06-14,2.4791313757801143
2022-06-15,2.43156899767208
2022-06-16,2.430453085618121
2022-06-17,2.4575130691197917
2022-06-20,2.3649770187335517
2022-06-21,2.3821522697264954
2022-06-22,2.3063850777437795
2022-06-23,2.4274885064914486
2022-06-24,2.4270238581725256
2022-06-27,2.357398732437619
2022-06-28,2.3777433172976896
2022-06-29,2.311225609753362
2022-06-30,2.320063877405661
2022-07-01,2.3274506972373485
2022-07-04,2.2731425223054447
2022-07-05,2.1538168237761064
2022-07-06,2.201693381869136
2022-07-07,2.184130518906874
2022-07-08,2.180988905533766
2022-07-11,2.1261380452656544
2022-07-12,2.0862796211276824
2022-07-13,2.0585142656284328
2022-07-14,2.074048226642793
2022-07-15,2.0665199854352365
2022-07-18,2.0915852542302735
2022-07-19,2.15671541316882
2022-07-20,2.150538155013359
2022-07-21,2.1476132120209637
2022-07-22,2.1048786878110484
2022-07-25,1.9739817403518642
2022-07-26,1.9661340285637523
2022-07-27,1.9374781815364615
2022-07-28,2.07271909115422
2022-07-29,1.9834863418911803
2022-08-01,2.0834179100954207
2022-08-02,2.0646926998744273
2022-08-03,2.051950442037191
2022-08-04,2.0597123826789394
2022-08-05,2.1678738088724683
2022-08-08,2.170414909334641
2022-08-09,2.1607155648595597
2022-08-10,2.1169336840344286
2022-08-11,2.186045219107258
2022-08-12,2.1598614444297133
2022-08-15,2.164726081842172
2022-08-16,2.15946126330472
2022-08-17,2.1744034314333156
2022-08-18,2.161064880766127
2022-08-19,2.173182087228387
2022-08-22,2.1744834072799564
2022-08-23,2.117396427535582
2022-08-24,2.0184416251721724
2022-08-25,2.0102080635204214
2022-08-26,2.016672967717692
2022-08-29,1.990998561166441
2022-08-30,1.9769648918499092
2022-08-31,1.9598185236266954
2022-09-01,1.9386481736792205
2022-09-02,1.9595930626816829
2022-09-05,1.938328890358315
2022-09-06,1.9831031005705044
2022-09-07,1.9861824270194184
2022-09-08,1.9382698384471693
2022-09-09,1.939736679887894
2022-09-13,1.9391641236679715
2022-09-14,1.9144403325326758
2022-09-15,1.8376543226524775
2022-09-16,1.7835731910046222
2022-09-19,1.744200429008373
2022-09-20,1.7470055801634028
2022-09-21,1.7553860915426402
2022-09-22,1.73433631069588
2022-09-23,1.6887232294598482
2022-09-26,1.6510462716991001
2022-09-27,1.6855420264779177
2022-09-28,1.6303056742057906
2022-09-29,1.6276602965437856
2022-09-30,1.6087806032536838
2022-10-10,1.539534771787366
2022-10-11,1.5371886818145721
2022-10-12,1.6229454064034399
2022-10-13,1.631904184342863
2022-10-14,1.6686634229631752
2022-10-17,1.7089123866234266
2022-10-18,1.7088032532647948
2022-10-19,1.6908186336003272
2022-10-20,1.7170133788791064
2022-10-21,1.6954315358338121
2022-10-24,1.661621436187408
2022-10-25,1.702767479512951
2022-10-26,1.7701977516811311
2022-10-27,1.7496066863951416
2022-10-28,1.670867781075548
2022-10-31,1.7242017010391724
2022-11-01,1.748930501756959
2022-11-02,1.7602109164943949
2022-11-03,1.8818431870878756
2022-11-04,1.9470958615648726
2022-11-07,1.943066574996363
2022-11-08,1.9139224240753925
2022-11-09,1.898535751253971
2022-11-10,1.8462265710199515
2022-11-11,1.8838267517207146
2022-11-14,1.887297785149719
2022-11-15,2.0091372081188115
2022-11-16,1.9897738822889788
2022-11-17,2.0154988551923627
2022-11-18,2.0347692807079443
2022-11-21,2.015437310022023
2022-11-22,1.9867849924740117
2022-11-23,1.9835958055300258
2022-11-24,1.9629763134699398
2022-11-25,1.9419962343263775
2022-11-28,1.9254230214934553
2022-11-29,1.9551617500296707
2022-11-30,1.948904330401754
2022-12-01,1.9540022077370118
2022-12-02,1.924191323123747
2022-12-05,1.9305451190067209
2022-12-06,1.952869133618101
2022-12-07,1.9158564920506098
2022-12-08,1.8857463197481337
2022-12-09,1.9033082207350858
2022-12-12,1.9930246282323871
2022-12-13,1.9583162300350185
2022-12-14,1.9053326023592132
2022-12-15,1.9575456763751118
2022-12-16,1.9128176988454206
2022-12-19,1.8564935783699155
2022-12-20,1.8534855733434752
2022-12-21,1.8384833579724527
2022-12-22,1.833273724146835
2022-12-23,1.8097375309950974
2022-12-26,1.8554522228841952
2022-12-27,1.848166928126215
2022-12-28,1.8342781039132472
2022-12-29,1.8222434420055513
2022-12-30,1.8310111122359618
2023-01-03,1.9326209994008567
2023-01-04,1.902879048189834
2023-01-05,1.925616422512515
2023-01-06,1.9164488030285582
2023-01-09,1.9116858344772458
2023-01-10,1.9272720270244263
2023-01-11,1.9074883219798697
2023-01-12,1.9167980716316164
2023-01-13,1.901040291885829
2023-01-16,1.9302399009314197
2023-01-17,1.9679200460616302
2023-01-18,1.9639859796002819
2023-01-19,1.986654989055352
2023-01-20,1.9955928069401645
2023-01-30,2.003582412903349
2023-01-31,1.9904154226476727
2023-02-01,2.143151190021975
2023-02-02,2.1589120740198617
2023-02-03,2.1628750412155537
2023-02-06,2.1121805734659667
2023-02-07,2.1337158310114566
2023-02-08,2.1243731911833557
2023-02-09,2.2758530192576454
2023-02-10,2.349700151320715
2023-02-13,2.3864715661758407
2023-02-14,2.365631316862614
2023-02-15,2.4812697841558347
2023-02-16,2.3910560086519688
2023-02-17,2.296268683337047
2023-02-20,2.383454370772629
2023-02-21,2.3631986609311157
2023-02-22,2.382878448950353
2023-02-23,2.3271784291375353
2023-02-24,2.3334318893107575
2023-02-27,2.3387472468649104
2023-02-28,2.433073910088438
2023-03-01,2.4690705496362884
2023-03-02,2.45398431325905
2023-03-03,2.4169802080657288
2023-03-06,2.4139004702544336
2023-03-07,2.285509734337334
2023-03-08,2.360567147651715
2023-03-09,2.3573391649902002
2023-03-10,2.330585814023125
2023-03-13,2.3457980166977097
2023-03-14,2.305132237994654
2023-03-15,2.3081245086134436
2023-03-16,2.2804324897684336
2023-03-17,2.34796936891288
2023-03-20,2.5291403779227495
2023-03-21,2.566753760115639
2023-03-22,2.7758892081789375
2023-03-23,3.022322469656715
2023-03-24,3.082606901782717
2023-03-27,3.1571872454728798
2023-03-28,2.9734776128689995
2023-03-29,2.980806827909493
2023-03-30,2.9814209460063017
2023-03-31,3.0048146995910643
2023-04-03,3.1298784374772577
2023-04-04,3.2173711114829575
2023-04-06,3.496706531990816
2023-04-07,3.4115746446331787
2023-04-10,3.300056761195753
2023-04-11,3.2507323780777346
2023-04-12,3.291398605699039
2023-04-13,3.105181366785116
2023-04-14,3.0948025733271036
2023-04-17,3.087065209493594
2023-04-18,3.147782937503663
2023-04-19,3.217227355324183
2023-04-20,3.521584915458453
2023-04-21,3.2797690767166463
2023-04-24,3.29655491353412
2023-04-25,3.2144124831966066
2023-04-26,2.970355862075386
2023-04-27,2.9154060702363003
2023-04-28,2.9269486575603745
2023-05-04,2.7464820866680166
2023-05-05,2.7153182937654727
2023-05-08,2.7845963628994683
2023-05-09,2.932915438902386
2023-05-10,2.754928135508571
2023-05-11,2.706366182508056
2023-05-12,2.64266769497301
2023-05-15,2.6055356970913115
2023-05-16,2.5003183871054553
2023-05-17,2.4987441542649904
2023-05-18,2.6425248918955013
2023-05-19,2.5954116355105197
2023-05-22,2.5417426800262697
2023-05-23,2.4620234095284914
2023-05-24,2.4815620900109345
2023-05-25,2.5787330150958323
2023-05-26,2.6693368770395494
2023-05-29,2.538519041197652
2023-05-30,2.6125811276813056
2023-05-31,2.799295333932641
2023-06-01,2.8163889680621175
2023-06-02,2.7454237058701816
2023-06-05,2.845850452870315
2023-06-06,2.7138781753013297
2023-06-07,2.719500554333695
2023-06-08,2.6432202380877907
2023-06-09,2.8593150717980467
2023-06-12,2.917275229011377
2023-06-13,2.967521954467573
2023-06-14,3.0303326607050276
2023-06-15,2.905258077044733
2023-06-16,2.963925767349743
2023-06-19,3.071327869824325
2023-06-20,2.962711455351995
2023-06-21,2.837027789656133
2023-06-26,2.594446062269209
2023-06-27,2.6382797971762826
2023-06-28,2.5582400826800074
2023-06-29,2.5401446991688594
2023-06-30,2.7442304474078356
2023-07-03,2.7929262966166575
2023-07-04,2.9090718843774264
2023-07-05,2.9625540214831285
2023-07-06,3.0843328994185684
2023-07-07,2.965107037141287
2023-07-10,2.8890889222511236
2023-07-11,2.9094682210343294
2023-07-12,2.800501213325796
2023-07-13,3.035425439853971
2023-07-14,3.232364029903761
2023-07-17,3.2682960887588353
2023-07-18,3.2018917413771697
2023-07-19,3.1849402459622547
2023-07-20,2.973175652711539
2023-07-21,2.9850015633449942
2023-07-24,3.1480998611670676
2023-07-25,3.195365389812687
2023-07-26,3.0520985100536784
2023-07-27,2.96236810148222
2023-07-28,2.9315405621404707
2023-07-31,2.9192979597249593
2023-08-01,2.992831938211112
2023-08-02,2.9804314180901117
2023-08-03,2.9103817510919505
2023-08-04,3.034951874008335
2023-08-07,3.0585006516571283
2023-08-08,2.971167313636204
2023-08-09,2.852467669797295
2023-08-10,2.8965351614255934
2023-08-11,2.8232823867992245
2023-08-14,2.840514519514104
2023-08-15,2.834402628879586
2023-08-16,2.8115554677041823
2023-08-17,2.8342965734944685
2023-08-18,2.700276173061547
2023-08-21,2.6866528001573884
2023-08-22,2.838898786559393
2023-08-23,2.675663854317792
2023-08-24,2.7330501709572386
2023-08-25,2.5605162783719244
2023-08-28,2.6396517740473855
2023-08-29,2.7322942744459024
2023-08-30,2.7895384733885162
2023-08-31,2.7734940919052598
2023-09-01,2.7393069018183525
2023-09-04,2.82541142970011
2023-09-05,2.7390630841192096
2023-09-06,2.722832352942535
2023-09-07,2.646546744738963
2023-09-08,2.6561630978590376
2023-09-11,2.7118287148174565
2023-09-12,2.7166297849760292
2023-09-13,2.612776286437586
2023-09-14,2.614751487005608
2023-09-15,2.592061628959576
2023-09-18,2.5679587082508037
2023-09-19,2.6351647517833845
2023-09-20,2.670428935318683
2023-09-21,2.671556171952225
2023-09-22,2.876000599181142
2023-09-25,2.917341862370118
2023-09-26,2.925367573103293
2023-09-27,2.883808036409639
2023-09-28,2.932180172975234
2023-10-09,2.9197621946064767
2023-10-10,2.926874881609749
2023-10-11,2.976436969203589
2023-10-12,3.0050060478110563
2023-10-13,2.979811715110993
2023-10-16,2.903526526963678
2023-10-17,2.863851824202084
2023-10-18,2.7612615894723636
2023-10-19,2.7483158494158197
2023-10-20,2.6893714281926635
2023-10-23,2.6676038264430635
2023-10-24,2.7565515266573475
2023-10-25,2.6737528614148562
2023-10-26,2.673717691427739
2023-10-27,2.7299683672223582
2023-10-30,2.808377286671658
2023-10-31,2.7600806038623773
2023-11-01,2.7211122488383883
2023-11-02,2.757770025215659
2023-11-03,2.8050945263995084
2023-11-06,2.9038371337571887
2023-11-07,2.9491740881835677
2023-11-08,2.9375664645468795
2023-11-09,2.979313782064101
2023-11-10,2.982000138752224
2023-11-13,2.9969266786546362
2023-11-14,2.9972394466995027
2023-11-15,3.0043288835740554
2023-11-16,2.9315347412511823
2023-11-17,2.9633401554506946
2023-11-20,2.9257947634407655
2023-11-21,2.897053720922039
2023-11-22,2.8506802045636785
2023-11-23,2.874801365825874
2023-11-24,2.800109978701537
2023-11-27,2.8354517794378586
2023-11-28,2.86130906113248
2023-11-29,2.8553581344230956
2023-11-30,2.8687638369313935
2023-12-01,2.899101158326673
2023-12-04,2.8679114246562136
2023-12-05,2.777428279377732
2023-12-06,2.7556447264105923
2023-12-07,2.85065438500307
2023-12-08,3.0094680537990457
2023-12-11,3.0160144930718955
2023-12-12,3.0321407700452383
2023-12-13,3.0449047518451713
2023-12-14,2.9873742686413336
2023-12-15,2.950819637304234
2023-12-18,2.9451389256886182
2023-12-19,2.9834154402513584
2023-12-20,2.9421814001126716
2023-12-21,2.967105967282552
2023-12-22,2.9185398437439067
2023-12-25,2.995745079829871
2023-12-26,3.0111976347558547
2023-12-27,2.975387622406828
2023-12-28,3.025704253869438
2023-12-29,3.029026709770508
2024-01-02,2.9966036123812194
2024-01-03,2.933130054031285
2024-01-04,2.905132329378816
2024-01-05,2.801667833380835
2024-01-08,2.7176036181041536
2024-01-09,2.824280866407757
2024-01-10,2.7571721380628964
2024-01-11,2.771647300445165
2024-01-12,2.7226132840311847
2024-01-15,2.7764300997515696
2024-01-16,2.7988909083697013
2024-01-17,2.7598015472524517
2024-01-18,2.8766278805484453
2024-01-19,2.9485111239764907
2024-01-22,2.8540896035120267
2024-01-23,2.9157924734616243
2024-01-24,2.8952922659154923
2024-01-25,3.000012615408522
2024-01-26,2.807253846073518
2024-01-29,2.610627026486793
2024-01-30,2.5730724409570436
2024-01-31,2.541507426039813
2024-02-01,2.63074738945885
2024-02-02,2.5969097227778355
2024-02-05,2.6048660868042077
2024-02-06,2.859760730732305
2024-02-07,2.9260939125985113
2024-02-08,3.1038599267035734
2024-02-19,3.3742611170783468
2024-02-20,3.227734504449676
2024-02-21,3.088175375825373
2024-02-22,3.1686607564232268
2024-02-23,3.227637067413422
2024-02-26,3.2506736732564123
2024-02-27,3.4545244928550054
2024-02-28,3.230842768286125
2024-02-29,3.3910103464617474
2024-03-01,3.501166617882866
2024-03-04,3.6090469820792164
2024-03-05,3.6093797203982407
2024-03-06,3.631491944521686
2024-03-07,3.677791164608299
2024-03-08,4.025540106199084
2024-03-11,3.988966490444093
2024-03-12,3.7781046658553854
2024-03-13,3.825407329427631
2024-03-14,3.8222459101729958
2024-03-15,3.9752946766824753
2024-03-18,4.1819194335390035
2024-03-19,4.094233884267869
2024-03-20,4.147270042992239
2024-03-21,4.03683486024333
2024-03-22,4.043407717390475
2024-03-25,3.8546009976012643
2024-03-26,3.9417687004830158
2024-03-27,3.812325715397075
2024-03-28,3.8710377911223635
2024-03-29,3.837843611309211
2024-04-01,4.046632609313435
2024-04-02,3.917548677156665
2024-04-03,3.7944761810935264
2024-04-08,3.81395318237611
2024-04-09,3.7851544376612103
2024-04-10,3.693111988031809
2024-04-11,3.649494583194816
2024-04-12,3.8424480067075875
2024-04-15,3.8761111275204088
2024-04-16,3.739489574283399
2024-04-17,3.9116930815014865
2024-04-18,3.887663983885353
2024-04-19,3.7682511085014045
2024-04-22,3.624223249113499
2024-04-23,3.695243474129345
2024-04-24,3.9151026399909354
2024-04-25,3.886362194087695
2024-04-26,4.133499226886691
2024-04-29,4.233602485955949
2024-04-30,4.259734472902087
2024-05-06,4.225405197968891
2024-05-07,4.197919967504987
2024-05-08,4.155215396135108
2024-05-09,4.13321228299444
2024-05-10,4.044400322226415
2024-05-13,4.103206741931427
2024-05-14,4.0527069274926495
2024-05-15,4.09089301745134
2024-05-16,4.209576833706167
2024-05-17,4.166695998329904
2024-05-20,4.244575906297378
2024-05-21,4.257315209127764
2024-05-22,4.1891797843951295
2024-05-23,4.209283331687492
2024-05-24,4.0951122696643045
2024-05-27,4.203672679459072
2024-05-28,4.078015023916405
2024-05-29,4.0861634660737876
2024-05-30,4.106028784781591
2024-05-31,4.103173294713179
2024-06-03,4.351673970750051
2024-06-04,4.3712182803975725
2024-06-05,4.311899617734925
2024-06-06,4.4309013069685195
2024-06-07,4.276907156929122
2024-06-11,4.310999792501206
2024-06-12,4.313621823657837
2024-06-13,4.5054739737951826
2024-06-14,4.820913959465332
2024-06-17,4.903018894386167
2024-06-18,4.968752317806244
2024-06-19,4.858871601560009
2024-06-20,4.79468622037642
2024-06-21,4.800948355794457
2024-06-24,4.7745661008900875
2024-06-25,4.611844527883259
2024-06-26,4.760949894892506
2024-06-27,4.669117973518675
2024-06-28,4.7478424645596355
2024-07-01,4.813786927424683
2024-07-02,4.7500077151004945
2024-07-03,4.741082238151469
2024-07-04,4.795780712688748
2024-07-05,4.866831747180895
2024-07-08,4.844723150052968
2024-07-09,5.147515274440122
2024-07-10,5.332390885642171
2024-07-11,5.371370820848088
2024-07-12,5.265574388178404
2024-07-15,5.1561146879129565
2024-07-16,5.260835693763305
2024-07-17,4.835302479458862
2024-07-18,4.841773040221011
2024-07-19,4.736235785378814
2024-07-22,4.772660159482919
2024-07-23,4.692700082661915
2024-07-24,4.625454937177127
2024-07-25,4.439144141570179
2024-07-26,4.449396098229783
2024-07-29,4.491852132562008
2024-07-30,4.316559484026046
2024-07-31,4.412456812950697
2024-08-01,4.502347941219228
2024-08-02,4.235452827111488
2024-08-05,3.9873936634232634
2024-08-06,4.114957610392571
2024-08-07,4.134584434016092
2024-08-08,4.058416083261894
2024-08-09,4.231043100841176
2024-08-12,4.276525062151694
2024-08-13,4.328316144429435
2024-08-14,4.299091120649374
2024-08-15,4.254593910295591
2024-08-16,4.39034437168345
2024-08-19,4.372409905847692
2024-08-20,4.35269590731174
2024-08-21,4.370002665747339
2024-08-22,4.425697127077201
2024-08-23,4.348412082067571
2024-08-26,4.276210941872687
2024-08-27,4.181436438381125
2024-08-28,4.191571431889153
2024-08-29,4.023553405273389
2024-08-30,4.212121117372595
2024-09-02,4.2151439987439465
2024-09-03,4.335687398445999
2024-09-04,4.1874387559125
2024-09-05,4.262597824828738
2024-09-06,3.9762727891851624
2024-09-09,3.8993895567096226
2024-09-10,4.003743922338166
2024-09-11,4.002676712534832
2024-09-12,4.070076989189247
2024-09-13,4.2976549273587965
2024-09-18,4.2368954485130885
2024-09-19,4.085828897778157
2024-09-20,4.082625345661314
2024-09-23,4.070284258342553
2024-09-24,4.394734987837795
2024-09-25,4.293126182530026
2024-09-26,4.412384806404886
2024-09-27,4.6540747620453375
2024-09-30,5.125197261682202
2024-10-08,5.635280570157766
2024-10-09,5.554588287654395
2024-10-10,5.301345807739574
2024-10-11,5.234738743368069
2024-10-14,5.357393900659567
2024-10-15,5.22685234506836
2024-10-16,4.980521060600065
2024-10-17,5.070829269432902
2024-10-18,5.436630711324978
2024-10-21,5.415678648506986
2024-10-22,5.461753610791646
2024-10-23,5.299393130719237
2024-10-24,5.345846412213514
2024-10-25,5.547208460850333
2024-10-28,5.284494986058676
2024-10-29,5.246677459441164
2024-10-30,5.20998841829036
2024-10-31,5.209161792141188
2024-11-01,5.058625848225086
2024-11-04,5.197247962967747
2024-11-05,5.346209218929999
2024-11-06,5.214491717118873
2024-11-07,5.262378402443359
2024-11-08,5.225217248343428
2024-11-11,5.369152935861543
2024-11-12,5.311583979150394
2024-11-13,5.471635391684661
2024-11-14,5.262878861592921
2024-11-15,5.024483750866731
2024-11-18,4.877211953407067
2024-11-19,5.016294997414832
2024-11-20,5.018084921932672
2024-11-21,4.969966642683248
2024-11-22,4.7502334892288385
2024-12-09,4.9498444385266795
2024-12-10,4.845588444793704
2024-12-11,4.844164835728582
2024-12-12,4.883834287704218
2024-12-13,4.941922346941029
2024-12-16,4.977556161304409
2024-12-17,5.170914929973599
2024-12-18,5.1501106098605325
2024-12-19,5.244459179654146
2024-12-20,5.214914838541594
2024-12-23,5.105481620457689
2024-12-24,5.234136039600292
2024-12-25,5.16924935301205
2024-12-26,5.496873317352517
2024-12-27,5.469948166809642
2024-12-30,5.444881333915894
2024-12-31,5.270544941575243
2025-01-02,5.128548535251258
2025-01-03,5.12195534822832
2025-01-06,5.196972166679329
2025-01-07,5.505394378064714
2025-01-08,5.51621680197004
2025-01-09,5.648668733739428
2025-01-10,5.535244833993415
2025-01-13,5.362914917243277
2025-01-14,5.526235379868834
2025-01-15,5.1907904929060065
2025-01-16,5.233326883220268
2025-01-17,5.3801710658411706
2025-01-20,5.590026699216127
2025-01-21,5.704296976887652
2025-01-22,6.131771343217976
2025-01-23,6.045623673513814
2025-01-24,6.03477322255089
2025-01-27,5.665901391170483
2025-02-05,5.128202071106791
2025-02-06,5.227360896748797
2025-02-07,5.364332128324603
2025-02-10,5.402186658860729
2025-02-11,5.475236946247818
2025-02-12,5.559504020452487
2025-02-13,5.359298879863766
2025-02-14,5.417061605268688
2025-02-17,5.727853855385402
2025-02-18,5.886065543509581
2025-02-19,5.896783920334233
2025-02-20,5.977746506251265
2025-02-21,6.048970045900764
2025-02-24,5.714907830574422
2025-02-25,5.537101983492242
2025-02-26,5.595903876874398
2025-02-27,5.422134181222244
2025-02-28,5.003694582769079
2025-03-03,4.718891515091438
2025-03-04,4.8071625728655265
2025-03-05,4.859478378108526
2025-03-06,4.963917315327565
2025-03-07,4.831324874877242
2025-03-10,4.9015665429525
2025-03-11,4.9395238862023385
2025-03-12,5.030688241881182
2025-03-13,4.9493307400627895
2025-03-14,5.178069684520981
2025-03-17,5.168465027980621
2025-03-18,5.299945959303295
2025-03-19,5.0026391787515205
2025-03-20,4.9385919151509805
2025-03-21,4.899003924812852
2025-03-24,4.950121107082969
2025-03-25,4.829905645888755
2025-03-26,4.773496413114722
2025-03-27,4.735512812147604
2025-03-28,4.68246073501744
2025-03-31,4.692756570246702
2025-04-01,4.700012666185181
2025-04-02,4.762908054724293
2025-04-03,4.444186269012208
2025-04-07,3.9843489124413063
2025-04-08,3.62508435610218
2025-04-09,3.6825200755100287
2025-04-10,3.917172010265566
2025-04-11,3.984703016719383
2025-04-14,4.001539560193303
2025-04-15,3.9460080194426332
2025-04-16,3.7966385773397575
2025-04-17,3.8085454730557613
2025-04-18,3.964016144178567
2025-04-21,4.031001111150842
2025-04-22,3.955587357660892
2025-04-23,4.042374104666298
2025-04-24,3.958577855530881
2025-04-25,4.140608747652574
2025-04-28,4.075089165848792
2025-04-29,3.9941322422986367
2025-04-30,4.031154445834606
2025-05-06,4.309750624719774
2025-05-07,4.292632640672471
2025-05-08,4.483947448680428
2025-05-09,4.405687596623287
2025-05-12,4.497245078586751
2025-05-13,4.456730116029355
2025-05-14,4.590685174360155
2025-05-15,4.495536253608098
2025-05-16,4.471663748863112
2025-05-19,4.428838332664843
2025-05-20,4.449643873978473
2025-05-21,4.4722177561913865
2025-05-22,4.496700491927077
2025-05-23,4.397894687140665
2025-05-26,4.418675864023249
2025-05-27,4.241066535887138
2025-05-28,4.341520541583659
2025-05-29,4.514649551019781
2025-05-30,4.4680285213085265
2025-06-03,4.476392931458098
2025-06-04,4.744001627835942
2025-06-05,4.996111833163904
2025-06-06,5.015830808531885
2025-06-09,5.112500055803169
2025-06-10,5.134111551728612
2025-06-11,5.146818358662661
2025-06-12,5.289135534201583
2025-06-13,5.335220357690642
2025-06-16,5.538134913751132
2025-06-17,5.538234161934474
2025-06-18,6.032235431503926
2025-06-19,5.970407404449825
2025-06-20,5.835667866755064
2025-06-23,5.751545665710272
2025-06-24,5.711637526115586
2025-06-25,5.776325131131656
2025-06-26,5.771536222676305
2025-06-27,5.898093545062225
2025-06-30,5.875869918742306
2025-07-01,6.056258041570536
2025-07-02,5.813704008660497
2025-07-03,6.0786402682706475
2025-07-04,6.410013244426233
2025-07-07,6.229798351834244
2025-07-08,6.6372446680507515
2025-07-09,6.53286826701909
2025-07-10,6.528577877150028
2025-07-11,6.468664862464678
2025-07-14,6.593040460570403
2025-07-15,7.065704110544999
2025-07-16,6.741658641085349
2025-07-17,7.280709373488303
2025-07-18,7.156344523683353
2025-07-21,7.218956156856607
2025-07-22,7.19426865072046
2025-07-23,6.980448660693715
2025-07-24,7.010770761100837
2025-07-25,6.96698984742194
2025-07-28,7.463927226119843
2025-07-29,7.720926345525795
2025-07-30,7.611315170836646
2025-07-31,7.838305530984497
2025-08-01,7.500396233229763
2025-08-04,7.519965058417132
2025-08-05,7.368738343593353
2025-08-06,7.358200445022336
2025-08-07,7.203920732407411
2025-08-08,7.182933128616103
2025-08-11,7.31870899081646
2025-08-12,7.421833605498446
2025-08-13,8.103310103467688
2025-08-14,7.705214719246846
2025-08-15,7.837592458429266
2025-08-18,7.905484795282689
2025-08-19,7.793787673735024
2025-08-20,7.746979687043093
2025-08-21,7.634048721337283
2025-08-22,7.996669164318871
2025-08-25,8.363162074661913
2025-08-26,8.29060150453421
2025-08-27,8.453423140332253
2025-08-28,9.205844730625495
2025-08-29,9.75429977447257
2025-09-01,9.915927771269455
2025-09-02,9.359765743686145
2025-09-03,9.31835448096718
2025-09-04,8.416852756084833
2025-09-05,9.03817311189549
2025-09-08,8.574710049420368
2025-09-09,8.438687447289016
2025-09-10,8.960085727167208
2025-09-11,9.853902148984446
2025-09-12,10.03156828741803
2025-09-15,9.717760520920084
2025-09-16,10.033600233916026
2025-09-17,9.900707273667248
2025-09-18,10.492304673374917
2025-09-19,10.512184274399665
2025-09-22,11.152889764532432
2025-09-23,10.938822137716418
2025-09-24,10.482546996527931
2025-09-25,10.507390515938768
2025-09-26,10.127224596184055
2025-09-29,10.496669108443083
2025-09-30,10.363443727745691
2025-10-09,10.598872181336866
2025-10-10,10.36475798900112
2025-10-13,10.173738960221854
2025-10-14,9.565502614199092
2025-10-15,10.006881394769417
2025-10-16,9.857468917885368
2025-10-17,9.323216426176113
2025-10-20,9.59984893723896
2025-10-21,10.080612244809657
2025-10-22,10.059397209826077
2025-10-23,9.735869416878776
2025-10-24,10.453809781177421
2025-10-27,11.125434918699481
2025-10-28,11.483449137059731
2025-10-29,11.506974852360168
2025-10-30,11.183573405086955
2025-10-31,10.43331255762475
2025-11-03,10.518177049446539
2025-11-04,10.459842253044963
2025-11-05,10.422317833876141
2025-11-06,10.690849575202307
2025-11-07,10.283160727464344
2025-11-10,9.995090274610542
2025-11-11,9.703442366257423
2025-11-12,9.512453659149838
2025-11-13,9.57176283906982
2025-11-14,9.196415363389969
2025-11-17,9.276924339802372
2025-11-18,9.314209692137801
2025-11-19,9.349463560740935
2025-11-20,9.468832268421284
2025-11-21,8.977916814770994
2025-11-24,8.903198504623928
2025-11-25,9.665406399321595
2025-11-26,10.323236552954878
2025-11-27,10.036419767719416
2025-11-28,9.951607881168485
2025-12-01,10.262583326434129
2025-12-02,10.148789464971358
2025-12-03,10.164613771722005
2025-12-04,10.06928294812947
2025-12-05,9.818318630799432
2025-12-08,10.196184194877265
2025-12-09,10.64097068249946
2025-12-10,10.458346684758995
2025-12-11,10.16639184988594
2025-12-12,10.165105165749756
2025-12-15,9.950173470887997
2025-12-16,10.004528995801696
2025-12-17,10.594844333421191
2025-12-18,10.055655626838613
2025-12-19,9.950711586089056
2025-12-22,10.575473197683753
2025-12-23,10.582257910687037
2025-12-24,10.999849609536478
2025-12-25,10.834661550488434
2025-12-26,10.866615460003247
2025-12-29,11.38707717421759
2025-12-30,11.102973415475933
2025-12-31,10.967683904883526
2026-01-05,11.372098247276577
2026-01-06,11.068978809173894
2026-01-07,11.122644346986702
2026-01-08,10.823803517802073
2026-01-09,10.649992622995237
2026-01-12,10.456482317321823
2026-01-13,10.370394225138536
2026-01-14,10.822280105114846
2026-01-15,11.078875719033512
2026-01-16,11.285968923219752
2026-01-19,11.186517272092726
2026-01-20,10.670986322582285
2026-01-21,11.092697558023984
2026-01-22,11.591411824234147
2026-01-23,10.959388683024724
2026-01-26,10.86651527359078
2026-01-27,11.014146555489809
2026-01-28,11.070846304446958
2026-01-29,10.526808749737796
2026-01-30,10.577800046240414
2026-02-02,10.414956630883648
2026-02-03,10.447164686344175
2026-02-04,10.069186698632548
2026-02-05,9.973317497353223
2026-02-06,10.3817576546913
2026-02-09,10.696972972250885
2026-02-10,10.787229749412752
2026-02-11,10.530269405972735
2026-02-12,10.416145130842319
2026-02-13,10.374075096721826
2026-02-24,10.938133923860633
2026-02-25,11.531846298779065
2026-02-26,12.572322198315767
2026-02-27,12.245973993711944
2026-03-02,12.07743443643144
2026-03-03,11.376398121284206
2026-03-04,11.277491525393806
2026-03-05,11.326662209317853
2026-03-06,11.136110295464377
2026-03-09,10.860883722750868
2026-03-10,11.268881597319481
2026-03-11,11.272712133365863
2026-03-12,11.117258830059157
2026-03-13,11.594992760070346
2026-03-16,11.935187742416003
2026-03-17,12.002346142238782
2026-03-18,12.647243087752322
2026-03-19,12.003145447799293
2026-03-20,11.7875391888437
2026-03-23,11.14419922473703
2026-03-24,11.3903724874832
2026-03-25,11.46270895413532
2026-03-26,11.006869562731957
2026-03-27,11.149897700311284
2026-03-30,10.970405746246557
2026-03-31,10.587053758235578
2026-04-01,11.011579440118242
2026-04-02,10.526960787957274
2026-04-03,10.519961028769188
2026-04-07,10.636873581285318
2026-04-08,11.64661712676914
2026-04-09,11.861609182689918
2026-04-10,12.285056908429024
2026-04-13,12.43030552364583
2026-04-14,13.510525316675437
2026-04-15,12.956260961588804
2026-04-16,13.1314155902693
2026-04-17,13.584173688233886
2026-04-20,13.664424142703325
2026-04-21,13.97517607358426
2026-04-22,14.462907796222158
2026-04-23,14.756255819146762
2026-04-24,14.254089615368834
2026-04-27,14.763005745377004
2026-04-28,14.413644232389013
2026-04-29,14.466624237033313
2026-04-30,14.464713819704881
2026-05-06,14.859593263273448
2026-05-07,15.228694750734851
2026-05-08,15.338487773112593
2026-05-11,15.473310182407095
2026-05-12,15.510815883279001
2026-05-13,16.28366384910111
2026-05-14,15.60450155828332
2026-05-15,15.050446619806957
2026-05-18,15.540666593281431
2026-05-19,15.418876032352284
2026-05-20,15.516001610084501
2026-05-21,15.506945279228798
2026-05-22,17.046704075136688
2026-05-25,18.287283551502075
2026-05-26,19.831569394624157
2026-05-27,19.3075312130214
2026-05-28,19.909606805834603
2026-05-29,20.052066487923135
2026-06-01,18.758469379408403
2026-06-02,19.873173020106126
2026-06-03,19.653923470003637
2026-06-04,20.890038702803967
2026-06-05,19.836529358300833
2026-06-08,20.071490737062703
2026-06-09,21.067360561666916
2026-06-10,19.9602287459135
2026-06-11,19.640669518052064
2026-06-12,19.541129210107126
2026-06-15,20.98958564563824
2026-06-16,22.100370531287233
2026-06-17,22.95696299214812
2026-06-18,23.264663772708392
2026-06-22,23.049507305300722
2026-06-23,21.664325516719515
2026-06-24,22.47765819797956
2026-06-25,24.072252359686274
2026-06-26,22.90386503290533
2026-06-29,22.06741920372918
2026-06-30,23.44014352101472
2026-07-01,22.34371669509675
2026-07-02,20.361153129826725
2026-07-03,21.306099605636685
2026-07-06,20.368766332737657
2026-07-07,20.168597026698137
2026-07-08,19.790711186611755
2026-07-09,21.318428275806113
2026-07-10,20.188032611187992
2026-07-13,19.036336248349144
2026-07-14,20.773613966273736
2026-07-15,20.732217152566896
2026-07-16,20.42907996411715
2026-07-17,18.895893697876204
2026-07-20,17.296836438710613
2026-07-21,18.59437180001754
2026-07-22,17.39198031130421
2026-07-23,17.505182262447008
2026-07-24,16.92730537955622
2026-07-27,17.80550600533584
2026-07-28,16.03710451696028
2026-07-29,15.815641185043106
2026-07-30,14.512322861994432
2026-07-31,15.538116873055229
2026-08-03,15.178655789451946
2026-08-04,16.683580995326533
2026-08-05,17.49919236782097
2026-08-06,17.824965809245043
2026-08-07,19.2543415803139
2026-08-10,18.836838901261906
2026-08-11,18.617705712497997
2026-08-12,19.09911626235462
2026-08-13,18.771262215530673
2026-08-14,18.87777462841396
2026-08-17,19.385659612004705
2026-08-18,19.006110475702975
2026-08-19,17.32806624815669
2026-08-20,17.450861299324448
2026-08-21,18.411186202445414
2026-08-24,17.558703586041684
