date,TRUE_BUYHOLD_combined
2018-01-04,0.999
2018-01-05,0.9864871308033699
2018-01-08,0.9961174369426484
2018-01-09,0.9828072340960807
2018-01-10,0.9794160652027811
2018-01-11,0.9813804277201623
2018-01-12,0.9690340462692245
2018-01-15,0.9358165979465608
2018-01-16,0.9341014177889903
2018-01-17,0.9343258864359993
2018-02-01,0.8465044080740292
2018-02-02,0.8681780832409087
2018-02-05,0.8578276976743364
2018-02-06,0.8211620378960162
2018-02-07,0.8239211198226739
2018-02-08,0.8160870737690912
2018-02-09,0.7729599812414639
2018-02-12,0.7936324746110464
2018-02-13,0.7985972853569493
2018-02-14,0.7999025719513425
2018-02-22,0.8186415045358333
2018-02-23,0.8276288071465057
2018-02-26,0.85659000963401
2018-02-27,0.8483364885844616
2018-02-28,0.8465420691697705
2018-03-01,0.853628938748337
2018-03-02,0.8516809815655692
2018-03-05,0.8582272444361425
2018-03-06,0.8733250136820223
2018-03-07,0.8632165475806783
2018-03-08,0.8751675148922761
2018-03-09,0.887148502340827
2018-03-12,0.8989531920560707
2018-03-13,0.8865565914317552
2018-03-14,0.87761554184169
2018-03-15,0.8719788814082173
2018-03-16,0.8545676843809863
2018-03-19,0.8550474751432899
2018-03-20,0.8624005324490054
2018-03-21,0.8597557828413532
2018-03-22,0.8426841879144512
2018-03-23,0.8093386623905306
2018-03-26,0.8159331865789695
2018-03-27,0.8399383424402591
2018-03-28,0.8267354282098729
2018-03-29,0.8335976722562217
2018-03-30,0.8483583496078596
2018-04-02,0.8674318759064799
2018-04-03,0.8553508148862506
2018-04-04,0.846425729692516
2018-04-09,0.8402326962555428
2018-04-10,0.8454942748496012
2018-04-11,0.8569227818140832
2018-04-12,0.8522004767563444
2018-04-13,0.8459233021684607
2018-04-16,0.8337642836462495
2018-04-17,0.8351051517211395
2018-04-18,0.8441230239235121
2018-04-19,0.8457527708676182
2018-04-20,0.834386279367569
2018-04-23,0.8125963032379507
2018-04-24,0.8250309770691957
2018-04-25,0.8180838497230456
2018-04-26,0.7996950082612387
2018-04-27,0.7872727003037249
2018-05-02,0.7704445753187223
2018-05-03,0.7771310186332699
2018-05-04,0.7727326783290515
2018-05-07,0.7856051320800611
2018-05-08,0.796503848819885
2018-05-09,0.7914445670942666
2018-05-10,0.7906443328832569
2018-05-11,0.7873615849195719
2018-05-14,0.7923886597160071
2018-05-15,0.8069389270583898
2018-05-16,0.7940348712071186
2018-05-17,0.7904055114598818
2018-05-18,0.7955555984591547
2018-05-21,0.8067092489569174
2018-05-22,0.8080565547790036
2018-05-23,0.8011306698400186
2018-05-24,0.7890059841756593
2018-05-25,0.7830862645818297
2018-05-28,0.7765128363409781
2018-05-29,0.7733871623395158
2018-05-30,0.7535696433766174
2018-05-31,0.7681514995082656
2018-06-01,0.7568795143369355
2018-06-04,0.7624111937769852
2018-06-05,0.7726353082668568
2018-06-06,0.7865900106368116
2018-06-07,0.7793468691367267
2018-06-08,0.7711287546110255
2018-06-11,0.7769632273220177
2018-06-12,0.7814745888681841
2018-06-13,0.7750408641424948
2018-06-14,0.7763002012246975
2018-06-15,0.7563679693949341
2018-06-19,0.7047501296573261
2018-06-20,0.7080013277502348
2018-06-21,0.691564970637547
2018-06-22,0.6948279007004126
2018-06-25,0.6890497335671565
2018-06-26,0.6874958584142579
2018-06-27,0.6809530803832816
2018-06-28,0.6719391770149624
2018-06-29,0.6948892815593496
2018-07-02,0.6755361053455806
2018-07-03,0.6892214495436363
2018-07-04,0.6907834561442047
2018-07-05,0.6795536079488158
2018-07-06,0.6850818621687851
2018-07-09,0.6993066911604702
2018-07-10,0.7070929594682513
2018-07-11,0.6875466462059786
2018-07-12,0.707450481204209
2018-07-13,0.7059517070297577
2018-07-16,0.7128958703661218
2018-07-17,0.7130718486087239
2018-07-18,0.7218757923401088
2018-07-19,0.72039436499063
2018-07-20,0.7292780953369037
2018-07-23,0.7427243922047811
2018-07-24,0.7535170280175808
2018-07-25,0.7615629692550862
2018-07-26,0.7555570888392525
2018-07-27,0.7532409486756616
2018-07-30,0.7508689362304592
2018-07-31,0.7505120376468424
2018-08-01,0.7428804268115364
2018-08-02,0.7201404019550176
2018-08-03,0.7039761181634258
2018-08-06,0.6936054153970289
2018-08-07,0.7175463215598626
2018-08-08,0.7163350091096754
2018-08-09,0.7419312672686464
2018-08-10,0.7426115413988322
2018-08-13,0.7497042367303182
2018-08-14,0.7417174342044174
2018-08-15,0.7267083217069115
2018-08-16,0.7257270466991792
2018-08-17,0.7240682488778103
2018-08-20,0.7379412730202018
2018-08-21,0.7484451384092946
2018-08-22,0.7377966503948278
2018-08-23,0.7480408161630242
2018-08-24,0.7658972437795974
2018-08-27,0.8015226864934796
2018-08-28,0.8048059310045725
2018-08-29,0.7966892100702323
2018-08-30,0.7896375211957349
2018-08-31,0.777315325825379
2018-09-03,0.7960835922875291
2018-09-04,0.7990807455347924
2018-09-05,0.7783076264201325
2018-09-06,0.7843965207378679
2018-09-07,0.7758682617133008
2018-10-29,0.7689483613478066
2018-10-30,0.767387387312959
2018-10-31,0.7802817568220566
2018-11-01,0.7911959554919968
2018-11-02,0.8147286859987382
2018-11-05,0.8125375895367356
2018-11-06,0.8213667336148329
2018-11-07,0.8192648614855415
2018-11-08,0.8012854381963533
2018-11-09,0.7940903839487543
2018-11-12,0.8086924506077965
2018-11-13,0.8123005930138144
2018-11-14,0.8013053954846053
2018-11-15,0.8175193670782347
2018-11-16,0.8273705948698867
2018-11-19,0.8220201165297009
2018-11-20,0.7946530945377103
2018-11-21,0.7933073799384074
2018-11-22,0.7837561359244903
2018-11-23,0.7639004313880047
2018-11-26,0.7617790376250574
2018-11-27,0.7773499593830375
2018-11-28,0.7793318093289587
2018-11-29,0.7627578524270086
2018-11-30,0.7681483374976823
2018-12-03,0.8091348067342546
2018-12-04,0.8108692423535949
2018-12-05,0.80523945763385
2018-12-06,0.7617360841657134
2018-12-07,0.7716899330230609
2018-12-10,0.7758149865526174
2018-12-11,0.7828709332365039
2018-12-12,0.7865801547734315
2018-12-13,0.7999244958369996
2018-12-14,0.7793690386459048
2018-12-17,0.772635423420902
2018-12-18,0.7714445364985473
2018-12-19,0.7750929962816646
2018-12-20,0.7767108104089118
2018-12-21,0.7778118276732865
2018-12-24,0.7956215670984529
2018-12-25,0.7981873842590277
2018-12-26,0.7988829176502611
2018-12-27,0.7947863721936889
2018-12-28,0.8021675294530515
2019-01-02,0.7874957912282644
2019-01-03,0.775138228568161
2019-01-04,0.7977466203909263
2019-01-07,0.8226917174725381
2019-01-08,0.8260100870923309
2019-01-09,0.8261447161382832
2019-01-10,0.8263202731720163
2019-01-11,0.8273955559451853
2019-01-14,0.8287889803737958
2019-01-15,0.8357402605830764
2019-01-16,0.8494486086860794
2019-01-17,0.8404201715586302
2019-01-18,0.8556195589522548
2019-01-21,0.8640012867275702
2019-01-22,0.847351249328193
2019-01-23,0.8486425180169156
2019-01-24,0.8537322291081808
2019-01-25,0.8510868192234492
2019-01-28,0.8657141912505099
2019-01-29,0.8603190401220044
2019-01-30,0.8445628197691106
2019-01-31,0.8489263145162141
2019-02-01,0.877592017215077
2019-02-11,0.9038650347667955
2019-02-12,0.9097313674988162
2019-02-13,0.923845386656261
2019-02-14,0.9261143321170172
2019-02-15,0.9109194318675065
2019-02-18,0.9605558535348379
2019-02-19,0.9622131737449227
2019-02-21,0.9820271330491221
2019-02-22,1.0051926785680374
2019-02-25,1.0805615447856889
2019-02-26,1.043467264998514
2019-02-27,1.0247529204462547
2019-02-28,1.022482921428572
2019-03-01,1.0290227272386483
2019-03-04,1.0438520102210556
2019-03-05,1.0674321474715862
2019-03-06,1.0750925151552575
2019-03-07,1.053409789051584
2019-03-08,1.0337577972273257
2019-03-11,1.0919216901907072
2019-03-12,1.0891847910041683
2019-03-13,1.042191520872954
2019-03-14,1.0410355891074157
2019-03-15,1.0414024291733543
2019-03-18,1.0647653404515096
2019-03-19,1.0733926079086344
2019-03-20,1.0642328128143435
2019-03-21,1.080942821714371
2019-03-22,1.0784959674300798
2019-03-25,1.0631101289834142
2019-03-26,1.0448811650701817
2019-03-27,1.0787690681582722
2019-03-28,1.0706009354620227
2019-03-29,1.1001974567548292
2019-04-01,1.169861754911312
2019-04-02,1.1546606794183292
2019-04-03,1.1681371816796873
2019-04-04,1.1716189759476354
2019-04-08,1.1496523872182514
2019-04-09,1.1489469070707057
2019-04-10,1.1434661521962257
2019-04-11,1.1152819596570702
2019-04-12,1.1199966969982376
2019-04-15,1.1308769250369914
2019-04-23,1.1568951841096808
2019-04-24,1.1660501559518204
2019-04-25,1.1316369297582154
2019-04-26,1.1251428588890222
2019-04-29,1.1059481673063019
2019-04-30,1.1060656253812509
2019-05-06,1.0196056017055934
2019-05-07,1.0232242700404974
2019-05-22,1.0179144472406576
2019-05-23,0.9905291611159383
2019-05-24,0.9897282229857642
2019-05-27,1.022423738322516
2019-05-28,1.017088319995306
2019-05-29,1.0255318228904113
2019-05-30,1.0230261412747728
2019-05-31,1.032278462014456
2019-06-03,1.0681955211687704
2019-06-04,1.07930463078464
2019-06-05,1.0911255551335626
2019-06-06,1.0471200996725487
2019-06-10,1.085921678349999
2019-06-11,1.1088989318345557
2019-06-12,1.1066175771477664
2019-06-13,1.1011496522096935
2019-06-14,1.089345949355072
2019-06-17,1.0846544347786335
2019-06-18,1.0852592152991605
2019-06-19,1.109578786452428
2019-06-20,1.1351947835460163
2019-06-21,1.1629428610390018
2019-06-24,1.1561924854497916
2019-06-25,1.1693647897369441
2019-06-26,1.1753120493755027
2019-06-27,1.2388777651566039
2019-06-28,1.2707157113683747
2019-07-01,1.3326159563008824
2019-07-02,1.2910626019900642
2019-07-03,1.307825630150929
2019-07-04,1.2826413230529776
2019-07-05,1.2972784107665707
2019-07-08,1.286183572706621
2019-07-09,1.2718619359545205
2019-07-10,1.2589512489457864
2019-07-11,1.2974871852961927
2019-07-12,1.2799360440028147
2019-07-15,1.3075119535111193
2019-07-16,1.3416820089741046
2019-07-17,1.3242494076910842
2019-07-18,1.2994395327649226
2019-07-19,1.3148648320250562
2019-07-22,1.306868847352992
2019-07-23,1.3362199043571006
2019-07-24,1.3639821924175444
2019-07-25,1.4066436729197176
2019-07-26,1.4206496384085199
2019-07-29,1.4623979430267506
2019-07-30,1.4519919507431063
2019-07-31,1.4639715097346346
2019-08-01,1.4521646436029658
2019-08-02,1.442525948636413
2019-08-05,1.4495004027100054
2019-08-06,1.4833098963973874
2019-08-07,1.4827297482903739
2019-08-08,1.5395277212363576
2019-08-09,1.5362541185417198
2019-08-12,1.6250854217421022
2019-08-13,1.6146181445752328
2019-08-14,1.5728767765637075
2019-08-15,1.5833942868340583
2019-08-16,1.5725878276040164
2019-08-19,1.650722504241571
2019-08-20,1.664742387954114
2019-08-21,1.7089840678700265
2019-08-22,1.679856116744887
2019-08-23,1.6916179254166404
2019-08-26,1.7161535311377538
2019-08-27,1.739348260597192
2019-08-28,1.7263710091745892
2019-08-29,1.8061741924606876
2019-08-30,1.767191772222199
2019-09-02,1.8462665872984305
2019-09-03,1.9429732208265842
2019-09-04,1.9468844492718917
2019-09-05,1.96889307488568
2019-09-06,1.9352273129886453
2019-09-09,1.991117455541194
2019-09-10,1.9215093208046459
2019-09-11,1.953277907564511
2019-09-12,1.9164915458075729
2019-09-16,1.9393517925696353
2019-09-17,1.9432205801647293
2019-09-18,1.9398210020692277
2019-09-19,1.9718959605912056
2019-09-20,2.0440317151064034
2019-09-23,2.0857605949591793
2019-09-24,2.061156922614469
2019-09-25,1.977936740095821
2019-09-26,1.8898027229398824
2019-09-27,1.9085330735545336
2019-09-30,1.825670277612662
2019-10-08,1.8000901437360575
2019-10-10,1.877328721435863
2019-10-11,1.92249758028011
2019-10-14,1.95609002458055
2019-10-15,1.874847416731004
2019-10-16,1.85523323802724
2019-10-17,1.8618297150586025
2019-10-18,1.8052946980079128
2019-10-21,1.7817049578460569
2019-10-22,1.814918531130719
2019-10-23,1.819086633157391
2019-10-24,1.7896955702011808
2019-10-25,1.8183114272252952
2019-10-28,1.8754085220292558
2019-10-29,1.7915314683261454
2019-10-30,1.7312540026733385
2019-10-31,1.6823202091367748
2019-11-01,1.7096148703074412
2019-11-04,1.7412531932027946
2019-11-05,1.7480822900733668
2019-11-06,1.7241152525673122
2019-11-07,1.7291471410815502
2019-11-08,1.7217210087799526
2019-11-11,1.6787442493208908
2019-11-12,1.7189004743284035
2019-11-13,1.737194442380429
2019-11-14,1.7694364286660857
2019-11-15,1.759813004020157
2019-11-18,1.7322193639668308
2019-11-19,1.7575173243425841
2019-11-20,1.7455738168622275
2019-11-21,1.738782803130228
2019-11-22,1.707383925545588
2019-11-25,1.6436975018235074
2019-11-26,1.666292471862613
2019-11-27,1.6654831796700682
2019-11-28,1.676260495639388
2019-11-29,1.7070737375806575
2019-12-02,1.721251152378379
2019-12-03,1.744940736636727
2019-12-04,1.7359486416240415
2019-12-05,1.7534030270927505
2019-12-06,1.7575202819271503
2019-12-09,1.7681384391438564
2019-12-10,1.7889035104980429
2019-12-11,1.810205232733582
2019-12-12,1.8017780829104975
2019-12-13,1.7978809868933787
2019-12-16,1.8348003469241185
2019-12-17,1.8485597670097893
2019-12-18,1.8160644518414748
2019-12-19,1.7780495151959836
2019-12-20,1.76087363680155
2019-12-23,1.683065155815376
2019-12-24,1.7070230982371721
2019-12-25,1.7233191282796207
2019-12-26,1.7283651621821865
2019-12-27,1.7119134888867367
2019-12-30,1.7289939296729808
2019-12-31,1.7373320774118763
2020-01-02,1.8255294258979058
2020-01-03,1.818361851772918
2020-01-06,1.8384536345046094
2020-01-07,1.8410345387021547
2020-01-08,1.8059090564947082
2020-01-09,1.8260326343692448
2020-01-10,1.8535733792428464
2020-01-13,1.940692164106033
2020-01-14,1.927493109624664
2020-01-15,1.9310637583689854
2020-01-16,1.9180147038393949
2020-01-17,1.900185669383169
2020-01-20,1.9471426167322947
2020-01-21,1.9251751108592805
2020-01-22,1.990543453632472
2020-01-23,1.94069611261887
2020-02-03,1.7639159931079453
2020-02-04,1.7788087532494412
2020-02-05,1.7755589735985546
2020-02-06,1.797316138317542
2020-02-07,1.8628764287128514
2020-02-10,1.8459848579061053
2020-02-11,1.8602479563946819
2020-02-12,1.877196025136501
2020-02-13,1.904440978624567
2020-02-14,1.9416279285895093
2020-02-17,2.0546313181516638
2020-02-18,2.069281573200212
2020-02-19,2.067082723620229
2020-02-20,2.100025768684072
2020-02-21,2.175347149504917
2020-02-24,2.3207605932454056
2020-02-25,2.404118637294444
2020-02-26,2.2443968475865272
2020-02-27,2.21023665356958
2020-02-28,2.1005158721430752
2020-03-02,2.2370975245041307
2020-03-03,2.238372841873977
2020-03-04,2.1933622060152866
2020-03-05,2.205846939841049
2020-03-06,2.1886063393238735
2020-03-09,2.10747643081825
2020-03-10,2.2609770067972836
2020-03-11,2.223526261293822
2020-03-12,2.187002420541224
2020-03-13,2.190801539415121
2020-03-16,2.024065645666743
2020-03-17,1.9825618083675736
2020-03-18,1.9330744314690433
2020-03-19,1.9931895894098812
2020-03-20,1.9909017399405176
2020-03-23,1.913723423178331
2020-03-24,1.966471935509102
2020-03-25,2.034614993362956
2020-03-26,1.9925090340200213
2020-03-27,1.9845269967471446
2020-03-30,1.917537782697412
2020-03-31,1.91366437278959
2020-04-01,1.91187238989361
2020-04-02,1.9756534821428104
2020-04-03,1.9372381050776937
2020-04-07,2.0417937620293976
2020-04-08,2.040950976895981
2020-04-09,2.0512768305646136
2020-04-10,2.0157469904056176
2020-04-13,1.977019454037509
2020-04-14,2.037334325267542
2020-04-15,2.012594828001348
2020-04-16,2.015526428012822
2020-04-17,2.0501679789923157
2020-04-20,2.0751898832365483
2020-04-21,2.0973282757984
2020-04-22,2.083501647298523
2020-04-23,2.0843424564501194
2020-04-24,2.048342792831236
2020-04-27,2.038482274935822
2020-04-28,2.0604844059023195
2020-04-29,2.0293493308539317
2020-04-30,2.101553438426628
2020-05-06,2.152095583340298
2020-05-07,2.1317607990667615
2020-05-08,2.1538628681572747
2020-05-11,2.128644961741855
2020-05-12,2.1446595967198583
2020-05-13,2.132716624991567
2020-05-14,2.1376346230881795
2020-05-15,2.140179909580072
2020-05-18,2.0581618419513092
2020-05-19,2.070772919484489
2020-05-20,2.0431119649510405
2020-05-21,1.9889581360701802
2020-05-22,1.970125756940253
2020-05-25,1.9326203972157865
2020-05-26,1.966086655576257
2020-05-27,1.9274771278263276
2020-05-28,1.9424460047673713
2020-05-29,1.9429057988340925
2020-06-01,2.0199092159951206
2020-06-02,2.021178189648502
2020-06-03,2.0093459840777683
2020-06-04,1.9887408138128477
2020-06-05,1.998066251020061
2020-06-08,2.013163064575224
2020-06-09,2.009939237124076
2020-06-10,1.982778687159983
2020-06-11,1.9720226619856676
2020-06-12,1.9488519806428075
2020-06-15,1.9240754137046652
2020-06-16,1.983666828736781
2020-06-17,1.9974549544032285
2020-06-18,2.0158786756639437
2020-06-19,2.0242950385372684
2020-06-22,2.0515429883836713
2020-06-23,2.0304876043448177
2020-06-24,2.104420508314341
2020-06-29,2.0817871476418714
2020-06-30,2.1035648550409096
2020-07-01,2.115361952743979
2020-07-02,2.129628591226141
2020-07-03,2.164805308679051
2020-07-06,2.2498840566457887
2020-07-07,2.2757345562660585
2020-07-08,2.3105459559559183
2020-07-09,2.4320925253826187
2020-07-10,2.339309550190694
2020-07-13,2.412495177204785
2020-07-14,2.3442288208656037
2020-07-15,2.2479228492922663
2020-07-16,2.1136655374970514
2020-07-17,2.113155401776617
2020-07-20,2.183768461876847
2020-07-21,2.2016280177305476
2020-07-22,2.2063851166226978
2020-07-23,2.170049952938535
2020-07-24,2.111447327313721
2020-07-27,2.15016669077359
2020-07-28,2.1365370488972495
2020-07-29,2.2064279962895834
2020-07-30,2.1712191371036536
2020-07-31,2.2112892155259085
2020-08-03,2.253040197423638
2020-08-04,2.239587292108929
2020-08-05,2.2760282966385827
2020-08-06,2.278811466758864
2020-08-07,2.24638194463595
2020-08-10,2.246329087032926
2020-08-11,2.1902290026718796
2020-08-12,2.1513533713057864
2020-08-13,2.14898841857847
2020-08-14,2.1649068996561156
2020-08-17,2.2241348840100987
2020-08-18,2.2452767267704106
2020-08-19,2.2143190099299876
2020-08-20,2.1619288176855282
2020-08-21,2.1013727417511023
2020-08-24,2.100633910702275
2020-08-25,2.089850514117254
2020-08-26,2.025168142323908
2020-08-27,2.033850097876434
2020-08-28,2.053921763080014
2020-08-31,2.064222933540883
2020-09-01,2.1037762632772337
2020-09-02,2.0824277188927596
2020-09-03,2.050501790490705
2020-09-04,2.0514659462410307
2020-09-07,1.9939785972830466
2020-09-08,1.9347598226894556
2020-09-09,1.8522796263115455
2020-09-10,1.840617429683696
2020-09-11,1.8548634856179051
2020-09-14,1.8720629320331859
2020-09-15,1.8941640898874874
2020-09-16,1.8677239723746062
2020-09-17,1.9254650214138833
2020-09-18,1.956822013563823
2020-09-21,1.9620809697145234
2020-09-22,1.935042642521969
2020-09-23,1.921580547325339
2020-09-24,1.8732634817540366
2020-09-25,1.862874744423542
2020-09-28,1.8669888912852413
2020-09-29,1.8770136752013877
2020-10-09,1.9132733457699205
2020-10-12,1.9690984722548697
2020-10-13,1.9680902019587425
2020-10-14,1.9306566161342336
2020-10-15,1.9236115636509454
2020-10-16,1.9124357229363889
2020-10-19,1.919316364423391
2020-10-20,1.9280706792682507
2020-10-21,1.915941135344285
2020-10-22,1.9238498536390283
2020-10-23,1.8787470840000333
2020-10-26,1.865479904230176
2020-10-27,1.8766825924554573
2020-10-28,1.8702537756534343
2020-10-29,1.8664068043896593
2020-10-30,1.861154618810208
2020-11-02,1.870219203883542
2020-11-03,1.922396693341886
2020-11-04,1.9082186148969933
2020-11-05,1.996930148239426
2020-11-06,2.0326938724923345
2020-11-09,2.11274436750673
2020-11-10,2.067069277114191
2020-11-11,2.0182622371770638
2020-11-12,2.0353356184441354
2020-11-13,2.0417310116599343
2020-11-16,2.037090715110999
2020-11-17,2.021028179871097
2020-11-18,2.0068492405533944
2020-11-19,2.0163636101652957
2020-11-20,2.007041333287436
2020-11-23,2.0151150363924253
2020-11-24,1.9996006171242784
2020-11-25,1.9979048593200257
2020-11-26,2.0271239680834956
2020-11-27,2.0342022697241275
2020-11-30,2.0423127212904486
2020-12-01,2.0638818166109507
2020-12-02,2.073373471182436
2020-12-03,2.0634191968267235
2020-12-04,2.065071982721169
2020-12-07,2.057016693448643
2020-12-08,2.0468132983953837
2020-12-09,1.9988005428933275
2020-12-10,1.9849827741917119
2020-12-11,1.9472153227009947
2020-12-14,1.9618488162058012
2020-12-15,1.9663387073892378
2020-12-16,1.9520175712707315
2020-12-17,1.9846670095334558
2020-12-18,1.9824942671907362
2020-12-21,2.0023395865705096
2020-12-22,1.9165949344904534
2020-12-23,1.9206162042326773
2020-12-24,1.905790733892462
2020-12-25,1.9505732761674306
2020-12-28,1.9503966515816624
2020-12-29,1.956091498946018
2020-12-30,1.970220908055757
2020-12-31,1.9834106729264145
2021-01-04,2.016292402464055
2021-01-05,2.080662130028421
2021-01-06,2.046504208224248
2021-01-07,2.0657466602066217
2021-01-08,2.083954797711783
2021-01-11,2.0544162366461642
2021-01-12,2.0500091901886006
2021-01-13,2.0811097840319164
2021-01-14,2.065396829739984
2021-01-15,2.0316469000189135
2021-01-18,2.0473855592225676
2021-01-19,1.996996534498656
2021-01-20,1.9884242461481332
2021-01-21,1.9965050936647322
2021-01-22,1.974279834596566
2021-01-25,1.9390326831796931
2021-01-26,1.9434098272223288
2021-01-27,1.9362161811615128
2021-01-28,1.8924798643257275
2021-01-29,1.8599035530777084
2021-02-01,1.8228786156357608
2021-02-02,1.8342221916031582
2021-02-03,1.8325795852411164
2021-02-04,1.795816269247694
2021-02-05,1.7678194869959407
2021-02-08,1.7815839564949993
2021-02-09,1.8343906848063207
2021-02-10,1.8772169676937704
2021-02-18,1.9008622482089501
2021-02-19,1.955139658031001
2021-02-22,1.9630236873411404
2021-02-23,1.9686572724008926
2021-02-24,1.9580260739723725
2021-02-25,1.9391367761276013
2021-02-26,1.9158215024530512
2021-03-01,1.9786254277334725
2021-03-02,1.9486095762224502
2021-03-03,1.9706897339441616
2021-03-04,1.926186039031825
2021-03-05,1.9531544499695306
2021-03-08,1.9222597424606471
2021-03-09,1.874735824730006
2021-03-10,1.8526554278386826
2021-03-11,1.9286584695990403
2021-03-12,1.926278822643285
2021-03-15,1.8791240842854608
2021-03-16,1.8540140432040293
2021-03-17,1.8470456783510059
2021-03-18,1.8530619923113258
2021-03-19,1.8293980519512505
2021-03-22,1.8637139151805981
2021-03-23,1.8156366505349193
2021-03-24,1.7889354775995159
2021-03-25,1.7824779785637095
2021-03-26,1.8033747764577723
2021-03-29,1.8051353681460494
2021-03-30,1.8020094234074369
2021-03-31,1.8047017935957534
2021-04-01,1.8287360189256965
2021-04-02,1.8546370336074522
2021-04-06,1.8387038325435976
2021-04-07,1.840592682984703
2021-04-08,1.8546540239398996
2021-04-09,1.8458605270279305
2021-04-12,1.8204530657961369
2021-04-13,1.7899255959997127
2021-04-14,1.7973323466651354
2021-04-15,1.8039618363157577
2021-04-16,1.8131255635119445
2021-04-19,1.8484751380614743
2021-04-20,1.8409449664780566
2021-04-21,1.8352219420311287
2021-04-22,1.8448576753156793
2021-04-23,1.819453390728801
2021-04-26,1.7999232723718006
2021-04-27,1.7718708304879303
2021-04-28,1.7903032262075966
2021-04-29,1.8068297155231448
2021-04-30,1.7664916451427586
2021-05-06,1.7850156001081376
2021-05-07,1.8204078391428289
2021-05-10,1.8821552075855281
2021-05-11,1.8630925149112025
2021-05-12,1.8582883078253065
2021-05-13,1.8070426826942343
2021-05-14,1.8233929176290145
2021-05-17,1.8469274598304801
2021-05-18,1.8437595321495253
2021-05-19,1.8348374430005532
2021-05-20,1.8161464017854916
2021-05-21,1.8032499727980984
2021-05-24,1.8137429897824313
2021-05-25,1.835017340783029
2021-05-26,1.847079862973559
2021-05-27,1.8741503294995796
2021-05-28,1.8548931964948152
2021-05-31,1.8688309512443435
2021-06-01,1.881671138184849
2021-06-02,1.8386795032107222
2021-06-03,1.828156150803309
2021-06-04,1.8189250979119562
2021-06-07,1.8512078957536255
2021-06-08,1.8307526224236284
2021-06-09,1.8307836667642015
2021-06-10,1.8309551983314498
2021-06-11,1.835862058661153
2021-06-15,1.7812225107443975
2021-06-16,1.7619985593653622
2021-06-17,1.782708188457473
2021-06-18,1.7593386418931916
2021-06-21,1.7464749976793215
2021-06-22,1.752440540933101
2021-06-23,1.8060461064004119
2021-06-24,1.8388733137811242
2021-06-25,1.8483641333806924
2021-06-28,1.859743780118372
2021-06-29,1.809538239707398
2021-06-30,1.8268182640748358
2021-07-01,1.7941739379526749
2021-07-02,1.7629852806093813
2021-07-05,1.7829832265961214
2021-07-06,1.815107005874763
2021-07-07,1.8071990172945283
2021-07-08,1.8207515465750428
2021-07-09,1.8475221449556205
2021-07-12,1.834245530492422
2021-07-13,1.856313527079234
2021-07-14,1.8218022745230005
2021-07-15,1.8148387995489839
2021-07-16,1.8034205505318686
2021-07-19,1.7905876152818083
2021-07-20,1.7654068182024967
2021-07-21,1.7656245510871418
2021-07-22,1.7907930209318625
2021-07-23,1.7651588942722634
2021-07-26,1.7397200999576448
2021-07-27,1.7940181059145601
2021-07-28,1.7758678892082804
2021-07-29,1.8192254240076433
2021-07-30,1.8513935384557845
2021-08-02,1.908489983840505
2021-08-03,1.854454051086686
2021-08-04,1.8723700748107475
2021-08-05,1.842605047339673
2021-08-06,1.8452451366585045
2021-08-09,1.8509426592492286
2021-08-10,1.847278598552513
2021-08-11,1.8433073727032565
2021-08-12,1.8551387288557457
2021-08-13,1.824010750728835
2021-08-16,1.81042611839532
2021-08-17,1.7815276905575388
2021-08-18,1.7800792729283479
2021-08-19,1.7663365742678854
2021-08-20,1.7580668317813821
2021-08-23,1.7696509723289358
2021-08-24,1.7875267075265884
2021-08-25,1.78569655562681
2021-08-26,1.7670973612406837
2021-08-27,1.7619741048013156
2021-08-30,1.7431460728968862
2021-08-31,1.7442919530678729
2021-09-01,1.7441926385282553
2021-09-02,1.7516161072861942
2021-09-03,1.7660779983460737
2021-09-06,1.809591836868653
2021-09-07,1.8232797339016458
2021-09-08,1.8637920636525263
2021-09-09,1.8961997841825928
2021-09-10,1.904424966677349
2021-09-13,1.9420944638055313
2021-09-14,1.898884587297786
2021-09-15,1.8891752983145877
2021-09-16,1.8681020812255875
2021-09-17,1.8509838332373512
2021-09-22,1.8761013701250393
2021-09-23,1.8878049808124509
2021-09-24,1.827569410421248
2021-09-27,1.803708104561033
2021-09-28,1.8296860771451928
2021-09-29,1.8088360135129498
2021-09-30,1.83003917281922
2021-10-08,1.8215369048540677
2021-10-11,1.8101340104227785
2021-10-12,1.761645718636109
2021-10-13,1.7541147059476445
2021-10-14,1.7689505192938864
2021-10-15,1.7566053292366397
2021-10-18,1.7607838414100325
2021-10-19,1.7784315003297066
2021-10-20,1.7567413468251785
2021-10-21,1.7759856259239788
2021-10-22,1.7447290102424429
2021-10-25,1.7386813352243342
2021-10-26,1.7552475594803845
2021-10-27,1.7298206886489533
2021-10-28,1.703817675605347
2021-10-29,1.7076278415152288
2021-11-01,1.7867563937736133
2021-11-02,1.7953683373542477
2021-11-03,1.7982291904516956
2021-11-04,1.8058252504985641
2021-11-05,1.7918485576138123
2021-11-08,1.7756448588921083
2021-11-09,1.780398800642552
2021-11-10,1.7886862876528553
2021-11-11,1.8176000137925568
2021-11-12,1.8323471697314768
2021-11-15,1.8346728846680245
2021-11-16,1.832563419347993
2021-11-17,1.864645769274649
2021-11-18,1.8464937500858392
2021-11-19,1.8689931872843493
2021-11-22,1.904726932343765
2021-11-23,1.9118656481609437
2021-11-24,1.9137518590693985
2021-11-25,1.9035422793321632
2021-11-26,1.8760807444547383
2021-12-13,1.9306848568252606
2021-12-14,1.9095694071148914
2021-12-15,1.903354059352727
2021-12-16,1.9052105847327987
2021-12-17,1.8830300956124735
2021-12-20,1.8334933026997804
2021-12-21,1.8515854284493096
2021-12-22,1.9122242938220857
2021-12-23,1.9743410749182653
2021-12-24,1.974244790181091
2021-12-27,1.9636450836613673
2021-12-28,1.9594991150797798
2021-12-29,1.9244414069535227
2021-12-30,1.9520197142456022
2021-12-31,1.9695660972578224
2022-01-04,1.956087126620442
2022-01-05,1.9165426689959486
2022-01-06,1.8957878870955276
2022-01-07,1.8791248169255828
2022-01-10,1.9202479198759999
2022-01-11,1.9104986355395597
2022-01-12,1.93461802634971
2022-01-13,1.9180845165861113
2022-01-14,1.935570466743335
2022-01-17,1.9669231909467113
2022-01-18,1.994041462351846
2022-01-19,1.979337564015544
2022-01-20,2.00103974528431
2022-01-21,1.9724867814359768
2022-01-24,1.9641632015151114
2022-01-25,1.9282858325672427
2022-01-26,1.962662321266594
2022-01-27,1.8892472998811032
2022-01-28,1.8636338180855132
2022-02-07,1.9092840206821047
2022-02-08,1.8810781988445544
2022-02-09,1.9382592298540107
2022-02-10,1.9554302779375818
2022-02-11,1.894287561149833
2022-02-14,1.8755900866674764
2022-02-15,1.8957705884853102
2022-02-16,1.908347859532233
2022-02-17,1.927210475920286
2022-02-18,1.9189545415985172
2022-02-21,1.94043976680939
2022-02-22,1.945245568097979
2022-02-23,1.9495951394567335
2022-02-24,1.9376853347259964
2022-02-25,1.9312569225408451
2022-02-28,1.9261897570377755
2022-03-01,1.9411960142371223
2022-03-02,1.935620974070226
2022-03-03,1.9033745866763634
2022-03-04,1.909432882868109
2022-03-07,1.8810858254464806
2022-03-08,1.8355205988887002
2022-03-09,1.8353150394447555
2022-03-10,1.8354746476598598
2022-03-11,1.8244974189471213
2022-03-14,1.748037785919793
2022-03-15,1.6255309943269176
2022-03-16,1.6516278106554847
2022-03-17,1.6874475069807253
2022-03-18,1.6918378190629038
2022-03-21,1.7261417897425233
2022-03-22,1.7380417883915429
2022-03-23,1.7394540404385368
2022-03-24,1.7404930365683642
2022-03-25,1.7292319826061422
2022-03-28,1.7250617980005554
2022-03-29,1.7025471785272788
2022-03-30,1.711667029520907
2022-03-31,1.6933100347804728
2022-04-01,1.705706671703485
2022-04-06,1.7031334890638379
2022-04-07,1.678195328459295
2022-04-08,1.7112556454511179
2022-04-11,1.6641580946526802
2022-04-12,1.6771166421115988
2022-04-13,1.6730364788616048
2022-04-14,1.6975925895304471
2022-04-15,1.700456886027606
2022-04-18,1.7534773628137876
2022-04-19,1.738341355869143
2022-04-20,1.7085858339946682
2022-04-21,1.6547624566962014
2022-04-22,1.6844665004255968
2022-04-25,1.5609837420305381
2022-04-26,1.525822272954603
2022-04-27,1.5952583949826658
2022-04-28,1.575368823168846
2022-04-29,1.6563586233452465
2022-05-05,1.6647267408429536
2022-05-06,1.6155684427518886
2022-05-09,1.6203706134087779
2022-05-10,1.6536615773516705
2022-05-11,1.6636718669570574
2022-05-12,1.647860960406054
2022-05-13,1.6945840459217094
2022-05-16,1.6804431928090786
2022-05-17,1.6943262391716114
2022-05-18,1.6781216118084985
2022-05-19,1.6936548659457198
2022-05-20,1.7052162588856927
2022-05-23,1.7146026734777051
2022-05-24,1.668226890106308
2022-05-25,1.7000423611728326
2022-05-26,1.72209456120048
2022-05-27,1.7073908633485977
2022-05-30,1.7531599814204946
2022-05-31,1.7581650581566122
2022-06-01,1.7527775841486184
2022-06-02,1.7516094257789168
2022-06-06,1.7853293983771572
2022-06-07,1.7717432863896605
2022-06-08,1.7694394072010953
2022-06-09,1.7691182526795504
2022-06-10,1.8050680145068212
2022-06-13,1.8029796437435957
2022-06-14,1.7999047824172272
2022-06-15,1.7896932421154017
2022-06-16,1.7823302285751217
2022-06-17,1.8039695443101789
2022-06-20,1.7613536054112768
2022-06-21,1.760935327173292
2022-06-22,1.7265377495672374
2022-06-23,1.7704185548858375
2022-06-24,1.7653175202290752
2022-06-27,1.75668052123886
2022-06-28,1.770546380381458
2022-06-29,1.7369880254567815
2022-06-30,1.7368511052864963
2022-07-01,1.7467017656929502
2022-07-04,1.7377708419242743
2022-07-05,1.6958045762222334
2022-07-06,1.7020133184275459
2022-07-07,1.7004656392772557
2022-07-08,1.7043800544242378
2022-07-11,1.6755001160866843
2022-07-12,1.6695295626996454
2022-07-13,1.6605839237670852
2022-07-14,1.6552028362285327
2022-07-15,1.636807801423905
2022-07-18,1.6654182800431474
2022-07-19,1.685468541125561
2022-07-20,1.6807403764378417
2022-07-21,1.671950868059041
2022-07-22,1.6646062469981149
2022-07-25,1.6311741921015819
2022-07-26,1.6386779271929517
2022-07-27,1.626286042847913
2022-07-28,1.6781836115972548
2022-07-29,1.6554789307106605
2022-08-01,1.6811803289542462
2022-08-02,1.6594551995919748
2022-08-03,1.6453370618036636
2022-08-04,1.6585336285828316
2022-08-05,1.7267246363311968
2022-08-08,1.7289247074519214
2022-08-09,1.7193551017459134
2022-08-10,1.7332851043432296
2022-08-11,1.748200400187251
2022-08-12,1.7652329650039247
2022-08-15,1.7723903468994637
2022-08-16,1.7613063084203846
2022-08-17,1.7632164991188026
2022-08-18,1.7386489553907698
2022-08-19,1.7455743640134438
2022-08-22,1.7614218525007959
2022-08-23,1.732354614551796
2022-08-24,1.6915870964794832
2022-08-25,1.7234010400765796
2022-08-26,1.7166645714519773
2022-08-29,1.7024936753146132
2022-08-30,1.6886444661590296
2022-08-31,1.6722488317543043
2022-09-01,1.6699296437952758
2022-09-02,1.676429033095703
2022-09-05,1.6788001900964027
2022-09-06,1.7140817030932516
2022-09-07,1.7208342379316381
2022-09-08,1.7162615579626113
2022-09-09,1.73051365967642
2022-09-13,1.7428650132512034
2022-09-14,1.7179914599050914
2022-09-15,1.6750538360205725
2022-09-16,1.6275055573109194
2022-09-19,1.6049651151176958
2022-09-20,1.6149208747428885
2022-09-21,1.6305541440009126
2022-09-22,1.6160106517057917
2022-09-23,1.5928151294633788
2022-09-26,1.5443450421842844
2022-09-27,1.556202200744516
2022-09-28,1.5165912429600854
2022-09-29,1.5210353596712203
2022-09-30,1.5200377938510845
2022-10-10,1.495626766333282
2022-10-11,1.5069330579179145
2022-10-12,1.553923467345868
2022-10-13,1.5415910645398472
2022-10-14,1.5564809397982349
2022-10-17,1.5569491394321184
2022-10-18,1.542026189423759
2022-10-19,1.5129155030696066
2022-10-20,1.5133653067571782
2022-10-21,1.5003324224633692
2022-10-24,1.491173011707752
2022-10-25,1.506013302045231
2022-10-27,1.5297982838162805
2022-10-28,1.5012001076245565
2022-10-31,1.490450778848359
2022-11-01,1.5139994521223146
2022-11-02,1.533081851069185
2022-11-03,1.559734392662291
2022-11-04,1.5968288226729521
2022-11-07,1.6146605997218073
2022-11-08,1.5987598857718215
2022-11-09,1.5980027590653172
2022-11-10,1.578757826908118
2022-11-11,1.628788728776495
2022-11-14,1.614450664767883
2022-11-15,1.6594626459036297
2022-11-16,1.6549827598697722
2022-11-17,1.648832529079836
2022-11-18,1.6509988807894187
2022-11-21,1.64639187648373
2022-11-22,1.6400466874810908
2022-11-23,1.641754456559862
2022-11-24,1.65067814803582
2022-11-25,1.6652056132925235
2022-11-28,1.6520841306369105
2022-11-29,1.6613064438199763
2022-11-30,1.6550462110862272
2022-12-01,1.6705352404422742
2022-12-02,1.6472627536084017
2022-12-05,1.6667865423962123
2022-12-06,1.6661656174558674
2022-12-07,1.6463527283269805
2022-12-08,1.6375821784402376
2022-12-09,1.6431905320233826
2022-12-12,1.648507715093743
2022-12-13,1.6512764261404054
2022-12-14,1.637004854515915
2022-12-15,1.6373259955713784
2022-12-16,1.6268229524972708
2022-12-19,1.5872738956777095
2022-12-20,1.5785254455434643
2022-12-21,1.5753600888269035
2022-12-22,1.5684504204946428
2022-12-23,1.555949200407912
2022-12-26,1.5786719955406874
2022-12-27,1.5925805305609417
2022-12-28,1.5922760464531314
2022-12-29,1.5820879982878895
2022-12-30,1.5913299237385925
2023-01-03,1.6399051168798522
2023-01-04,1.6351380439788765
2023-01-05,1.6406782097086066
2023-01-06,1.6340734103121115
2023-01-09,1.6557616299135605
2023-01-10,1.6630901406211487
2023-01-11,1.6601930214373897
2023-01-12,1.6638809254159812
2023-01-13,1.6612646371297164
2023-01-16,1.6769746569160962
2023-01-17,1.682458642447383
2023-01-18,1.6911946987091648
2023-01-19,1.6958634821674983
2023-01-20,1.728263670554635
2023-01-30,1.7132139974834275
2023-01-31,1.705325503369225
2023-02-01,1.7674037308516468
2023-02-02,1.7777472630429987
2023-02-03,1.7626814298571587
2023-02-06,1.7237762965861763
2023-02-07,1.7397872960181167
2023-02-08,1.7297223737217162
2023-02-09,1.7856596396199647
2023-02-10,1.8049581657341867
2023-02-13,1.8199680321613707
2023-02-14,1.82150081738127
2023-02-15,1.85507834459968
2023-02-16,1.8109480877822797
2023-02-17,1.7796409775995912
2023-02-20,1.8322665265453135
2023-02-21,1.8310279189306533
2023-02-22,1.8335094965281453
2023-02-23,1.817194214659034
2023-02-24,1.8085487776338465
2023-02-27,1.8051656374133913
2023-02-28,1.8412425629964786
2023-03-01,1.8702362338653167
2023-03-02,1.8652518578620374
2023-03-03,1.8581135525676347
2023-03-06,1.8564986733987285
2023-03-07,1.8136488306422567
2023-03-08,1.8211903517848942
2023-03-09,1.8173357736386266
2023-03-10,1.8035169122229626
2023-03-13,1.8280416833345579
2023-03-14,1.8192524151671607
2023-03-15,1.8172572401531673
2023-03-16,1.800874851290071
2023-03-17,1.8302526545954152
2023-03-20,1.9204086631739157
2023-03-21,1.9232111911703051
2023-03-22,1.9870698512251512
2023-03-23,2.079253491296787
2023-03-24,2.092327675727326
2023-03-27,2.107636262663097
2023-03-28,2.038792223053047
2023-03-29,2.038904430762335
2023-03-30,2.05155744866193
2023-03-31,2.0480290766968965
2023-04-03,2.077814955489541
2023-04-04,2.1237917899068095
2023-04-06,2.2276556645009675
2023-04-07,2.1907052151035695
2023-04-10,2.1594070025550387
2023-04-11,2.160987005946067
2023-04-12,2.1917882647659486
2023-04-13,2.1240139704401235
2023-04-14,2.1363654668442793
2023-04-17,2.143738389292671
2023-04-18,2.160791811430879
2023-04-19,2.1756603304736366
2023-04-20,2.271508384351762
2023-04-21,2.1776092786984607
2023-04-24,2.1542800595725633
2023-04-25,2.131087886105663
2023-04-26,2.044916266515131
2023-04-27,2.0423422445951234
2023-04-28,2.047510619318467
2023-05-04,2.0149189087113064
2023-05-05,1.9890747742098231
2023-05-08,2.027172483617339
2023-05-09,2.058265515858786
2023-05-10,1.9941958500928725
2023-05-11,1.9826971583863457
2023-05-12,1.9498991030149593
2023-05-15,1.940741332764052
2023-05-16,1.901858112768781
2023-05-17,1.8977318238233585
2023-05-18,1.9500262519571763
2023-05-19,1.927052922617295
2023-05-22,1.9249121606511375
2023-05-23,1.8851808522070657
2023-05-24,1.8809748595204285
2023-05-25,1.9051254902631156
2023-05-26,1.945693350205201
2023-05-29,1.9101299777306109
2023-05-30,1.925039072998803
2023-05-31,1.9918430985417004
2023-06-01,1.9848946036986623
2023-06-02,1.9831235367192372
2023-06-05,2.0081998878456138
2023-06-06,1.9612219445970713
2023-06-07,1.9608483978023752
2023-06-08,1.9405980456138041
2023-06-09,2.028895841562039
2023-06-12,2.03538979889627
2023-06-13,2.0474149717567216
2023-06-14,2.0625973907646067
2023-06-15,2.009996950222494
2023-06-16,2.0267878412555222
2023-06-19,2.0564927359474305
2023-06-20,2.019060421398132
2023-06-21,1.9670842792003285
2023-06-26,1.883269205275343
2023-06-27,1.9081867083515247
2023-06-28,1.890125747066059
2023-06-29,1.8769384648509702
2023-06-30,1.943282353925874
2023-07-03,1.9695871559693396
2023-07-04,1.9963036464991633
2023-07-05,2.0149213498001326
2023-07-06,2.046175656877042
2023-07-07,2.006096601055689
2023-07-10,1.9851506793896698
2023-07-11,1.9994847398699591
2023-07-12,1.963269683318157
2023-07-13,2.061599187836999
2023-07-14,2.1265824430213778
2023-07-17,2.147224909397668
2023-07-18,2.1251468302584904
2023-07-19,2.1300299541196193
2023-07-20,2.054672198498319
2023-07-21,2.055126616539142
2023-07-24,2.107258467127493
2023-07-25,2.128832473943476
2023-07-26,2.090905863510621
2023-07-27,2.0584382366976692
2023-07-28,2.0510339831182502
2023-07-31,2.0513405945660863
2023-08-01,2.0883739699283557
2023-08-02,2.081134273510846
2023-08-03,2.0532469663798936
2023-08-04,2.0990878586968087
2023-08-07,2.1154479123600245
2023-08-08,2.0964743633062173
2023-08-09,2.0521549874456366
2023-08-10,2.0650441495305394
2023-08-11,2.0174580001267652
2023-08-14,2.027736472824451
2023-08-15,2.027087698141323
2023-08-16,2.0179732387697062
2023-08-17,2.029521852222259
2023-08-18,1.9729739034855918
2023-08-21,1.9643167353479736
2023-08-22,2.0255716046041536
2023-08-23,1.9639277558707653
2023-08-24,1.997672635513041
2023-08-25,1.9377573740435203
2023-08-28,1.9654945226865594
2023-08-29,1.9972664439546366
2023-08-30,2.020988002858404
2023-08-31,2.0152488750661854
2023-09-01,2.016663928392256
2023-09-04,2.052661076396968
2023-09-05,2.0225557122265156
2023-09-06,2.004641990251397
2023-09-07,1.970441751431888
2023-09-08,1.9774884733332732
2023-09-11,2.007913329335511
2023-09-12,2.0020072910850892
2023-09-13,1.9714882302885237
2023-09-14,1.9913062258268606
2023-09-15,1.9738866009050748
2023-09-18,1.9587061588854222
2023-09-19,1.989119227268329
2023-09-20,1.9955390423706512
2023-09-21,1.982702987005007
2023-09-22,2.0483590624620294
2023-09-25,2.062120515435147
2023-09-26,2.063049021199615
2023-09-27,2.0440497380877134
2023-09-28,2.0533086317631097
2023-10-09,2.055232846470795
2023-10-10,2.0583274450856415
2023-10-11,2.0636077526444985
2023-10-12,2.0790804345522087
2023-10-13,2.0658095608647553
2023-10-16,2.0487683469729343
2023-10-17,2.0393359497430956
2023-10-18,1.9973975390907246
2023-10-19,1.9796883581755347
2023-10-20,1.9544045880433625
2023-10-23,1.9329460671622207
2023-10-24,1.9692313935346601
2023-10-25,1.9322324170466036
2023-10-26,1.9457468041044592
2023-10-27,1.9668471640971799
2023-10-30,1.9987851764775988
2023-10-31,1.986678856504926
2023-11-01,1.9744451168028696
2023-11-02,1.982157239428652
2023-11-03,1.9960377600085049
2023-11-06,2.01806639488069
2023-11-07,2.0299551000899685
2023-11-08,2.018546605754887
2023-11-09,2.034483972794285
2023-11-10,2.03624156967389
2023-11-13,2.0397362035161315
2023-11-14,2.0402284508925246
2023-11-15,2.054972614398096
2023-11-16,2.029610062456539
2023-11-17,2.0409641764284254
2023-11-20,2.0267693939757963
2023-11-21,2.018076108376792
2023-11-22,1.9988871450999688
2023-11-23,2.004366758756674
2023-11-24,1.9769617228954641
2023-11-27,1.9880489706393256
2023-11-28,1.997072915353886
2023-11-29,2.002111838106205
2023-11-30,2.0120535517107068
2023-12-01,2.022192727449411
2023-12-04,2.0200647710123585
2023-12-05,1.9707022165148125
2023-12-06,1.964039228787292
2023-12-07,1.9975122517188857
2023-12-08,2.0549993346650326
2023-12-11,2.052842317084131
2023-12-12,2.0638941152365784
2023-12-13,2.05808103717315
2023-12-14,2.0422024722969385
2023-12-15,2.021112709872372
2023-12-18,2.0200790696987116
2023-12-19,2.0339487646380534
2023-12-20,2.027912342695554
2023-12-21,2.035589283629002
2023-12-22,2.0235017719868074
2023-12-25,2.05806497904129
2023-12-26,2.070792740117299
2023-12-27,2.068471765144771
2023-12-28,2.081416176170273
2023-12-29,2.084955069032892
2024-01-02,2.0938425084571173
2024-01-03,2.0715025546058143
2024-01-04,2.063780259088554
2024-01-05,2.0282491040713655
2024-01-08,1.9883397140438732
2024-01-09,2.0218490289141138
2024-01-10,1.9932402459235659
2024-01-11,1.9851161232785213
2024-01-12,1.9799189465154652
2024-01-15,1.9971622785559664
2024-01-16,2.0044988403348696
2024-01-17,1.9672918427477537
2024-01-18,1.9946449546228147
2024-01-19,2.016954080594313
2024-01-22,1.9481876785524441
2024-01-23,1.980843015740205
2024-01-24,1.9946514031594211
2024-01-25,2.042081337623492
2024-01-26,1.9878599063062026
2024-01-29,1.9325342337115101
2024-01-30,1.9090687905007413
2024-01-31,1.897157251881682
2024-02-01,1.9236972955903844
2024-02-02,1.9145072887831058
2024-02-05,1.9176626864880486
2024-02-06,2.0236997530390943
2024-02-07,2.063572382460499
2024-02-08,2.1244119318641954
2024-02-19,2.232884041961875
2024-02-20,2.193178410358062
2024-02-21,2.1423369037619775
2024-02-22,2.1805568722837276
2024-02-23,2.203205636592374
2024-02-26,2.18920406223897
2024-02-27,2.2662919539104256
2024-02-28,2.1864449895718883
2024-02-29,2.243119472111847
2024-03-01,2.293383173495632
2024-03-04,2.355014080506033
2024-03-05,2.3727203710153453
2024-03-06,2.386690728244951
2024-03-07,2.423238363869641
2024-03-08,2.5439279027490116
2024-03-11,2.5209396748942314
2024-03-12,2.4148585609938675
2024-03-13,2.433424875306694
2024-03-14,2.4400246783489283
2024-03-15,2.512878883598005
2024-03-18,2.578341269765973
2024-03-19,2.546023873210802
2024-03-20,2.5647192833289774
2024-03-21,2.53287062874321
2024-03-22,2.5246682949314727
2024-03-25,2.472486945366844
2024-03-26,2.4984723773242905
2024-03-27,2.4552422821321254
2024-03-28,2.49519287236479
2024-03-29,2.5264548805189193
2024-04-01,2.6153725119434297
2024-04-02,2.5743506068323145
2024-04-03,2.5595244751310204
2024-04-08,2.5985856295300094
2024-04-09,2.5763808569463773
2024-04-10,2.566985217715271
2024-04-11,2.5518529027492565
2024-04-12,2.6520533354214204
2024-04-15,2.669089274942507
2024-04-16,2.5855948772292496
2024-04-17,2.662013573569418
2024-04-18,2.65785858622228
2024-04-19,2.618194040002801
2024-04-22,2.540508882119822
2024-04-23,2.530549554130253
2024-04-24,2.6206013251603637
2024-04-25,2.6131787755329854
2024-04-26,2.7145792702733202
2024-04-29,2.7240155200867173
2024-04-30,2.7379628438022703
2024-05-06,2.734029512367701
2024-05-07,2.7167274512741426
2024-05-08,2.6991070608922243
2024-05-09,2.7020668430793444
2024-05-10,2.6850162747470834
2024-05-13,2.7055464374824894
2024-05-14,2.688953113708861
2024-05-15,2.698894151383828
2024-05-16,2.7273308774950356
2024-05-17,2.718857347480494
2024-05-20,2.780948814091095
2024-05-21,2.7525748554186924
2024-05-22,2.721360919316808
2024-05-23,2.7105963886551248
2024-05-24,2.686990552850973
2024-05-27,2.7414713830286566
2024-05-28,2.7026360263273603
2024-05-29,2.723800126797089
2024-05-30,2.7046991437522943
2024-05-31,2.7084526386834535
2024-06-03,2.7957774685975045
2024-06-04,2.8213410340666227
2024-06-05,2.79709897690733
2024-06-06,2.855341139369945
2024-06-07,2.812234506247233
2024-06-11,2.7882730236803357
2024-06-12,2.806298643881367
2024-06-13,2.862515005416081
2024-06-14,2.9492282631721762
2024-06-17,2.9612013270857442
2024-06-18,2.9888044304339383
2024-06-19,2.9574120712725858
2024-06-20,2.9430456465658863
2024-06-21,2.947971028173541
2024-06-24,2.9392643455008263
2024-06-25,2.880347463582706
2024-06-26,2.9226562565281506
2024-06-27,2.8815198097610257
2024-06-28,2.9303791239699053
2024-07-01,2.984377079368055
2024-07-02,2.9652478159281666
2024-07-03,2.9628997916778426
2024-07-04,2.9863469708547727
2024-07-05,3.027048765550894
2024-07-08,3.036986170168581
2024-07-09,3.156958525900653
2024-07-10,3.1987520609928475
2024-07-11,3.2330942429700293
2024-07-12,3.182505652156821
2024-07-15,3.1696116109555676
2024-07-16,3.2199292696228152
2024-07-17,3.0570377719575794
2024-07-18,3.077395488462261
2024-07-19,3.026585407073332
2024-07-22,3.0229219517953365
2024-07-23,2.972678841553336
2024-07-24,2.9660428689408547
2024-07-25,2.8623901681312036
2024-07-26,2.8668797191868234
2024-07-29,2.8851984980068663
2024-07-30,2.811421453791352
2024-07-31,2.860926242968256
2024-08-01,2.8978039080356544
2024-08-02,2.8122281147975268
2024-08-05,2.698892882333337
2024-08-06,2.723707583881889
2024-08-07,2.7391591850406853
2024-08-08,2.7012547508829186
2024-08-09,2.7539148040416044
2024-08-12,2.770074407389328
2024-08-13,2.7925688039066876
2024-08-14,2.790728902616544
2024-08-15,2.785235321119752
2024-08-16,2.8223004669134317
2024-08-19,2.8353566938717414
2024-08-20,2.8227808701848582
2024-08-21,2.8413180475657036
2024-08-22,2.8692613607345874
2024-08-23,2.825801830256075
2024-08-26,2.7966350732026375
2024-08-27,2.7519128466746556
2024-08-28,2.747823281354925
2024-08-29,2.67278795227157
2024-08-30,2.7210429440589623
2024-09-02,2.7179479938629787
2024-09-03,2.7464814916568323
2024-09-04,2.6909102717399054
2024-09-05,2.711608291806154
2024-09-06,2.6208452536280906
2024-09-09,2.5747993278261454
2024-09-10,2.60607696008109
2024-09-11,2.585089495240655
2024-09-12,2.612293453479114
2024-09-13,2.7037019511154834
2024-09-18,2.688600821404699
2024-09-19,2.646149539751564
2024-09-20,2.65914042158268
2024-09-23,2.679081947004572
2024-09-24,2.8139126789666156
2024-09-25,2.7880726980784276
2024-09-26,2.8489250247597795
2024-09-27,2.9392827816206086
2024-09-30,3.178469128708538
2024-10-08,3.3301962257583058
2024-10-09,3.2205984367473888
2024-10-10,3.162593184307802
2024-10-11,3.1346959461862607
2024-10-14,3.200471145668747
2024-10-15,3.1175406976530238
2024-10-16,3.0555058699497013
2024-10-17,3.062259364688607
2024-10-18,3.205874113902079
2024-10-21,3.205061261932918
2024-10-22,3.2317967400759153
2024-10-23,3.173894255734961
2024-10-24,3.1777745549594765
2024-10-25,3.214130637149066
2024-10-28,3.1291640586953267
2024-10-29,3.1185613175249434
2024-10-30,3.097705793123899
2024-10-31,3.0691867427733723
2024-11-01,3.034077354909288
2024-11-04,3.085012992033874
2024-11-05,3.142266998217554
2024-11-06,3.085584931239602
2024-11-07,3.100977154619234
2024-11-08,3.0786754517154162
2024-11-11,3.1132784509792133
2024-11-12,3.074937460294447
2024-11-13,3.1445330952883657
2024-11-14,3.0679412179224266
2024-11-15,2.978269375624749
2024-11-18,2.9220775164577937
2024-11-19,2.9745778199921253
2024-11-20,2.9803560708782153
2024-11-21,2.9760914430494396
2024-11-22,2.873517110463107
2024-12-09,2.962608627584187
2024-12-10,2.92162294534792
2024-12-11,2.9377679217431423
2024-12-12,2.960386714596052
2024-12-13,2.9649392120870472
2024-12-16,2.980584203688603
2024-12-17,3.0390136265563594
2024-12-18,3.033681575226766
2024-12-19,3.0557212260324715
2024-12-20,3.0330241020298594
2024-12-23,3.007656426393493
2024-12-24,3.0584168956730515
2024-12-25,3.0388504612750196
2024-12-26,3.138697419567106
2024-12-27,3.1299018057316803
2024-12-30,3.113620038896645
2024-12-31,3.0471884950841392
2025-01-02,2.9957349978976877
2025-01-03,3.0046622480826
2025-01-06,3.024620310343681
2025-01-07,3.131298983441928
2025-01-08,3.142090198491448
2025-01-09,3.177852376256662
2025-01-10,3.1343402751848988
2025-01-13,3.0826936166623367
2025-01-14,3.1438717352325494
2025-01-15,3.0242615598392435
2025-01-16,3.054188893931187
2025-01-17,3.103364850506347
2025-01-20,3.165266626871462
2025-01-21,3.2051885262135555
2025-01-22,3.352880280759035
2025-01-23,3.315874092237154
2025-01-24,3.308955529375889
2025-01-27,3.2018580441172584
2025-02-05,3.0389085775558144
2025-02-06,3.0745527005433226
2025-02-07,3.131024487631657
2025-02-10,3.141381822382259
2025-02-11,3.168930926779977
2025-02-12,3.1823286050844626
2025-02-13,3.1156655808104663
2025-02-14,3.1440468731256583
2025-02-17,3.230721760871133
2025-02-18,3.2863537133974723
2025-02-19,3.289655686576592
2025-02-20,3.327085215321536
2025-02-21,3.331091224688467
2025-02-24,3.2178520849419985
2025-02-25,3.142449701865743
2025-02-26,3.1663720051180833
2025-02-27,3.101664444397841
2025-02-28,2.9519243026688335
2025-03-03,2.8560411211902688
2025-03-04,2.898097958981209
2025-03-05,2.938300758484436
2025-03-06,2.969373168361823
2025-03-07,2.932360900503551
2025-03-10,2.953119398363526
2025-03-11,2.9578453668508997
2025-03-12,2.989047171249133
2025-03-13,2.968756062443442
2025-03-14,3.0660855585450792
2025-03-17,3.056051126058093
2025-03-18,3.130096727738915
2025-03-19,3.052490412791828
2025-03-20,3.027921494131542
2025-03-21,3.0005149521942442
2025-03-24,3.027120230465671
2025-03-25,2.9993702666978894
2025-03-26,2.9723906498857016
2025-03-27,2.9540533051670272
2025-03-28,2.9525295852052302
2025-03-31,2.978559216740462
2025-04-01,2.9807646565770676
2025-04-02,2.981707750904463
2025-04-03,2.880879700246489
2025-04-07,2.6585249032523173
2025-04-08,2.5531928628206755
2025-04-09,2.592096214309268
2025-04-10,2.7096294833102474
2025-04-11,2.755577572858788
2025-04-14,2.798568339888263
2025-04-15,2.781576197128683
2025-04-16,2.7663992135724484
2025-04-17,2.754225096144902
2025-04-18,2.7984878278652525
2025-04-21,2.875487643515163
2025-04-22,2.8579888409491994
2025-04-23,2.828731511594485
2025-04-24,2.802402390845175
2025-04-25,2.8593576586330096
2025-04-28,2.84165062694642
2025-04-29,2.8080934868976737
2025-04-30,2.812563373963063
2025-05-06,2.918999984527491
2025-05-07,2.921474922244956
2025-05-08,2.969936149054431
2025-05-09,2.9533232732558017
2025-05-12,2.979014279561921
2025-05-13,2.976772382063438
2025-05-14,3.0205081597998027
2025-05-15,2.987070697556724
2025-05-16,2.975813343076531
2025-05-19,2.9644434825631207
2025-05-20,2.9866571053915973
2025-05-21,3.029704484088036
2025-05-22,3.032034981633148
2025-05-23,3.002520612579978
2025-05-26,3.0041950576861325
2025-05-27,2.916658964857902
2025-05-28,2.9553355891455637
2025-05-29,3.00495551375168
2025-05-30,2.9849419278832126
2025-06-03,2.9939650294860414
2025-06-04,3.0776913511944914
2025-06-05,3.1506282794303537
2025-06-06,3.167298596773133
2025-06-09,3.19015300739576
2025-06-10,3.1960509309000273
2025-06-11,3.2104970959513595
2025-06-12,3.2733033419352258
2025-06-13,3.3197433190383645
2025-06-16,3.3657327237633687
2025-06-17,3.371050255588528
2025-06-18,3.5444964992249117
2025-06-19,3.5088767381198025
2025-06-20,3.452019801023732
2025-06-23,3.420510624864675
2025-06-24,3.3916199661101847
2025-06-25,3.4227365141438777
2025-06-26,3.427648237945684
2025-06-27,3.4569060262021813
2025-06-30,3.4472440951341983
2025-07-01,3.5349025876725166
2025-07-02,3.4518369102755435
2025-07-03,3.534469516259135
2025-07-04,3.638169317400479
2025-07-07,3.563991559855287
2025-07-08,3.696506757656232
2025-07-09,3.6469865462707363
2025-07-10,3.6461138899573036
2025-07-11,3.635428827901116
2025-07-14,3.683117351456814
2025-07-15,3.8281461736673634
2025-07-16,3.716790958848871
2025-07-17,3.8847839011782748
2025-07-18,3.8546521684366426
2025-07-21,3.8963732130562754
2025-07-22,3.9122044079371197
2025-07-23,3.823012568429116
2025-07-24,3.828213995975715
2025-07-25,3.801222258273331
2025-07-28,3.954420941435093
2025-07-29,4.039213782456781
2025-07-30,4.006604522361958
2025-07-31,4.049968335744768
2025-08-01,3.93731770404177
2025-08-04,3.9796529261624847
2025-08-05,3.936302117148935
2025-08-06,3.940794500886464
2025-08-07,3.9032303316456627
2025-08-08,3.907892272037724
2025-08-11,3.921269356219886
2025-08-12,3.958766794889492
2025-08-13,4.1956410787864415
2025-08-14,4.056109689193754
2025-08-15,4.105539749813675
2025-08-18,4.117049162137596
2025-08-19,4.074750490312085
2025-08-20,4.066418511770622
2025-08-21,4.029885221755793
2025-08-22,4.152784853841095
2025-08-25,4.321605622567086
2025-08-26,4.305313760032262
2025-08-27,4.33427930086996
2025-08-28,4.592533047206156
2025-08-29,4.803420178782632
2025-09-01,4.899224912402652
2025-09-02,4.727363536633883
2025-09-03,4.713277890534116
2025-09-04,4.3857521068643575
2025-09-05,4.625662719159554
2025-09-08,4.469352912968844
2025-09-09,4.47117674310013
2025-09-10,4.629185954095567
2025-09-11,4.928000570044096
2025-09-12,5.001554013548574
2025-09-15,4.880827960990546
2025-09-16,4.980362873518738
2025-09-17,4.9275022627625855
2025-09-18,5.074996203743253
2025-09-19,5.087852836669232
2025-09-22,5.317746717257377
2025-09-23,5.253070289159306
2025-09-24,5.108454944549174
2025-09-25,5.099041596116746
2025-09-26,4.990819850958098
2025-09-29,5.1365595039176535
2025-09-30,5.116774605828387
2025-10-09,5.287615929375623
2025-10-10,5.1850842499996705
2025-10-13,5.160418960946361
2025-10-14,4.92694571495595
2025-10-15,5.088431818558161
2025-10-16,5.024750719148685
2025-10-17,4.837898127533752
2025-10-20,4.892268276296229
2025-10-21,5.067038909547241
2025-10-22,5.04361386430103
2025-10-23,4.955680890788515
2025-10-24,5.202543337235012
2025-10-27,5.455808311325669
2025-10-28,5.534180345995425
2025-10-29,5.594873704786033
2025-10-30,5.493136943183848
2025-10-31,5.217477754824194
2025-11-03,5.251502625835334
2025-11-04,5.198462538162431
2025-11-05,5.193302869391249
2025-11-06,5.318707191325987
2025-11-07,5.182987767712045
2025-11-10,5.113206062845656
2025-11-11,5.002292520692203
2025-11-12,4.94591298151886
2025-11-13,4.987068031004415
2025-11-14,4.825787605612079
2025-11-17,4.819545973414195
2025-11-18,4.80046587143101
2025-11-19,4.858642934697658
2025-11-20,4.889468361875128
2025-11-21,4.696724055694846
2025-11-24,4.663774391982384
2025-11-25,4.942449165289848
2025-11-26,5.169420728482888
2025-11-27,5.0922180601397615
2025-11-28,5.078371419252831
2025-12-01,5.212048699442758
2025-12-02,5.165453192739634
2025-12-03,5.176376543543411
2025-12-04,5.138804202210567
2025-12-05,5.090517919259497
2025-12-08,5.208346697039364
2025-12-09,5.3115813685328135
2025-12-10,5.264658938461823
2025-12-11,5.1586365244282195
2025-12-12,5.179884227726737
2025-12-15,5.12605876052184
2025-12-16,5.10344920893722
2025-12-17,5.330706129742041
2025-12-18,5.159034538229523
2025-12-19,5.132235429301874
2025-12-22,5.363211319697912
2025-12-23,5.382383562011283
2025-12-24,5.517186358685966
2025-12-25,5.444414126772524
2025-12-26,5.494684244874595
2025-12-29,5.644336648500181
2025-12-30,5.568697759747951
2025-12-31,5.551950860298299
2026-01-05,5.712485912582398
2026-01-06,5.641433435624204
2026-01-07,5.628790919310856
2026-01-08,5.5159474154905155
2026-01-09,5.492118015121268
2026-01-12,5.432335438130975
2026-01-13,5.419669707098942
2026-01-14,5.5814073920780025
2026-01-15,5.694202559905334
2026-01-16,5.749452827429786
2026-01-19,5.729669192300835
2026-01-20,5.594471910382515
2026-01-21,5.793151914287434
2026-01-22,5.926344399359527
2026-01-23,5.725696169940886
2026-01-26,5.796627099255078
2026-01-27,5.817288283679385
2026-01-28,5.962074856675905
2026-01-29,5.84772713160286
2026-01-30,5.703078209798767
2026-02-02,5.518005314806572
2026-02-03,5.548791108547139
2026-02-04,5.4139162635642935
2026-02-05,5.326563352283531
2026-02-06,5.457406688895202
2026-02-09,5.566927523970301
2026-02-10,5.592588443832152
2026-02-11,5.543101546206036
2026-02-12,5.493157940387206
2026-02-13,5.436263234791683
2026-02-24,5.679582903397909
2026-02-25,5.8871358212649465
2026-02-26,6.221678530629727
2026-02-27,6.142937613926871
2026-03-02,6.1978894634103625
2026-03-03,5.923403578929035
2026-03-04,5.8782348121677686
2026-03-05,5.88878236005805
2026-03-06,5.798369110898442
2026-03-09,5.7129603003174685
2026-03-10,5.8582951143855455
2026-03-11,5.886568451681196
2026-03-12,5.8598611192178724
2026-03-13,5.982844262094924
2026-03-16,6.04489500287214
2026-03-17,6.053797920828606
2026-03-18,6.2625346759988965
2026-03-23,5.588695463300538
2026-03-24,5.695266289982087
2026-03-25,5.76815831416198
2026-03-26,5.5925974894997195
2026-03-27,5.675063722722434
2026-03-30,5.681626272120349
2026-03-31,5.546370719799544
2026-04-01,5.733482621505964
2026-04-02,5.566971511905042
2026-04-03,5.5467866425491925
2026-04-07,5.562373181694585
2026-04-08,5.998069005556399
2026-04-09,6.042791001178077
2026-04-10,6.155897867214051
2026-04-13,6.18613419823618
2026-04-14,6.557597402525187
2026-04-15,6.3591520622721225
2026-04-16,6.451594948442091
2026-04-17,6.586522573090701
2026-04-20,6.620310185838574
2026-04-21,6.722751649465436
2026-04-22,6.858185161452566
2026-04-23,6.911300578627042
2026-04-24,6.738017257291529
2026-04-27,6.874339885009974
2026-04-28,6.72819324262394
2026-04-29,6.785606100459703
2026-04-30,6.753064301110556
2026-05-06,6.948031033357086
2026-05-07,7.085897492959656
2026-05-08,7.151960538636397
2026-05-11,7.15595593955558
2026-05-12,7.153702605514073
2026-05-13,7.419914675194773
2026-05-14,7.160345409054958
2026-05-15,6.913369628603333
2026-05-18,7.047284376295846
2026-05-19,7.015903566489422
2026-05-20,7.0296341476712
2026-05-21,6.989751943710705
2026-05-22,7.525581615458056
2026-05-25,7.942183282671353
2026-05-26,8.531907910844748
2026-05-27,8.29510244024776
2026-05-28,8.452812412178595
2026-05-29,8.509139732970246
2026-06-01,8.093689839509965
2026-06-02,8.514768261517085
2026-06-03,8.429973627116222
2026-06-04,8.78673135453232
2026-06-05,8.391808145772405
2026-06-08,8.405196037288688
2026-06-09,8.746864555566317
2026-06-10,8.357838280754265
2026-06-11,8.26664727072418
2026-06-12,8.294197906755766
2026-06-15,8.804955516681858
2026-06-16,9.13477771777261
2026-06-17,9.427108162881007
2026-06-18,9.501909026228276
2026-06-22,9.468542892813444
2026-06-23,8.907850544792222
2026-06-24,9.165493651773772
2026-06-25,9.641837529916945
2026-06-26,9.223602587356538
2026-06-29,8.987759415213443
2026-06-30,9.414991424048665
2026-07-01,9.045761146807875
2026-07-02,8.427110516336809
2026-07-03,8.804976873854683
2026-07-06,8.500491905627392
2026-07-07,8.401738405548711
2026-07-08,8.29123068338645
2026-07-09,8.80588543247009
2026-07-10,8.476303835709613
2026-07-13,8.078220272678408
2026-07-14,8.741584918001246
2026-07-15,8.714361184740842
2026-07-16,8.61460523493894
2026-07-17,8.05772734599318
2026-07-20,7.560720376660561
2026-07-21,8.048006872398403
2026-07-22,7.714859191197451
2026-07-23,7.7775857939066935
2026-07-24,7.511985793866393
2026-07-27,7.825685767329627
2026-07-28,7.236747950874928
2026-07-29,7.185433870894029
2026-07-30,6.757314448238814
2026-07-31,7.132363827317141
2026-08-03,6.986297394591443
2026-08-04,7.464405880861512
2026-08-05,7.797161487637996
2026-08-06,7.914971202220227
2026-08-07,8.41800842796065
2026-08-10,8.316288315710334
2026-08-11,8.1751835296856
2026-08-12,8.342589519519251
2026-08-13,8.170713837541074
2026-08-14,8.213849758724134
2026-08-17,8.42113926673436
2026-08-18,8.313363768555707
2026-08-19,7.764831224601847
2026-08-20,7.857949779250512
2026-08-21,8.236448757253083
2026-08-24,7.954094362000556
