code,name,report_date,profit_notice_date,cash_notice_date,available_date,p_PARENT_NETPROFIT,p_DEDUCT_PARENT_NETPROFIT,p_BASIC_EPS,p_TOTAL_OPERATE_INCOME,p_RESEARCH_EXPENSE,c_NETCASH_OPERATE,ttm_parent_netprofit,ttm_deduct_netprofit,ttm_basic_eps_approx,ttm_revenue,ttm_research_expense,ttm_operating_cashflow,cash_conversion,deduct_quality,rd_intensity,normalized_eps_4q_median,normalized_deduct_np_4q_median,normalized_cfo_4q_median,deduct_factor_round6,clean_eps_round6,normalized_eps_round6,eps_growth_3y_round6,revenue_growth_3y_round6,realistic_growth_round6,neutral_value_round6,quality_factor_round5,quality_adjusted_eps_round5,normalized_owner_eps_round5,historical_growth_round5,assumed_growth_round5,neutral_value_round5
002179,中航光电,2004-12-31,2007-10-12,2007-10-12,2007-10-12,34158555.35,33007382.8,0.49,232384537.22,,24892693.18,34158555.35,33007382.8,0.49,232384537.22,,24892693.18,0.728739635647384,0.9662991441469143,,,,,0.9662991441469143,0.473486580631988,,,,,,0.728739635647384,0.35708242146721814,,,0.0,
002179,中航光电,2005-12-31,2007-10-12,2007-10-12,2007-10-12,62261844.46,60432956.17,0.89,418348477.54,,71163258.63,62261844.46,60432956.17,0.89,418348477.54,,71163258.63,1.1429674023826695,0.9706258575237846,,0.69,46720169.485,48027975.905,0.9706258575237846,0.8638570131961684,0.6686717969140782,,,,,0.9706258575237846,0.8638570131961684,0.6104697173316933,,0.0,7.999965496182648
002179,中航光电,2006-09-30,2007-10-31,2007-10-31,2007-10-31,53552730.16,,0.77,396033302.92,,-177040.27,,,,,,,,,,0.69,46720169.485,48027975.905,,,0.6686717969140782,,,,,,,0.6104697173316933,,0.0,7.999965496182648
002179,中航光电,2006-12-31,2008-03-29,2008-03-29,2008-03-29,66264928.29,64221847.43,0.95,521999423.99,,42546565.46,66264928.29,64221847.43,0.95,521999423.99,,42546565.46,0.6420676300108616,0.9691679910818176,,0.89,60432956.17,42546565.46,0.9691679910818176,0.9207095915277267,0.8638570131961684,,,,,0.6420676300108616,0.6099642485103185,0.6099642485103185,,0.0,7.993341526122235
002179,中航光电,2007-03-31,2008-04-24,2008-04-24,2008-04-24,16619932.67,,0.19,188043394.48,,-48387343.8,,,,,,,,,,0.9199999999999999,62327401.8,56854912.045,,,0.8922833023619475,,,,,,,0.7369106308532434,,0.0,9.656923927961193
002179,中航光电,2007-06-30,2008-08-18,2008-08-18,2008-08-18,41404401.33,39579319.69,0.31,402240540.55,,-44334699.19,,,,,,,,,,,,,,,,,,,,,,,,0.0,
002179,中航光电,2007-09-30,2008-10-28,2008-10-28,2008-10-28,65667992.34,,0.49,629362288.93,,-3006189.73,78380190.47,,0.6699999999999999,755328410.0,,39717416.00000001,0.5067277300787096,,,0.8099999999999999,,41131990.730000004,,,,,,,,,,,,0.0,
002179,中航光电,2007-12-31,2009-03-20,2009-03-20,2009-03-20,99237910.07,84785045.19,0.7,831508040.52,,42872811.31,99237910.07,84785045.19,0.7,831508040.52,,42872811.31,0.43202049780934093,0.8543614545106271,,0.6849999999999999,,41295113.655,0.8543614545106271,0.5980530181574389,,,,,,0.43202049780934093,0.30241434846653864,,,0.0,
002179,中航光电,2008-03-31,2009-04-25,2009-04-25,2009-04-25,16871419.6,15845088.89,0.09,224069388.57,,-31654552.26,99489396.99999999,,0.5999999999999999,867534034.6099999,,59605602.849999994,0.5991151283186489,,,0.6699999999999999,,42872811.31,,,,,,,,,,,,0.0,
002179,中航光电,2008-06-30,2009-08-18,2009-08-18,2009-08-18,43684763.54,42950680.52,0.16,504376888.28,,-57927130.62,101518272.27999999,88156406.02000001,0.55,933644388.25,,29280379.880000003,0.28842472613443504,0.8683796920504488,,0.6349999999999999,86470725.605,41295113.655,0.8683796920504488,0.4776088306277469,0.537830924392593,,,,,0.28842472613443504,0.15863359937393928,0.23052397392023896,,0.0,3.0209259936194335
002179,中航光电,2008-09-30,2009-10-21,2009-10-21,2009-10-21,75807975.98,75577862.68,0.28,773600780.83,,-80440650.65,109377893.71000001,,0.49,975746532.42,,-34561649.61000001,-0.3159838650910149,,,0.575,86470725.605,36076595.595,,,0.537830924392593,,,,,,,0.23052397392023896,,0.0,3.0209259936194335
002179,中航光电,2008-12-31,2010-04-21,2010-04-21,2010-04-21,111915779.42,108752512.18,0.42,1076654027.54,,64357354.27,111915779.42,108752512.18,0.42,1076654027.54,,64357354.27,0.5750516558391494,0.9717352882998848,,0.52,98454459.10000001,44442991.364999995,0.9717352882998848,0.4081288210859516,0.4428688258568493,-0.12829880711982644,0.3702972220498173,0.0,5.670867153435246,0.5750516558391494,0.24152169545244273,0.200077647413191,-0.31047769718000007,0.0,2.621938861863718
002179,中航光电,2009-03-31,2010-04-24,2010-04-24,2010-04-24,23730415.14,20475717.25,0.09,277106093.63,,13348244.2,118774774.96000001,113383140.54,0.42000000000000004,1129690732.6000001,,109360150.73,0.9207354909056188,0.9546062333368701,,0.455,108752512.18,46818867.075,0.9546062333368701,0.4009346180014855,0.4081288210859516,-0.14105210114915157,0.35788803013456727,0.0,5.2260267391561275,0.9207354909056188,0.3867089061803599,0.24152169545244273,-0.24841371557383085,0.0,3.1650468079635314
002179,中航光电,2009-06-30,2010-08-18,2010-08-18,2010-08-18,59340787.33,56582780.88,0.15,598409118.86,,75734474.65,127571803.21000001,122384612.53999999,0.4099999999999999,1170686258.1200001,,198018959.54000002,1.552215729161049,0.9593390503271227,,0.42000000000000004,113383140.54,86858752.5,0.9593390503271227,0.39332901063412024,0.4009346180014855,-0.13610045223997203,0.34222049094668416,0.0,5.1339060759147985,0.9593390503271227,0.39332901063412024,0.3867089061803599,-0.12241824342957053,0.0,5.067668090124936
002179,中航光电,2009-09-30,2010-10-26,2010-10-26,2010-10-26,85189903.99,79534417.64,0.21,897451544.97,,41872634.07,121297707.42999999,112709067.13999999,0.35,1200504791.6799998,,186670638.99,1.5389461428834197,0.9291937129565582,,0.4149999999999999,113046103.84,148015394.86,0.9291937129565582,0.32521779953479535,0.39713181431780287,-0.1297805008774794,0.3247934299011961,0.0,5.08521176003236,0.9291937129565582,0.32521779953479535,0.35596335285757763,-0.16452870554640875,0.0,4.664759708660275
002179,中航光电,2009-12-31,2011-03-30,2011-03-30,2011-03-30,118772096.9,110749386.96,0.3,1206497219.76,,112079574.67,118772096.9,110749386.96,0.3,1206497219.76,,112079574.67,0.9436524031765242,0.9324529064536536,,0.37999999999999995,113046103.84,149375106.83,0.9324529064536536,0.27973587193609606,0.3592734050844578,-0.2535110687693195,0.32208010049282976,0.0,4.600440656563268,0.9324529064536536,0.27973587193609606,0.35596335285757763,-0.16429804078355537,0.0,4.664759708660275
002179,中航光电,2010-03-31,2010-04-24,2010-04-24,2010-04-24,22999848.48,22791773.22,0.06,290971726.59,,-87394790.82,118041530.24,113065442.92999999,0.27,1220362852.7199998,,11336539.65000001,0.09603856902694123,0.9578446052005366,,0.32499999999999996,112887255.035,149375106.83,0.9578446052005366,0.2586180434041449,0.3024768357354457,-0.2761581617717732,0.2989260336649937,0.0,3.87316932757334,0.09603856902694123,0.025930413637274136,0.3024768357354457,-0.25677238586662865,0.0,3.963839942552454
002179,中航光电,2010-06-30,2010-08-18,2010-08-18,2010-08-18,67932806.31,69402980.44,0.17,656906953.31,,-107868131.1,127364115.88000001,123569586.51999998,0.31999999999999995,1264995054.21,,-71523031.08,-0.5615634402659192,0.9702072335384077,,0.30999999999999994,112887255.035,61708057.160000004,0.9702072335384077,0.3104663147322904,0.2951010933341932,-0.26450613727046135,0.2881077903063842,0.0,3.7787240813211636,,,0.27973587193609606,-0.2577378943367865,0.0,3.6658285579092955
002179,中航光电,2010-09-30,2010-10-26,2010-10-26,2010-10-26,113165778.59,115808793.03,0.28,1075236063.3,,-112539298.66,146747971.5,147023762.35000002,0.3700000000000001,1384281738.09,,-42332358.059999995,-0.28846980048374976,1.001879350339095,,0.30999999999999994,118317514.725,-15497909.204999993,1.0,0.3700000000000001,0.2951010933341932,-0.24916371427711292,0.2971929478783002,0.0,3.7787240813211636,,,0.15283314278668508,-0.36188909823740734,0.0,2.002818213998837
002179,中航光电,2010-12-31,2011-03-30,2011-03-30,2011-03-30,159151388.75,164910404.94,0.4,1521207411.62,,101020421.89,159151388.75,164910404.94,0.4,1521207411.62,,101020421.89,0.6347442060256606,1.0361857740308282,,0.34500000000000003,135296674.435,-15497909.204999993,1.0,0.4,0.34023315736614523,-0.20780208871169148,0.30656073404215634,0.0,4.356633215002795,0.6347442060256606,0.2538976824102643,0.13991404802376922,-0.35765264911414574,0.0,1.8335185593050967
002179,中航光电,2011-03-31,2011-04-28,2011-04-28,2011-04-28,27814727.24,27138287.3,0.07,424914864.01,,-108414618.46,163966267.51000002,169256919.02,0.41000000000000003,1655150549.04,,80000594.25,0.487908857504004,1.0322667069900662,,0.38500000000000006,155967083.645,18834118.095000003,1.0,0.41000000000000003,0.38500000000000006,-0.17330308103651737,0.3122650081099916,0.0,4.929865744892785,0.487908857504004,0.20004263157664165,0.22697015699345297,-0.2550305145493472,0.0,2.9743546208111233
002179,中航光电,2011-06-30,2011-08-31,2011-08-31,2011-08-31,89122271.12,86776287.59,0.22,943872095.84,,-109667934.45,180340853.56,182283712.09,0.44999999999999996,1808172554.15,,99220618.53999999,0.5501838134917608,1.0107732579260174,,0.405,167083661.98000002,89610606.395,1.0,0.44999999999999996,0.405,-0.09027884923212737,0.24667045063656112,0.0,5.1859626667053975,0.5501838134917608,0.24758271607129234,0.24758271607129234,0.024098713060579646,0.012049356530289823,3.419052506529887
002179,中航光电,2011-09-30,2011-10-24,2011-10-24,2011-10-24,143118210.92,143100473.3,0.36,1423716302.15,,-149108272.74,189103821.07999995,192202085.21,0.48,1869687650.47,,64451447.80999999,0.340825729707143,1.016383931917956,,0.43,175770315.555,89610606.395,1.0,0.48,0.43,-0.07192008220371493,0.24224854430527576,0.0,5.506083818971163,0.340825729707143,0.16359635025942862,0.223812673823967,-0.009806822253029979,0.0,2.932977045980593
002179,中航光电,2011-12-31,2012-03-28,2012-03-28,2012-03-28,198046560.77,194566411.69,0.49,1866358387.54,,-63868851.81,198046560.77,194566411.69,0.49,1866358387.54,,-63868851.81,-0.32249412240070985,0.9824276217346604,,0.46499999999999997,187242898.65,72226021.03,0.9824276217346604,0.4813895346499836,0.46499999999999997,0.016398734925129554,0.2014181045574608,0.016398734925129554,6.372134200382261,,,0.20004263157664165,-5.838044057970837e-05,0.0,2.621479993100433
002179,中航光电,2012-03-31,2012-04-25,2012-04-25,2012-04-25,31117511.97,31471092.65,0.08,493271747.92,,-75910254.9,201349345.5,198899217.04,0.49999999999999994,1934715271.45,,-31364488.250000015,-0.15577149343154936,0.9878314555534524,,0.485,193384248.45,16543479.779999986,0.9878314555534524,0.49391572777672615,0.4806947673249918,0.056052006497496976,0.19637702766897136,0.056052006497496976,7.748641190336738,,,0.2055895331653605,-0.052264963532027475,0.0,2.6941699563543526
002179,中航光电,2012-06-30,2012-08-29,2012-08-29,2012-08-29,99100270.93,94331135.26,0.25,1064275001.49,,-153730966.77,208024560.58000004,202121259.35999998,0.52,1986761293.1899996,,-107931884.13000001,-0.5188420243699667,0.9716220949894528,,0.495,196732814.365,-47616670.03000001,0.9716220949894528,0.5052434893945155,0.4876526312133549,0.0674295126569262,0.19275411767540995,0.0674295126569262,8.232201596253027,,,,,0.0,
002179,中航光电,2012-09-30,2012-10-25,2012-10-25,2012-10-25,157591195.94,152251393.21,0.3924,1603405147.68,,-135918718.2,212519545.79000005,203717331.59999996,0.5224000000000001,2046047233.0700002,,-50679297.26999998,-0.2384688762702252,0.9585816252463765,,0.51,200510238.2,-57274074.53999999,0.9585816252463765,0.5007630410287072,0.49733938440271663,0.07786729416043703,0.1944454303950589,0.07786729416043703,8.757462812820762,,,,,0.0,
002179,中航光电,2012-12-31,2013-03-12,2013-03-12,2013-03-12,202783952.93,199316267.36,0.5,2203478363.61,,82187441.18,202783952.93,199316267.36,0.5,2203478363.61,,82187441.18,0.4052955867191853,0.9828996056152578,,0.51,200718763.36,-41021892.76,0.9828996056152578,0.4914498028076289,0.49733938440271663,0.11446180618615243,0.2222900201564566,0.11446180618615243,10.140327960064138,0.4052955867191853,0.20264779335959265,,,0.0,
002179,中航光电,2013-03-31,2013-04-25,2013-04-25,2013-04-25,34194295.1,33612802.1,0.085,496445612.8,,-78556663.25,205860736.06,201457976.81,0.505,2206652228.4900002,,79541032.83000001,0.3863827282091183,0.9786129237937011,,0.5125,201789618.08499998,14430867.780000016,0.9786129237937011,0.49419952651581905,0.4974812837722631,0.18035264787871186,0.21822847122940225,0.18035264787871186,13.14130553492912,0.3863827282091183,0.19512327774560473,0.1988855355525987,-0.13040399154935012,0.0,2.6063167048892275
002179,中航光电,2013-06-30,2013-08-22,2013-08-22,2013-08-22,109417929.0,108204312.08,0.2527,1112373427.99,,-63340483.65,213101611.0,213189444.18,0.5026999999999999,2251576790.1100006,,172577924.3,0.8098386656495057,1.0004121657250165,,0.5038499999999999,202587654.20499998,80864237.00500001,1.0,0.5026999999999999,0.4974812837722631,0.19010349601687015,0.21184462178350372,0.19010349601687015,13.647171603675247,0.8098386656495057,0.40710589722200646,0.20264779335959265,-0.10186445539924915,0.0,2.6556196134352086
002179,中航光电,2013-09-30,2013-10-28,2013-10-28,2013-10-28,172862673.24,170713444.3,0.3899,1689718813.94,,14427009.73,218055430.23000002,217778318.45000002,0.4975,2289792029.87,,232533169.11,1.066394764233705,0.9987291681766067,,0.50135,207323710.495,127382682.74000001,0.9987291681766067,0.49686776116786185,0.49553364384184045,0.18854873368931213,0.18260732423428783,0.18854873368931213,13.51224599792122,0.9987291681766067,0.49686776116786185,0.30487684529079956,0.2587693593892486,0.1293846796946243,5.6639996311938665
002179,中航光电,2013-12-31,2014-03-26,2014-03-26,2014-03-26,244444708.02,233526031.48,0.55,2601763184.78,,204106564.9,244444708.02,233526031.48,0.55,2601763184.78,,204106564.9,0.8349805015345245,0.9553327350449057,,0.5038499999999999,215483881.315,188342244.60000002,0.9553327350449057,0.5254330042746982,0.49978388058393086,0.1367261171189853,0.19584636704166258,0.1367261171189853,11.130040066613354,0.8349805015345245,0.45923927584398855,0.4331725865329975,0.4573456310391084,0.15,8.407491387383924
002179,中航光电,2014-03-31,2014-04-25,2014-04-25,2014-04-25,46529899.25,45006425.05,0.1004,706487565.72,,-135745689.54,256780312.17,244919654.42999998,0.5654000000000001,2811805137.7,,146917538.61,0.5721526598687756,0.9538100968887844,,0.52635,225652174.965,188342244.60000002,0.9538100968887844,0.5392842287809188,0.5140665021373491,0.10114195913649926,0.1931592345146973,0.10114195913649926,9.938994130586643,0.5721526598687756,0.3234951138898058,0.4331725865329975,0.24034564634354272,0.12017282317177136,7.89018649845049
002179,中航光电,2014-06-30,2014-08-27,2014-08-27,2014-08-27,133625205.63,130842055.05,0.2218,1473410037.96,,-133093838.36,268651984.65,256163774.45,0.5191000000000001,2962799794.75,,134353210.19,0.5001013127263343,0.9535152877568739,,0.5345500000000001,239222842.95499998,175512051.755,0.9535152877568739,0.49496978587459334,0.51115038272128,0.08066280149434135,0.17888426544767344,0.08066280149434135,9.102669841661385,0.5001013127263343,0.2596025914362402,0.3913671948668972,0.16485779894886754,0.08242889947443377,6.5668577970956274
002179,中航光电,2014-09-30,2014-10-29,2014-10-29,2014-10-29,236984906.39,232842089.25,0.3933,2400556278.65,,-120430868.86,308566941.16999996,295654676.43,0.5534,3312600649.4900002,,69248686.31,0.2244203026008822,0.9581540890574984,,0.5517000000000001,250541714.44,140635374.4,0.9581540890574984,0.5302424728844196,0.527837738579559,0.07070679259570456,0.20998816055779512,0.07070679259570456,9.029539202594728,0.2244203026008822,0.12419419545932821,0.291548852663023,0.09211110434278935,0.046055552171394676,4.5111596910644725
002179,中航光电,2014-12-31,2015-03-31,2015-03-31,2015-03-31,339597922.11,331583996.8,0.56,3491245691.06,,153483783.19,339597922.11,331583996.8,0.56,3491245691.06,,153483783.19,0.4519573683972209,0.9764017245446979,,0.5567,275909225.44,140635374.4,0.9764017245446979,0.5467849657450309,0.5347633508326692,0.047687136672334374,0.23208624687666468,0.047687136672334374,8.331521550045213,0.4519573683972209,0.2530961263024437,0.25634935886934196,0.08616307847164384,0.04308153923582192,3.939975748871419
002179,中航光电,2015-03-31,2015-04-24,2015-04-24,2015-04-24,83526381.22,81272186.33,0.1386,965898754.69,,-203558064.72,376594404.08000004,367849758.08,0.5982000000000001,3750656880.0299997,,85671408.00999999,0.22748985933365273,0.9767796708998829,,0.5567,313619336.615,110012309.1,0.9767796708998829,0.5843095991323101,0.5385137193147252,0.03861292076222922,0.24708406231889346,0.03861292076222922,8.084642326086012,0.22748985933365273,0.13608443385339108,0.1945902800779174,-0.018173848565867012,0.0,2.550029071581333
002179,中航光电,2015-06-30,2015-08-27,2015-08-27,2015-08-27,255654431.38,250882884.99,0.4243,2207161079.63,,-35806481.97,461627147.86,451624826.73999995,0.7625000000000001,4224996732.7300005,,250771139.57999998,0.5432330848445954,0.9783324677364219,,0.5791000000000001,349716877.44,119577595.6,0.9783324677364219,0.7459785066490218,0.5655472824386705,0.050672768643317934,0.2861798714517567,0.050672768643317934,8.919015447735603,0.5432330848445954,0.41421522719400405,0.1945902800779174,-0.016791172512252595,0.0,2.550029071581333
002179,中航光电,2015-09-30,2015-10-28,2015-10-28,2015-10-28,422760490.86,415410441.05,0.7017,3473561239.68,,-86401128.25,525373506.58000004,514152348.6,0.8684000000000001,4564250652.09,,187513523.8,0.35691469297842643,0.9786415610238022,,0.68035,409737292.40999997,170498653.495,0.9786415610238022,0.8498523315930698,0.6651440528906659,0.10183470418798235,0.30686531807079676,0.10183470418798235,12.89560793927657,0.35691469297842643,0.30994471938246554,0.2815204228424546,0.09399160389190175,0.04699580194595088,4.365231977314708
002179,中航光电,2015-12-31,2016-03-30,2016-03-30,2016-03-30,568357284.41,555590686.63,0.94,4725196552.35,,623653872.79,568357284.41,555590686.63,0.94,4725196552.35,,623653872.79,1.0972919497942253,0.9775377247196669,,0.81545,482888587.66999996,219142331.69,0.9775377247196669,0.9188854612364868,0.7979154191210458,0.17079683955819114,0.28977118815817593,0.17079683955819114,20.308741140471298,0.9775377247196669,0.9188854612364868,0.3620799732882348,0.16287397072704568,0.08143698536352284,6.062182340785656
002179,中航光电,2016-03-31,2016-04-29,2016-04-29,2016-04-29,165729412.49,161965337.89,0.2751,1462626423.23,,-147154755.75,650560315.68,636283838.1899999,1.0765,5221924220.889999,,680057181.76,1.0453407091841567,0.9780551055053558,,0.9042,534871517.615,437212506.18499994,0.9780551055053558,1.0528763210765155,0.8843688964147783,0.2113414368005413,0.332509906905633,0.2113414368005413,26.327908049869045,0.9780551055053558,1.0528763210765155,0.6665503442152454,0.4963619304959672,0.15,12.937144344937842
002179,中航光电,2016-06-30,2016-08-26,2016-08-26,2016-08-26,396575440.45,383185903.73,0.5063,3003037177.28,,43306645.1,709278293.4799999,687893705.37,1.0219999999999998,5521072650.000001,,702766999.86,0.990819832384757,0.9698502149204671,,0.9809999999999999,595937262.41,651855527.275,0.9698502149204671,0.9911869196487172,0.955036190442602,0.2427759057830461,0.3483913200424653,0.2427759057830461,32.05086458656086,0.9698502149204671,0.9911869196487172,0.955036190442602,0.6763889570340749,0.15,18.53639587410612
002179,中航光电,2016-09-30,2016-10-28,2016-10-28,2016-10-28,562888389.48,539714166.71,0.7186,4364055201.31,,-90411335.84,708485183.0299999,679894412.2900002,0.9568999999999999,5615690513.98,,619643665.1999999,0.8746035627025414,0.9596452100554529,,0.9894499999999998,658089125.24,651855527.275,0.9596452100554529,0.9182845015020628,0.955036190442602,0.24440160366579988,0.3484641925972287,0.24440160366579988,32.248813947649865,0.8746035627025414,0.8369081491500617,0.955036190442602,0.46305535304795886,0.15,18.53639587410612
002179,中航光电,2016-12-31,2017-03-16,2017-03-16,2017-03-16,733765932.95,690135719.03,0.9368,5854802051.16,,231000143.86,733765932.95,690135719.03,0.9368,5854802051.16,,231000143.86,0.3148144844109855,0.9405393301040958,,0.9894499999999998,683894058.8300002,649850423.48,0.9405393301040958,0.8810972444415169,0.95473571057539,0.24073471635991184,0.3103521778015217,0.24073471635991184,31.793862096691683,0.3148144844109855,0.2949182089962112,0.9140475343993895,0.28256075629926247,0.14128037814963124,17.41665352950996
002179,中航光电,2017-03-31,2017-04-28,2017-04-28,2017-04-28,183714232.86,180090952.46,0.2345,1422379682.55,,-172497806.4,751750753.32,708261333.6,0.8962,5814555310.48,,205657093.21,0.2735708508461678,0.9421491504625233,,0.94685,689014712.2,425321904.53,0.9421491504625233,0.8443540686445135,0.8996908729717898,0.20505311028787276,0.27395211509762585,0.20505311028787276,26.145098636329358,0.2735708508461678,0.24517419652833555,0.5659131790731364,0.09316936999397352,0.04658468499698676,8.766874599440943
002179,中航光电,2017-06-30,2017-08-31,2017-08-31,2017-08-31,441633243.11,410336172.89,0.5638,3032730012.66,,147895786.48,778823735.6099999,717285988.19,0.9943,5884494886.539999,,335589285.24,0.430892472707134,0.9209862968906546,,0.94685,699198526.315,283294714.55,0.9209862968906546,0.9157366749983779,0.8984169597199474,0.20676987671308922,0.2569354333735776,0.20676987671308922,26.28089690165649,0.430892472707134,0.4284363856127033,0.36167729730445725,-0.025949332621555632,0.0,4.7396387028582865
002179,中航光电,2017-09-30,2017-10-27,2017-10-27,2017-10-27,629428013.8,595158748.43,0.8036,4499668567.89,337275127.41,6602297.33,800305557.27,745580300.75,1.0217999999999998,5990415417.739999,,328013777.03000003,0.4098606764007983,0.9316195470306634,,0.9655499999999999,712773660.895,279506960.44500005,0.9316195470306634,0.9519288531559317,0.8984169597199474,0.19391920784127126,0.21826861655908814,0.19391920784127126,25.011885114935247,0.4098606764007983,0.41879563914633566,0.35685692407127345,0.06968093615457094,0.03484046807728547,5.383265635606515
002179,中航光电,2017-12-31,2018-03-17,2018-03-17,2018-03-17,825350754.91,772408219.76,1.0525,6361813149.33,505809483.17,480091350.99,825350754.91,772408219.76,1.0525,6361813149.33,505809483.17,480091350.99,0.58168160401374,0.935854502058615,0.07950712655294974,1.00805,731433144.47,331801531.135,0.935854502058615,0.9849868634166923,0.9338327640771548,0.2041596823057501,0.22136935130216928,0.2041596823057501,27.044203895383465,0.58168160401374,0.6122198882244614,0.4236160123795195,0.18221588717251924,0.09110794358625962,7.2447017405193765
002179,中航光电,2018-03-31,2018-04-27,2018-04-27,2018-04-27,167378172.36,163165167.36,0.2137,1477251373.79,131470526.95,-282087007.43,809014694.41,755482434.66,1.0317,6416684840.57,,370502149.96000004,0.45796714512114106,0.9338302998451219,,1.0267499999999998,750531367.7049999,353045717.6,0.9338302998451219,0.9634327203502123,0.957680786753072,0.21149694648979023,0.1959601981611936,0.21149694648979023,28.5274308099886,0.45796714512114106,0.47248470362148126,0.4504605446170923,0.32276944460706813,0.15,8.743035148037876
002179,中航光电,2018-06-30,2018-08-25,2018-08-25,2018-08-25,465349454.93,456027923.98,0.4553,3584825699.13,261521301.61,-122690210.38,849066966.7299999,818099970.85,0.9440000000000001,6913908835.799999,,209505354.13000003,0.24674773879952622,0.9635282055557259,,1.0267499999999998,763945327.21,349257963.495,0.9635282055557259,0.9095706260446054,0.957680786753072,0.19188190193762145,0.17837311936963118,0.19188190193762145,26.452816995736335,0.24674773879952622,0.23292986542675276,0.44564017138390843,0.31803527814829335,0.15,8.649476027027152
002179,中航光电,2018-09-30,2018-10-26,2018-10-26,2018-10-26,697122122.68,677900025.07,0.6824,5775097527.85,442207815.65,-271896799.32,893044863.79,855149496.4,0.9313000000000001,7637242109.29,610742171.4099998,201592254.34,0.22573586447209504,0.957566110140116,0.07996894201731386,0.9878500000000001,795254095.3050001,290003752.045,0.957566110140116,0.8917813183734901,0.9365016731974088,0.12077813627906475,0.18714934896600788,0.12077813627906475,19.57989245039208,0.22573586447209504,0.21022781058286213,0.35270728452411704,0.07802143670397443,0.03901071835198722,5.3712514264385955
002179,中航光电,2018-12-31,2019-03-21,2019-03-21,2019-03-21,951561049.63,882997388.31,0.9316,7816018656.41,663709342.36,22640298.6,951561049.63,882997388.31,0.9316,7816018656.41,663709342.36,22640298.6,0.023792796698439197,0.9279461245847967,0.08491655042502809,0.9378,836624733.625,205548804.235,0.9279461245847967,0.8644746096631967,0.9006759722090477,0.041197794564264534,0.1826020237867667,0.041197794564264534,13.665446562769667,0.023792796698439197,0.022165369404265955,0.22157883800480743,-0.15096783876533804,0.0,2.90370350632735
002179,中航光电,2019-03-31,2019-04-26,2019-04-26,2019-04-26,232893052.03,229700960.85,0.2267,2156112564.5,162379437.11,-17943314.5,1017075929.3000001,949533181.7999998,0.9446000000000001,8494879847.12,694618252.52,286783991.53000003,0.2819691069941832,0.9335912437270182,0.08176904971239762,0.9378,869073442.355,205548804.235,0.9335912437270182,0.8818702888245414,0.8868258035990157,0.0009258268872933684,0.17622518245373797,0.0009258268872933684,11.399355482281344,0.2819691069941832,0.26634801846670547,0.22157883800480743,-0.30744238987369865,0.0,2.90370350632735
002179,中航光电,2019-06-30,2019-08-24,2019-08-24,2019-08-24,573001673.09,560338840.51,0.5614,4596659434.77,403861454.46,219059799.38,1059213267.79,987308304.8399999,1.0376999999999998,8827852392.05,806049495.2099999,364390308.36,0.3440197733930238,0.932114744842626,0.0913075411111195,0.9381,916265285.0549998,244188122.935,0.932114744842626,0.9672554707231928,0.8868258035990157,-0.024414171047580147,0.16947355015387822,0.0,11.355667924285207,0.3440197733930238,0.35698931884994073,0.23828791452478382,-0.3706536130689889,0.0,3.122669381026516
002179,中航光电,2019-09-30,2019-10-25,2019-10-25,2019-10-25,831137957.71,816488793.36,0.8045,6892193468.44,652395511.89,149840234.59,1085576884.6600003,1021586156.6,1.0537,8933114596.999998,873897038.6,444377332.51,0.40934671582398124,0.9410537116585326,0.09782669069234601,0.99115,968420743.3199999,325587149.94500005,0.9410537116585326,0.9915882959745959,0.9245628797738672,-0.010758503235970274,0.1674705675973287,0.0,11.83888537661458,0.40934671582398124,0.43132863446372904,0.3116686686583231,-0.3116963508188083,0.0,4.084295297080287
002179,中航光电,2019-12-31,2020-03-31,2020-03-31,2020-03-31,1071086932.0,1034124625.66,1.0422,9158826503.64,919587086.19,821750684.06,1071086932.0,1034124625.66,1.0422,9158826503.64,919587086.19,821750684.06,0.7672119409818361,0.9654908437067926,0.10040446620803745,1.03995,1004447230.72,404383820.435,0.9654908437067926,1.0062345573112192,0.9794218833488944,0.00855149295842006,0.16096797233497107,0.00855149295842006,12.99351625660615,0.7672119409818361,0.7995882848912695,0.39415897665683486,-0.24464551507098442,0.0,5.16529833297537
002179,中航光电,2020-03-31,2020-04-24,2020-04-24,2020-04-24,163700268.34,149279460.21,0.1541,1799899184.8,141997312.87,-256025497.37,1001894148.31,953703125.0199999,0.9695999999999999,8802613123.939999,899204961.95,583668501.1899999,0.5825650366104392,0.951900085082552,0.10215204840758935,1.03995,1004447230.72,514022916.84999996,0.951900085082552,0.9229623224960423,0.9794218833488944,0.028701466547082166,0.1482012348662416,0.028701466547082166,14.118538408572169,0.5825650366104392,0.5648550594974818,0.49809184698060543,-0.0416501253569066,0.0,6.527297712966931
002179,中航光电,2020-06-30,2020-08-22,2020-08-22,2020-08-22,662993259.09,640346816.66,0.6177,4809927826.11,366841556.83,-95688715.39,1161078518.0,1114132601.81,1.0985,9372094894.98,882567188.56,507002169.28999996,0.4366648434451527,0.9595669754782251,0.09416968121318658,1.0479500000000002,1027855391.13,545335335.24,0.9595669754782251,1.0540843225628302,0.9989114266429076,0.03596761312748353,0.1677784607699957,0.03596761312748353,14.835016944351533,0.4366648434451527,0.47967633052450026,0.5222656950109911,0.13025894050289977,0.06512947025144988,8.433938079057539
002179,中航光电,2020-09-30,2020-10-30,2020-10-30,2020-10-30,1099141059.69,1064751345.55,1.0191,7666408944.57,589751659.79,-25563441.12,1339090033.98,1282387177.85,1.2568000000000001,9933041979.77,856943234.09,646347008.3499999,0.48267628908337723,0.9576556805807376,0.08627198353085412,1.07035,1074128613.735,615007754.77,0.9576556805807376,1.203581659353871,1.0301594399370249,0.04665684142084614,0.18356399332017226,0.04665684142084614,15.982397528606954,0.48267628908337723,0.6066275601199885,0.5857413098087352,0.17956228656527262,0.08978114328263631,9.988309267335124
002179,中航光电,2020-12-31,2021-03-31,2021-03-31,2021-03-31,1439082431.84,1379398036.26,1.3455,10305222374.39,962934893.04,1266944658.19,1439082431.84,1379398036.26,1.3455,10305222374.39,962934893.04,1266944658.19,0.8803836598644973,0.9585260758803873,0.09344144726396546,1.17765,1198259889.83,615007754.77,0.9585260758803873,1.289696835097061,1.1288329909583505,0.0652395108660817,0.17438246690291725,0.0652395108660817,18.887844563490074,0.8803836598644973,1.184556214347681,0.5857413098087352,0.11403917127996,0.05701958563998,9.2892631482321
002179,中航光电,2021-03-31,2021-04-30,2021-04-30,2021-04-30,624400541.35,615290682.24,0.5841,3386317418.82,281831449.57,-305525303.14,1899782704.8500001,1845409258.29,1.7754999999999999,11891640608.41,1102769029.7399998,1217444852.42,0.6408337381490822,0.9713791232959491,0.09273480977554098,1.30115,1330892607.0549998,931895930.385,0.9713791232959491,1.7246836334119575,1.246639247225466,0.09185415935129448,0.22825908041042542,0.09185415935129448,23.222304288938467,0.6408337381490822,1.1378003020836953,0.872213931101842,0.24633158514659015,0.12316579257329507,15.989688437213188
002179,中航光电,2021-06-30,2021-08-28,2021-08-28,2021-08-28,1113922799.95,1091809264.73,0.7395,6663275494.19,581436085.03,437688455.77,1890011972.6999998,1830860484.33,1.4672999999999998,12158570042.469997,1177529421.24,1800321829.3500001,0.9525451983132828,0.9687031144646675,0.09684768991146811,1.4063999999999999,1605129260.295,1242194755.305,0.9687031144646675,1.4213780798540065,1.355537457475534,0.12275615167089726,0.20698251014858937,0.12275615167089726,28.564208801043073,0.9525451983132828,1.3976695694850796,1.1611782582156882,0.37596239237945683,0.15,22.537428518510808
002179,中航光电,2021-09-30,2021-10-30,2021-10-30,2021-10-30,1622943311.06,1592775731.97,1.074,9876764579.15,905721452.72,768660441.87,1962884683.2099996,1907422422.68,1.4004000000000003,12515578008.970001,1278904685.97,2061168541.1799998,1.0500711319471259,0.9717445140795029,0.10218502773530717,1.43385,1838134871.31,1533633243.77,0.9717445140795029,1.3608310175169362,1.3911045486854714,0.14096066212978298,0.178931234338761,0.14096066212978298,31.501066689633888,0.9717445140795029,1.3608310175169362,1.2726936159323086,0.5336541622218518,0.15,24.70184159244872
002179,中航光电,2021-12-31,2022-03-31,2022-03-31,2022-03-31,1990997442.19,1914992709.5,1.3037,12866862661.2,1306356386.27,2061859203.77,1990997442.19,1914992709.5,1.3037,12866862661.2,1306356386.27,2061859203.77,1.0355910861954978,0.9618258009380471,0.10152874252783588,1.43385,1876415840.4850001,1930745185.2649999,0.9618258009380471,1.253932296682932,1.3911045486854714,0.1558887672181437,0.1807172247990163,0.1558887672181437,33.403708149933266,0.9618258009380471,1.253932296682932,1.3073816570999341,0.8067556559854103,0.15,25.375105359429543
002179,中航光电,2022-03-31,2022-04-30,2022-04-30,2022-04-30,737395630.46,727501092.97,0.4687,3966498048.65,299063708.41,-549782050.83,2103992531.3000002,2027203120.2300003,1.1883000000000004,13447043291.03,1323588645.1100001,1817602456.08,0.8638825609123966,0.963503002065053,0.09842971547454708,1.3520500000000002,1911207566.0900002,1939385498.6299999,0.963503002065053,1.144930617353903,1.3073816570999341,0.13808632632097506,0.16539912502795362,0.13808632632097506,29.271655538129238,0.8638825609123966,1.0265516471322012,1.3073816570999341,0.8067556559854103,0.15,25.375105359429543
002179,中航光电,2022-06-30,2022-08-31,2022-08-31,2022-08-31,1509598905.37,1474180633.12,0.7355,8191302400.34,735173813.51,453927976.57,2386673547.6099997,2297364077.89,1.2997,14394889567.350002,1460094114.75,2078098724.5700002,0.8707092457831092,0.9625799390078154,0.10143142174996157,1.3017,1971097914.8650002,2061513872.475,0.9625799390078154,1.2510651467284577,1.2524987217056949,0.12193644598478803,0.1769778202684884,0.12193644598478803,26.307258112530327,0.8707092457831092,1.131660806744307,1.1927965517136196,0.7104154194770409,0.15,23.151111236513056
002179,中航光电,2022-09-30,2022-10-29,2022-10-29,2022-10-29,2285043404.25,2229118702.9,1.1156,12453952232.22,1092821571.54,696509205.73,2653097535.38,2551335680.4300003,1.3452999999999997,15444050314.269999,1493456505.09,1989707967.63,0.7499565851223093,0.9616441334730559,0.09670109036811901,1.3017,2162283599.06,2025783585.7,0.9616441334730559,1.2936998527613017,1.2524987217056949,0.10646306614779522,0.20014767956445256,0.10646306614779522,24.736187697754943,0.7499565851223093,1.0089165939650426,1.079106226938254,0.5126879256688803,0.15,20.944484002716592
002179,中航光电,2022-12-31,2023-03-16,2023-03-16,2023-03-16,2717983277.92,2622349777.85,1.3152,15838116672.04,1597422683.07,2118032401.15,2717983277.92,2622349777.85,1.3152,15838116672.04,1597422683.07,2118032401.15,0.7792661633926142,0.964814536996274,0.10085938348276144,1.30745,2424349879.16,2033903346.1000001,0.964814536996274,1.2689240790574994,1.2599946128929784,0.08757189731675319,0.20024475317735524,0.08757189731675319,23.07088645708225,0.7792661633926142,1.0248908580939662,1.0257212526130837,0.3753747998215564,0.15,19.908329532631278
002179,中航光电,2023-03-31,2023-04-29,2023-04-29,2023-04-29,993316742.83,978898346.42,0.4752,5342014790.7,426177352.3,-442585322.81,2973904390.29,2873747031.3,1.3216999999999999,17213633414.09,1724536326.9599998,2225229129.17,0.7482517381646581,0.9663212579002135,0.10018432979689242,1.31845,2586842729.1400003,2098065562.8600001,0.9663212579002135,1.277186806566712,1.2730554428121057,0.09140306983866675,0.25070093994496734,0.09140306983866675,23.671491504951604,0.7482517381646581,0.9889643223322284,1.0169037260295044,0.26880312035277987,0.13440156017638993,19.09530029325274
002179,中航光电,2023-06-30,2023-08-23,2023-08-23,2023-08-23,1953481816.68,1919316677.77,0.9399,10757837805.16,946645198.75,591574684.41,3161866189.2300005,3067485822.5,1.5195999999999996,18404652076.86,1808894068.3099997,2255679108.99,0.7134011922052016,0.9701504234899375,0.09828461091010275,1.3335,2748048404.575,2171630765.16,0.9701504234899375,1.4742405835353087,1.2854433296640069,0.08776143438598027,0.2524600845350544,0.08776143438598027,23.55479673450305,0.7134011922052016,1.084084451675024,1.0169037260295044,0.2489034056325088,0.1244517028162544,18.69365416842372
002179,中航光电,2023-09-30,2023-10-25,2023-10-25,2023-10-25,2893708578.08,2843305360.47,1.3947,15359070042.67,1318461298.05,412283125.23,3326648451.75,3236536435.4199996,1.5943000000000003,18743234482.489998,1823062409.58,1833806320.65,0.5512474032792125,0.9729120712221345,0.09726509110703982,1.4206499999999997,2970616426.9,2171630765.16,0.9729120712221345,1.5511137151494494,1.3757136950510103,0.10129386326713008,0.2359010899085745,0.10129386326713008,26.614297296940038,0.5512474032792125,0.8788537350480486,1.0069275902130972,0.19807640530218973,0.09903820265109486,17.521325824440833
002179,中航光电,2023-12-31,2024-03-16,2024-03-16,2024-03-16,3339290323.66,3244635278.97,1.6163,20074439569.16,2197255902.72,3087812924.84,3339290323.66,3244635278.97,1.6163,20074439569.16,2197255902.72,3087812924.84,0.9246913641984953,0.9716541433910861,0.10945540447841963,1.55695,3152011128.96,2240454119.08,0.9716541433910861,1.5704845919630126,1.512677149342379,0.10255739472344216,0.2490930813394312,0.10255739472344216,29.412165779493975,0.9246913641984953,1.494578651954028,1.0365243870036263,0.20970966086736875,0.10485483043368438,18.265859048302865
002179,中航光电,2024-03-31,2024-04-27,2024-04-27,2024-04-27,750886082.59,736146674.85,0.3645,4013364008.24,314819227.22,-144904942.11,3096859663.42,3001883607.3999996,1.5056,18745788786.7,2085897777.6399996,3385493305.54,1.0932020412579009,0.969331495016757,0.11127287314364327,1.55695,3152011128.96,2671746016.915,0.969331495016757,1.4594254988972293,1.512677149342379,0.06658489704852322,0.163783741479407,0.06658489704852322,25.448732901012313,0.969331495016757,1.4594254988972293,1.2717549752861266,0.13391636331107182,0.06695818165553591,20.620998523806882
002179,中航光电,2024-06-30,2024-08-28,2024-08-28,2024-08-28,1668172500.62,1639193094.14,0.793,9197213461.57,836075982.09,1135152940.97,3053981007.5999994,2964511695.3399997,1.4694,18513815225.57,2086686686.06,3631391181.4000006,1.1890680303391161,0.9707040377666559,0.11270970681278124,1.5499500000000002,3119210021.41,3236653115.19,0.9707040377666559,1.4263525130943242,1.5052696070233393,0.03553344547318993,0.1504222071042094,0.03553344547318993,22.3153161731697,0.9707040377666559,1.4263525130943242,1.4428890059957769,0.07507188305427892,0.03753594152713946,21.899896021294687
002179,中航光电,2024-09-30,2024-10-30,2024-10-30,2024-10-30,2513059914.54,2452045964.31,1.2019,14094996310.89,1243737779.26,725490924.37,2958641660.12,2853375882.81,1.4235,18810365837.379997,2122532383.9299996,3401020723.98,1.1495210014186232,0.9644209102004835,0.11283844249919366,1.4875,2983197651.37,3393257014.76,0.9644209102004835,1.3728531656703882,1.4428890059957769,0.012254798826349722,0.14543027087258875,0.012254798826349722,19.437349386474537,0.9644209102004835,1.3728531656703882,1.4428890059957769,0.04271480926897642,0.02135740463448821,20.743428626342272
002179,中航光电,2024-12-31,2025-03-29,2025-03-29,2025-03-29,3354288683.06,3278143638.34,1.6091,20685528503.12,2251722013.1,2149960286.48,3354288683.06,3278143638.34,1.6091,20685528503.12,2251722013.1,2149960286.48,0.640958632254236,0.9772991975602603,0.1088549423699942,1.4875,2983197651.37,3393257014.76,0.9772991975602603,1.5725721387942149,1.4428890059957769,0.012254798826349722,0.17142810888114024,0.012254798826349722,19.437349386474537,0.640958632254236,1.0313665351602912,1.3996028393823563,0.022975482170883854,0.011487741085441927,19.281165733737826
002179,中航光电,2025-03-31,2025-04-29,2025-04-29,2025-04-29,639869007.13,628419046.93,0.3071,4838670554.5,327195276.78,-1125953208.39,3243271607.6,3170416010.42,1.5516999999999999,21510835049.379997,2264098062.66,1168912020.1999998,0.3604113875202044,0.9775363873289933,0.10525384335208583,1.5105499999999998,3067463852.88,2775490505.23,0.9775363873289933,1.5168432122183988,1.4715978626563615,0.04021955356793594,0.16948496375314792,0.04021955356793594,22.238596018491336,0.3604113875202044,0.5592503500151011,1.2021098504153396,-0.027588629991014857,0.0,15.753176698065069
002179,中航光电,2025-06-30,2025-08-30,2025-08-30,2025-08-30,1436843988.19,1414602746.85,0.7037,11183481970.09,883462186.66,322526541.33,3122960170.63,3053553291.05,1.5198,22671797011.64,2299108217.6699996,1337333886.84,0.428226366579058,0.9777752914581685,0.10140829227121287,1.53575,3111984650.735,1743647086.6599998,0.9777752914581685,1.4860228879581245,1.5014330500882616,0.06227486936706894,0.1634405663917482,0.06227486936706894,24.82208586137022,0.428226366579058,0.6508184319268524,0.8410924835435718,-0.10990301818723558,0.0,11.022186123920642
002179,中航光电,2025-09-30,2025-10-30,2025-10-30,2025-10-30,1736768805.18,1701039162.25,0.8478,15837781712.37,1400618092.82,-608426057.63,2577997573.7,2527136836.28,1.2550000000000001,22428313904.6,2408602326.66,816043304.4799999,0.316541533167076,0.9802712237052251,0.10739114571452474,1.53575,3111984650.735,1253122953.52,0.9802712237052251,1.2302403857500577,1.5014330500882616,0.06227486936706894,0.13239902245488055,0.06227486936706894,24.82208586137022,0.316541533167076,0.3972596241246804,0.6050343909709768,-0.17537266463025047,0.0,7.928737682399712
002179,中航光电,2025-12-31,2026-03-28,2026-03-28,2026-03-28,2161521950.25,2103297979.67,1.0238,21386059440.13,2091638784.07,1561835267.72,2161521950.25,2103297979.67,1.0238,21386059440.13,2091638784.07,1561835267.72,0.7225627607155964,0.9730634377442867,0.09780384226114754,1.3874,2790345063.665,1253122953.52,0.9730634377442867,0.9962223475626008,1.358131636854091,0.025310132407094565,0.10526349687897829,0.025310132407094565,19.30679861618848,0.7225627607155964,0.7397597544206277,0.6050343909709768,-0.16131089795307507,0.0,7.928737682399712
002179,中航光电,2026-03-31,2026-04-25,2026-04-25,2026-04-25,398291444.04,383654745.43,0.1901,4872243931.14,484319358.83,-2061445014.94,1919944387.1599998,1858533678.17,0.9068,21419632816.77,2248762866.12,626343461.1700001,0.32623000195151136,0.968014329268756,0.1049860604687576,1.1394000000000002,2315217407.9750004,1076688595.6599998,0.968014329268756,0.877795393780908,1.1132313666563292,-0.043722798160217624,0.07557146535762982,0.0,14.254756313296667,0.32623000195151136,0.29582536576963053,0.5240390280257664,-0.1982299620003367,0.0,6.867325313339625
