date,BUYHOLD_combined
2018-01-02,0.999
2018-01-03,1.0011042265273182
2018-01-04,1.022711702370866
2018-01-05,1.0123098150095509
2018-01-08,1.0256559790106476
2018-01-09,1.018201849804671
2018-01-10,1.0092539883355285
2018-01-11,1.0157401495316811
2018-01-12,1.0027557471198096
2018-01-15,0.9711147747289383
2018-01-16,0.9782751877654036
2018-01-17,0.9787285286216993
2018-01-18,0.9801026090737542
2018-01-19,0.9765442141263284
2018-01-22,0.9834565909772952
2018-01-23,0.9908145497562181
2018-01-24,0.9920410173385577
2018-01-25,0.9986117857026544
2018-01-26,0.9820932914681867
2018-01-29,0.9799304423529316
2018-01-30,0.9764468830441198
2018-01-31,0.9488253942650714
2018-02-01,0.9296590340826125
2018-02-02,0.9364627877187303
2018-02-05,0.9250454088405636
2018-02-06,0.8837780651305989
2018-02-07,0.8906719258443497
2018-02-08,0.8986736762799067
2018-02-09,0.8534526427747854
2018-02-12,0.8769849720230395
2018-02-13,0.8762767307995152
2018-02-14,0.8843815512431505
2018-02-22,0.9174862238715977
2018-02-23,0.9272654864186566
2018-02-26,0.9593753052220341
2018-02-27,0.9504234415683426
2018-02-28,0.9541969736255737
2018-03-01,0.966123310322064
2018-03-02,0.9528943754796784
2018-03-05,0.9796957959422966
2018-03-06,0.990946043634543
2018-03-07,0.9886807708611091
2018-03-08,0.9874069531925935
2018-03-09,1.0036652721590114
2018-03-12,1.0352757718672307
2018-03-13,1.0319692908035936
2018-03-14,1.0249003589517982
2018-03-15,1.022328946427737
2018-03-16,1.0059881701912725
2018-03-19,1.0134079124109987
2018-03-20,1.0143390848960527
2018-03-21,1.010377789260985
2018-03-22,1.0134338319939862
2018-03-23,0.9734123552307963
2018-03-26,0.9959617642563464
2018-03-27,1.0185337348066346
2018-03-28,0.9908661774970664
2018-03-29,0.9912885060404905
2018-03-30,1.0064677063148588
2018-04-02,1.0071180415085343
2018-04-03,0.999124754895997
2018-04-04,0.9860765420847535
2018-04-09,0.9862669724934062
2018-04-10,1.00108605254492
2018-04-11,1.0032097414187944
2018-04-12,0.9887260156336537
2018-04-13,0.9893183108916651
2018-04-16,0.9916764914160163
2018-04-17,0.9651633048715804
2018-04-18,0.9859903930133829
2018-04-19,0.9889254522996478
2018-04-20,0.9793864347608677
2018-04-23,0.9579507169428599
2018-04-24,0.9757833393084214
2018-04-25,0.9690439520868228
2018-04-26,0.9460945728953198
2018-04-27,0.933266647076837
2018-05-02,0.9277737152319941
2018-05-03,0.9242210813718374
2018-05-04,0.9268704026080143
2018-05-07,0.9384713497414656
2018-05-08,0.9394939018671513
2018-05-09,0.9372850813207754
2018-05-10,0.9350508516352696
2018-05-11,0.9383232065743755
2018-05-14,0.9373855110642931
2018-05-15,0.9382621756647146
2018-05-16,0.9338486005309137
2018-05-17,0.9280517509813713
2018-05-18,0.928104533008911
2018-05-21,0.9479283176478218
2018-05-22,0.9402129725489139
2018-05-23,0.929806681181603
2018-05-24,0.9247294923643765
2018-05-25,0.9140658630414534
2018-05-28,0.8971753260719763
2018-05-29,0.8917704784488358
2018-05-30,0.8663281942197953
2018-05-31,0.8670893169953942
2018-06-01,0.8564424203386302
2018-06-04,0.8542438197058639
2018-06-05,0.8694062708598453
2018-06-06,0.8768963497173125
2018-06-07,0.8691797372142039
2018-06-08,0.8563385890049138
2018-06-11,0.8546961237469819
2018-06-12,0.8571892705747924
2018-06-13,0.8567080217645996
2018-06-14,0.8577656242217995
2018-06-15,0.851103911939133
2018-06-19,0.8137515101080698
2018-06-20,0.8077367951146694
2018-06-21,0.7816879071966369
2018-06-22,0.7878679345190547
2018-06-25,0.7792999309542553
2018-06-26,0.7895379494855191
2018-06-27,0.7909931363953006
2018-06-28,0.7820396316326094
2018-06-29,0.8094742220229394
2018-07-02,0.7980185726333721
2018-07-03,0.8071504658228136
2018-07-04,0.7929626566031447
2018-07-05,0.7739332464031635
2018-07-06,0.7749194030837351
2018-07-09,0.7864595915906164
2018-07-10,0.7956927909694913
2018-07-11,0.7764979479668646
2018-07-12,0.7968780413790373
2018-07-13,0.8077983847906998
2018-07-16,0.8081147301508614
2018-07-17,0.8131249294828922
2018-07-18,0.8004986607643676
2018-07-19,0.7908607940921055
2018-07-20,0.8001806506476563
2018-07-23,0.8179008584903824
2018-07-24,0.8360196858955488
2018-07-25,0.8388360844472537
2018-07-26,0.8270201255563193
2018-07-27,0.8216982480445952
2018-07-30,0.8085771867553845
2018-07-31,0.813498198656897
2018-08-01,0.8010689204045107
2018-08-02,0.7813709767024799
2018-08-03,0.7636538415566665
2018-08-06,0.7449694589550158
2018-08-07,0.7617283637314631
2018-08-08,0.7504047049562692
2018-08-09,0.7726675372947918
2018-08-10,0.7760629535879701
2018-08-13,0.77692666226475
2018-08-14,0.7726553937329738
2018-08-15,0.7664231062914493
2018-08-16,0.7606105265069915
2018-08-17,0.7505093973184568
2018-08-20,0.7596482126310221
2018-08-21,0.7643047770312081
2018-08-22,0.7518205720549082
2018-08-23,0.7569660460138335
2018-08-24,0.75550819146071
2018-08-27,0.7699281409691673
2018-08-28,0.7798816961729164
2018-08-29,0.7762788873668447
2018-08-30,0.7656165328995974
2018-08-31,0.7575695968943739
2018-09-03,0.7563723314904567
2018-09-04,0.7642712134747027
2018-09-05,0.7487266623757932
2018-09-06,0.746343120549226
2018-09-07,0.7406926936650307
2018-09-10,0.7362334778477855
2018-09-11,0.7412735526383084
2018-09-12,0.7502611829987913
2018-09-13,0.7701385537651788
2018-09-14,0.7666731679389369
2018-09-17,0.754949247072721
2018-09-18,0.7696019519762024
2018-09-19,0.7866148168036089
2018-09-20,0.7779326141661026
2018-09-21,0.7828383075675294
2018-09-25,0.7794605981411634
2018-09-26,0.7891768061308141
2018-09-27,0.7694999284122586
2018-09-28,0.784901708893308
2018-10-08,0.7515173937452718
2018-10-09,0.7537215693832217
2018-10-10,0.764315744085002
2018-10-11,0.7142027606369474
2018-10-12,0.7162669798983268
2018-10-15,0.7029308498013342
2018-10-16,0.6879071218098375
2018-10-17,0.6936009504716636
2018-10-18,0.6731536995438442
2018-10-19,0.6935218129952971
2018-10-22,0.7289610194922292
2018-10-23,0.7138784518396819
2018-10-24,0.7104146810021643
2018-10-25,0.7020528732870776
2018-10-26,0.7012779823896808
2018-10-29,0.6964721171844727
2018-10-30,0.7030704353662022
2018-10-31,0.7211829234150222
2018-11-01,0.7226617017922051
2018-11-02,0.7547937966003551
2018-11-05,0.751781314625075
2018-11-06,0.7466516401289752
2018-11-07,0.7500788441852678
2018-11-08,0.7359410266296058
2018-11-09,0.7299381687729232
2018-11-12,0.7471175663706117
2018-11-13,0.7484067957424966
2018-11-14,0.7593385006530877
2018-11-15,0.7673165479084297
2018-11-16,0.7846915014307343
2018-11-19,0.7848213839756877
2018-11-20,0.7629056231578255
2018-11-21,0.7621590158887929
2018-11-22,0.7574818143412105
2018-11-23,0.7276265685703182
2018-11-26,0.727576585262572
2018-11-27,0.7337244584057807
2018-11-28,0.7445225315999657
2018-11-29,0.7385814358286478
2018-11-30,0.7442210225917304
2018-12-03,0.7679428446722726
2018-12-04,0.766489014681529
2018-12-05,0.7665325016701781
2018-12-06,0.7470482399400764
2018-12-07,0.7566289519413081
2018-12-10,0.7599985966936056
2018-12-11,0.7679562930229309
2018-12-12,0.7587965009146183
2018-12-13,0.7653885219508624
2018-12-14,0.7462025074424963
2018-12-17,0.7424023482733619
2018-12-18,0.737528621929854
2018-12-19,0.7256463640301756
2018-12-20,0.7271696273867789
2018-12-21,0.7215361442855593
2018-12-24,0.7237017842759353
2018-12-25,0.7146477702900756
2018-12-26,0.713172099584612
2018-12-27,0.6967592724609728
2018-12-28,0.7012843696238285
2019-01-02,0.6814834868714875
2019-01-03,0.6810185068779447
2019-01-04,0.7055816016890398
2019-01-07,0.7341804820759615
2019-01-08,0.7231445887479144
2019-01-09,0.7309292563844157
2019-01-10,0.7260067251012247
2019-01-11,0.7269888664769799
2019-01-14,0.7171596159771744
2019-01-15,0.7351764012473982
2019-01-16,0.726796170276086
2019-01-17,0.7226417624045746
2019-01-18,0.7316803125489418
2019-01-21,0.7433943086448066
2019-01-22,0.7314961249568511
2019-01-23,0.7309533052449515
2019-01-24,0.7454035284910927
2019-01-25,0.7432367352770521
2019-01-28,0.7468653060329382
2019-01-29,0.7365596409059487
2019-01-30,0.7274193628258712
2019-01-31,0.7212698364003796
2019-02-01,0.7428626187156782
2019-02-11,0.7681319245189074
2019-02-12,0.7695071950730524
2019-02-13,0.7897467838270227
2019-02-14,0.79074519686311
2019-02-15,0.7865921944735218
2019-02-18,0.8163512760443464
2019-02-19,0.8099437408816098
2019-02-20,0.8074440709811217
2019-02-21,0.807068349671785
2019-02-22,0.8269681805888969
2019-02-25,0.8827984703857226
2019-02-26,0.8842334613092077
2019-02-27,0.8628888968524969
2019-02-28,0.8617547621263848
2019-03-01,0.8662649112181058
2019-03-04,0.8807487615310454
2019-03-05,0.9152319179380145
2019-03-06,0.9271835660385253
2019-03-07,0.9331594404873775
2019-03-08,0.9128585306573984
2019-03-11,0.9591566424201649
2019-03-12,0.9985174108199218
2019-03-13,0.9734861253944581
2019-03-14,0.933840630612959
2019-03-15,0.9350467735875039
2019-03-18,0.963114370330756
2019-03-19,0.972978359245937
2019-03-20,0.9551576172970615
2019-03-21,0.9673027609542384
2019-03-22,0.9627452911530042
2019-03-25,0.9530274160054555
2019-03-26,0.934248621726904
2019-03-27,0.9439856656244684
2019-03-28,0.9214817364589406
2019-03-29,0.9379592333876592
2019-04-01,0.9826902365088932
2019-04-02,0.9943038818841646
2019-04-03,0.9980799263229807
2019-04-04,1.0110561239437401
2019-04-08,0.9956058273893936
2019-04-09,0.9882643388769959
2019-04-10,0.9799495155161471
2019-04-11,0.9697886245878341
2019-04-12,0.9632775125176846
2019-04-15,0.9575495608769803
2019-04-16,0.991740872424798
2019-04-17,0.9865128512011435
2019-04-18,0.9741102583851728
2019-04-19,0.9801800018211687
2019-04-22,0.9660338823949166
2019-04-23,0.9510447130648297
2019-04-24,0.9654404039472211
2019-04-25,0.9241704971645687
2019-04-26,0.9141786603982626
2019-04-29,0.8801399812620554
2019-04-30,0.8787326814492882
2019-05-06,0.8153275049809472
2019-05-07,0.8203520246921445
2019-05-08,0.8247185940390015
2019-05-09,0.8210837248936014
2019-05-10,0.85467043447373
2019-05-13,0.8457850674998468
2019-05-14,0.8455538954197399
2019-05-15,0.8557714409230114
2019-05-16,0.8734472529608949
2019-05-17,0.8505185899822766
2019-05-20,0.8668410891587289
2019-05-21,0.8796576261406974
2019-05-22,0.8878438415219275
2019-05-23,0.8670289210950698
2019-05-24,0.8430033752410885
2019-05-27,0.868511590963371
2019-05-28,0.8696377772619727
2019-05-29,0.878281197800934
2019-05-30,0.8742733509164603
2019-05-31,0.8667995763374797
2019-06-03,0.851128997688891
2019-06-04,0.8344826659875233
2019-06-05,0.8360362536683884
2019-06-06,0.8217016729001535
2019-06-10,0.848580020146923
2019-06-11,0.8822633654947071
2019-06-12,0.8848324440005226
2019-06-13,0.8814259774095898
2019-06-14,0.8794006079046869
2019-06-17,0.8778248909231006
2019-06-18,0.8692385952045706
2019-06-19,0.889143199578563
2019-06-20,0.9071186300126615
2019-06-21,0.9160794486686389
2019-06-24,0.9143311681679459
2019-06-25,0.8999751653006539
2019-06-26,0.9024947534837751
2019-06-27,0.9157063128120666
2019-06-28,0.9087158875993793
2019-07-01,0.9238860728665452
2019-07-02,0.9226313655037063
2019-07-03,0.9166706376587609
2019-07-04,0.9091921426494372
2019-07-05,0.9149651017619437
2019-07-08,0.8795351704434661
2019-07-09,0.8847092127998719
2019-07-10,0.8866955118524807
2019-07-11,0.887088581025104
2019-07-12,0.8848422798163342
2019-07-15,0.9069453706618489
2019-07-16,0.9137178753107965
2019-07-17,0.9121377533801583
2019-07-18,0.8987696879228937
2019-07-19,0.9069110141208693
2019-07-22,0.8853006087506752
2019-07-23,0.8997412919767345
2019-07-24,0.9135882646599548
2019-07-25,0.9180112510268685
2019-07-26,0.9137419728612178
2019-07-29,0.9126395207108473
2019-07-30,0.9091883260727572
2019-07-31,0.9073681233607455
2019-08-01,0.9058221613999402
2019-08-02,0.9013650585164233
2019-08-05,0.8891624478567967
2019-08-06,0.8665781531598475
2019-08-07,0.8803967446676533
2019-08-08,0.8811716598283341
2019-08-09,0.8719190729869196
2019-08-12,0.8812101773610566
2019-08-13,0.8841845012592785
2019-08-14,0.892325191292694
2019-08-15,0.8912328156237286
2019-08-16,0.8995440741841366
2019-08-19,0.9294786864195833
2019-08-20,0.9361852330512433
2019-08-21,0.9342609870480209
2019-08-22,0.93378897235466
2019-08-23,0.9269253642124591
2019-08-26,0.9285820998191938
2019-08-27,0.9492809037529696
2019-08-28,0.9375139163192436
2019-08-29,0.9451904855638485
2019-08-30,0.9508142746294694
2019-09-02,0.9778946367556131
2019-09-03,0.9901303201554363
2019-09-04,0.9989357634979881
2019-09-05,1.0018994743971557
2019-09-06,1.0026090146641278
2019-09-09,1.0330206257825043
2019-09-10,1.0330756749877188
2019-09-11,1.037860905899418
2019-09-12,1.0378919455179956
2019-09-16,1.0487417714411444
2019-09-17,1.027136006754011
2019-09-18,1.0274325045813235
2019-09-19,1.0361104671745482
2019-09-20,1.053887581289217
2019-09-23,1.0620466710149055
2019-09-24,1.067345239123128
2019-09-25,1.0435358207240173
2019-09-26,0.9982527040430759
2019-09-27,1.009819881985292
2019-09-30,0.9937837099658724
2019-10-08,0.988495994958468
2019-10-09,1.0184993611923014
2019-10-10,1.0282252818211575
2019-10-11,1.0176775125470992
2019-10-14,1.0359143365785524
2019-10-15,1.0240189905374562
2019-10-16,1.0117466571384102
2019-10-17,1.007768870739093
2019-10-18,0.9855716384196347
2019-10-21,0.9797023792641706
2019-10-22,0.9936168893931184
2019-10-23,0.9872565427776165
2019-10-24,0.9833483435308993
2019-10-25,0.9973986823742038
2019-10-28,1.0174453675576811
2019-10-29,0.9976246439287622
2019-10-30,1.005436346004853
2019-10-31,1.0033035235388315
2019-11-01,1.010701958663769
2019-11-04,1.020579271829417
2019-11-05,1.035999139028434
2019-11-06,1.0360735680995155
2019-11-07,1.030301005129782
2019-11-08,1.031412849128593
2019-11-11,1.0135049469567912
2019-11-12,1.0129833122934706
2019-11-13,1.0295290344066497
2019-11-14,1.0392363336602528
2019-11-15,1.032078740695532
2019-11-18,1.0331519366479327
2019-11-19,1.0510580123665745
2019-11-20,1.0418347517068054
2019-11-21,1.040883872301955
2019-11-22,1.0276854069040569
2019-11-25,1.027987041978821
2019-11-26,1.027814499873704
2019-11-27,1.0407547652201012
2019-11-28,1.0342633398965781
2019-11-29,1.0326816364867435
2019-12-02,1.0522581650043878
2019-12-03,1.065791911001522
2019-12-04,1.061456228248547
2019-12-05,1.0658720545340377
2019-12-06,1.078384972131798
2019-12-09,1.0881520096897297
2019-12-10,1.1040298566876519
2019-12-11,1.098246736975202
2019-12-12,1.0984078246781788
2019-12-13,1.0990639519763157
2019-12-16,1.1121160916282307
2019-12-17,1.1283071609686777
2019-12-18,1.1299982299640998
2019-12-19,1.1252513627216825
2019-12-20,1.1137680639357206
2019-12-23,1.0970869954000704
2019-12-24,1.1358486086370154
2019-12-25,1.1618207951921802
2019-12-26,1.1548765438571698
2019-12-27,1.1485643331331565
2019-12-30,1.1565806986349603
2019-12-31,1.153251198525719
2020-01-02,1.1888520670515594
2020-01-03,1.188999382405521
2020-01-06,1.1997858821539584
2020-01-07,1.1869986045762395
2020-01-08,1.179695744440835
2020-01-09,1.194874421503064
2020-01-10,1.205733142902814
2020-01-13,1.2374187124126665
2020-01-14,1.2407669876792096
2020-01-15,1.239576015096358
2020-01-16,1.2206765873864802
2020-01-17,1.204031825428868
2020-01-20,1.2404366540272027
2020-01-21,1.2116407394723347
2020-01-22,1.2341996104484112
2020-01-23,1.20552331214511
2020-02-03,1.0861573607246364
2020-02-04,1.0949560065669586
2020-02-05,1.1167181388770566
2020-02-06,1.1318292668728465
2020-02-07,1.1385502900494073
2020-02-10,1.1572926963408245
2020-02-11,1.1661107131319715
2020-02-12,1.2083985713072882
2020-02-13,1.2401865365908382
2020-02-14,1.2551717779452718
2020-02-17,1.2812955542518474
2020-02-18,1.2993746724581334
2020-02-19,1.2873031506638724
2020-02-20,1.320751004596673
2020-02-21,1.3337783646638466
2020-02-24,1.344762663208133
2020-02-25,1.3302197424211322
2020-02-26,1.2864576957603022
2020-02-27,1.2969155634691867
2020-02-28,1.231668399128409
2020-03-02,1.2762467887012479
2020-03-03,1.2708769371370132
2020-03-04,1.2588786290347875
2020-03-05,1.3003320160969547
2020-03-06,1.3132380040119482
2020-03-09,1.2756454015279628
2020-03-10,1.3098024001538155
2020-03-11,1.2755956975246636
2020-03-12,1.2602081855615253
2020-03-13,1.2888487385107326
2020-03-16,1.2189648938947042
2020-03-17,1.2320047601457573
2020-03-18,1.1962591554376627
2020-03-19,1.1963942949614428
2020-03-20,1.189334081630492
2020-03-23,1.135232319105183
2020-03-24,1.1549722530468156
2020-03-25,1.1810881409682712
2020-03-26,1.1556286777272387
2020-03-27,1.1581870872079778
2020-03-30,1.1596683774890655
2020-03-31,1.1489068769238568
2020-04-01,1.151787691886104
2020-04-02,1.18948333197084
2020-04-03,1.167766496923756
2020-04-07,1.2066147576018937
2020-04-08,1.2073582276555963
2020-04-09,1.215992031192737
2020-04-10,1.2007473745694162
2020-04-13,1.181194814508763
2020-04-14,1.2201860834249343
2020-04-15,1.2284534636000843
2020-04-16,1.2519845339301854
2020-04-17,1.248881554213982
2020-04-20,1.257713250057974
2020-04-21,1.2271704984241802
2020-04-22,1.2328512398955147
2020-04-23,1.2191630410759866
2020-04-24,1.1992274169194752
2020-04-27,1.1872568939902937
2020-04-28,1.1807778008090462
2020-04-29,1.1723805883081624
2020-04-30,1.2222217831290132
2020-05-06,1.2677401494207972
2020-05-07,1.2643220516172955
2020-05-08,1.2709881540875607
2020-05-11,1.2715279705017444
2020-05-12,1.2673790720748275
2020-05-13,1.2761869366937546
2020-05-14,1.2630414520532682
2020-05-15,1.279580569671005
2020-05-18,1.2689443151978592
2020-05-19,1.2785958069776362
2020-05-20,1.2678847994110536
2020-05-21,1.2433869159461177
2020-05-22,1.2179716796411555
2020-05-25,1.1921822249517176
2020-05-26,1.2179213157319295
2020-05-27,1.1983786729748254
2020-05-28,1.2030643645527528
2020-05-29,1.2010443872489338
2020-06-01,1.2382887572364316
2020-06-02,1.2387271809112907
2020-06-03,1.2308841268952775
2020-06-04,1.2252995547434802
2020-06-05,1.23370230797629
2020-06-08,1.2485653837940398
2020-06-09,1.2585013293978684
2020-06-10,1.2544562502346934
2020-06-11,1.2513173939916982
2020-06-12,1.2534600557633706
2020-06-15,1.228333849160084
2020-06-16,1.250987616445338
2020-06-17,1.2454559832757446
2020-06-18,1.2610155814616741
2020-06-19,1.274626403239128
2020-06-22,1.287715579449431
2020-06-23,1.2831468922260478
2020-06-24,1.286977952567924
2020-06-29,1.263916712100049
2020-06-30,1.2758209542535262
2020-07-01,1.2950499112575853
2020-07-02,1.3270800625697194
2020-07-03,1.3412805514433745
2020-07-06,1.425557249805525
2020-07-07,1.4316885414928913
2020-07-08,1.490414150217599
2020-07-09,1.5440621096294858
2020-07-10,1.513810554360013
2020-07-13,1.5581281075434175
2020-07-14,1.5637585192421826
2020-07-15,1.5082592565797437
2020-07-16,1.4319328334802066
2020-07-17,1.4271552494786988
2020-07-20,1.4973007336274178
2020-07-21,1.4999962079344524
2020-07-22,1.5143824804325212
2020-07-23,1.4976055100438717
2020-07-24,1.435126288230228
2020-07-27,1.4491259240508214
2020-07-28,1.4472310146127483
2020-07-29,1.4922011189849624
2020-07-30,1.4993236840623179
2020-07-31,1.5063334821616963
2020-08-03,1.5309509009306321
2020-08-04,1.5123512985599052
2020-08-05,1.5492842395084985
2020-08-06,1.5555520765707624
2020-08-07,1.5204968405653356
2020-08-10,1.5088318901030953
2020-08-11,1.4672592732357455
2020-08-12,1.4457671054017858
2020-08-13,1.4570024602377953
2020-08-14,1.4654463369282096
2020-08-17,1.4997963860201768
2020-08-18,1.4985441244222026
2020-08-19,1.4872772786068325
2020-08-20,1.4645971650141725
2020-08-21,1.4710336849340953
2020-08-24,1.4874081359515572
2020-08-25,1.4665852022021628
2020-08-26,1.4241716708194303
2020-08-27,1.4324725345936529
2020-08-28,1.451549955553308
2020-08-31,1.4503359421616087
2020-09-01,1.462777255766845
2020-09-02,1.4458222585721583
2020-09-03,1.4487562957657765
2020-09-04,1.4461849850739101
2020-09-07,1.4163570914517172
2020-09-08,1.421322085690873
2020-09-09,1.377580729824303
2020-09-10,1.3746746082632901
2020-09-11,1.392282875442159
2020-09-14,1.4151744981918826
2020-09-15,1.4140640592972977
2020-09-16,1.4196577800647368
2020-09-17,1.4135203926148074
2020-09-18,1.433094715276841
2020-09-21,1.413703985019357
2020-09-22,1.3804187052131138
2020-09-23,1.3806041532954372
2020-09-24,1.345306204066383
2020-09-25,1.3415579271574039
2020-09-28,1.3281234303017786
2020-09-29,1.333032201216411
2020-09-30,1.3251067128433225
2020-10-09,1.3650832385832459
2020-10-12,1.4206972197382393
2020-10-13,1.4146928927141276
2020-10-14,1.4040685196565599
2020-10-15,1.3944015448350802
2020-10-16,1.387713268504602
2020-10-19,1.382585016628253
2020-10-20,1.3934595752148409
2020-10-21,1.374755469621299
2020-10-22,1.3770683597370428
2020-10-23,1.3605427477659289
2020-10-26,1.3654640082344607
2020-10-27,1.363641631615439
2020-10-28,1.3715247383965974
2020-10-29,1.3723253027616518
2020-10-30,1.3709963157589513
2020-11-02,1.4125159343189184
2020-11-03,1.4450717928544736
2020-11-04,1.4385733285831506
2020-11-05,1.457014950576251
2020-11-06,1.470892487024231
2020-11-09,1.5264737752490705
2020-11-10,1.4824538401769487
2020-11-11,1.4469893193558638
2020-11-12,1.4532194557494218
2020-11-13,1.4625383048113145
2020-11-16,1.4993770978519343
2020-11-17,1.507050742272665
2020-11-18,1.5183634577805754
2020-11-19,1.5143237231520745
2020-11-20,1.539763979483625
2020-11-23,1.567625182869117
2020-11-24,1.5967632671333285
2020-11-25,1.5595863392816935
2020-11-26,1.546174594328394
2020-11-27,1.5565091577154362
2020-11-30,1.5570401181732483
2020-12-01,1.5614474821838262
2020-12-02,1.5808869292467846
2020-12-03,1.5585814414353885
2020-12-04,1.596658995413971
2020-12-07,1.5815911531997575
2020-12-08,1.5725936656997574
2020-12-09,1.5478463543686605
2020-12-10,1.565989468650671
2020-12-11,1.5373220985467728
2020-12-14,1.5660012124001568
2020-12-15,1.5560660891502636
2020-12-16,1.5579957024093187
2020-12-17,1.6004574861421814
2020-12-18,1.6269047620469996
2020-12-21,1.6695433857320123
2020-12-22,1.6213502782556577
2020-12-23,1.6640068900843972
2020-12-24,1.677830282693488
2020-12-25,1.7042904616473042
2020-12-28,1.7085530162238325
2020-12-29,1.6816185256445417
2020-12-30,1.699412874726091
2020-12-31,1.7212379367755202
2021-01-04,1.7665439780494763
2021-01-05,1.8146014073721484
2021-01-06,1.8141079914356133
2021-01-07,1.8555039205750459
2021-01-08,1.8517073059456308
2021-01-11,1.7797058746125227
2021-01-12,1.8075749043921654
2021-01-13,1.816596449027012
2021-01-14,1.7730505276090933
2021-01-15,1.7799746018362448
2021-01-18,1.8373763685679088
2021-01-19,1.7980620261854803
2021-01-20,1.826535719031306
2021-01-21,1.8773308406367144
2021-01-22,1.865703507131719
2021-01-25,1.8638425612395584
2021-01-26,1.82542896527893
2021-01-27,1.8204830850239404
2021-01-28,1.7393329162711713
2021-01-29,1.7160728984390106
2021-02-01,1.7299553162103822
2021-02-02,1.7700628140009644
2021-02-03,1.7591374776320636
2021-02-04,1.7457946135360258
2021-02-05,1.6918300894021046
2021-02-08,1.7586673082512185
2021-02-09,1.835951208497655
2021-02-10,1.8815966537961022
2021-02-18,1.963832790223087
2021-02-19,1.9976639602287545
2021-02-22,1.9905436524817204
2021-02-23,1.96812115833821
2021-02-24,1.9532804283419416
2021-02-25,1.9171069474685616
2021-02-26,1.8674879431752085
2021-03-01,1.9473824854066144
2021-03-02,1.9826715460073512
2021-03-03,2.0066611466888817
2021-03-04,1.9204663249163079
2021-03-05,1.878067351625664
2021-03-08,1.8367294350876013
2021-03-09,1.774658063438888
2021-03-10,1.7660629854484082
2021-03-11,1.8507303615163382
2021-03-12,1.8573284786874487
2021-03-15,1.8039475291589202
2021-03-16,1.8151823451907945
2021-03-17,1.8383145173231734
2021-03-18,1.8318607590635787
2021-03-19,1.8213376502439091
2021-03-22,1.8502067385240202
2021-03-23,1.8015035412502827
2021-03-24,1.7465561364713342
2021-03-25,1.7635784281182652
2021-03-26,1.806895190410594
2021-03-29,1.8133631820924527
2021-03-30,1.8075047630311265
2021-03-31,1.7855011607258964
2021-04-01,1.8217007855624217
2021-04-02,1.8534478544214295
2021-04-06,1.8700163394630005
2021-04-07,1.8986251853249332
2021-04-08,1.9050717497326572
2021-04-09,1.8920407130034254
2021-04-12,1.8540772819847704
2021-04-13,1.8384617146927424
2021-04-14,1.8497045156145295
2021-04-15,1.8362736116959537
2021-04-16,1.8241335784045445
2021-04-19,1.8651123073244729
2021-04-20,1.8602046189408323
2021-04-21,1.8468575226259822
2021-04-22,1.865064211239243
2021-04-23,1.8723149206838359
2021-04-26,1.8948209929745885
2021-04-27,1.8913327009115308
2021-04-28,1.9130888329779556
2021-04-29,1.9460438608998623
2021-04-30,1.9524702946748849
2021-05-06,1.96322844341015
2021-05-07,1.9158473396462752
2021-05-10,1.9418180247732861
2021-05-11,1.9067777036559177
2021-05-12,1.9240776721389323
2021-05-13,1.8888695586276985
2021-05-14,1.9042182590334311
2021-05-17,1.9182404613579347
2021-05-18,1.9245864804842356
2021-05-19,1.9309448334227204
2021-05-20,1.8994713035243136
2021-05-21,1.890473930273835
2021-05-24,1.8662013907449662
2021-05-25,1.9131051983655063
2021-05-26,1.9192655517370572
2021-05-27,1.9399472863402616
2021-05-28,1.9444648631569292
2021-05-31,1.982212424730844
2021-06-01,1.9729488545761202
2021-06-02,1.9564332872813122
2021-06-03,1.9443849302418619
2021-06-04,1.9691318853557571
2021-06-07,1.9901082131216385
2021-06-08,1.981237696368295
2021-06-09,1.9777996093388235
2021-06-10,1.979558171851243
2021-06-11,1.9542411715280057
2021-06-15,1.9260887931285646
2021-06-16,1.874275976787659
2021-06-17,1.9145118463980282
2021-06-18,1.9527917512584636
2021-06-21,1.9526893718501062
2021-06-22,1.9783873714645632
2021-06-23,2.02890715293957
2021-06-24,2.045932525646635
2021-06-25,2.064813224481447
2021-06-28,2.0624945622843436
2021-06-29,2.0398501815195575
2021-06-30,2.1036713654613837
2021-07-01,2.1046534070879517
2021-07-02,2.119223282552002
2021-07-05,2.1980333313058544
2021-07-06,2.175015862407707
2021-07-07,2.2409659036462917
2021-07-08,2.2642333111796855
2021-07-09,2.314982847023078
2021-07-12,2.353951846468699
2021-07-13,2.292552838013233
2021-07-14,2.2886704983417134
2021-07-15,2.2991851718070175
2021-07-16,2.278338787100058
2021-07-19,2.286124879700601
2021-07-20,2.325736279211807
2021-07-21,2.398327882276799
2021-07-22,2.4054601469395647
2021-07-23,2.4487697223043217
2021-07-26,2.53384755049473
2021-07-27,2.496648080322764
2021-07-28,2.4610705509416624
2021-07-29,2.560658974213206
2021-07-30,2.5858333076364786
2021-08-02,2.565612863773484
2021-08-03,2.483618838908961
2021-08-04,2.559131306933308
2021-08-05,2.5246382222679804
2021-08-06,2.545634025482061
2021-08-09,2.503924892656641
2021-08-10,2.492936142946322
2021-08-11,2.5598211159271402
2021-08-12,2.5640832183298925
2021-08-13,2.557801811412408
2021-08-16,2.502940515056851
2021-08-17,2.4257668521471856
2021-08-18,2.4410530743222054
2021-08-19,2.4307108245805287
2021-08-20,2.4253009802878958
2021-08-23,2.4928843042987596
2021-08-24,2.5610050931881876
2021-08-25,2.573950941245728
2021-08-26,2.5360799431338754
2021-08-27,2.5791307431578705
2021-08-30,2.6354178877462378
2021-08-31,2.620800608442917
2021-09-01,2.545858896236592
2021-09-02,2.5962045419027073
2021-09-03,2.5577428215754177
2021-09-06,2.5586319807002744
2021-09-07,2.593934084145798
2021-09-08,2.5757533612273034
2021-09-09,2.5978411728830717
2021-09-10,2.6826637761370162
2021-09-13,2.702062044520662
2021-09-14,2.6036120600574826
2021-09-15,2.643320383000878
2021-09-16,2.556667112845362
2021-09-17,2.5971364188908903
2021-09-22,2.6580150379592826
2021-09-23,2.6503384637023215
2021-09-24,2.587821921761603
2021-09-27,2.4695844231842137
2021-09-28,2.5029894551240317
2021-09-29,2.433041335920164
2021-09-30,2.505558077794202
2021-10-08,2.479849958908513
2021-10-11,2.43012940661736
2021-10-12,2.373391532184596
2021-10-13,2.4243781652213325
2021-10-14,2.468575633241106
2021-10-15,2.536292196262441
2021-10-18,2.5827085418831883
2021-10-19,2.6278169866276375
2021-10-20,2.641683551059321
2021-10-21,2.6393313177145035
2021-10-22,2.6095764303824267
2021-10-25,2.6666924584463465
2021-10-26,2.672650276366837
2021-10-27,2.64615257183165
2021-10-28,2.608678667015005
2021-10-29,2.622103007209983
2021-11-01,2.588447521353394
2021-11-02,2.5713755608131015
2021-11-03,2.5585303279649194
2021-11-04,2.594883753082556
2021-11-05,2.5336162458407254
2021-11-08,2.557804346300017
2021-11-09,2.5651837193607525
2021-11-10,2.5345922857055188
2021-11-11,2.5625648327999513
2021-11-12,2.6213551949547926
2021-11-15,2.619750834704599
2021-11-16,2.5553146831916087
2021-11-17,2.6036365060857203
2021-11-18,2.672778349899109
2021-11-19,2.6976638827918262
2021-11-22,2.7915208944192345
2021-11-23,2.797195774950692
2021-11-24,2.7901002734693257
2021-11-25,2.8836515411881876
2021-11-26,2.8737691288444847
2021-11-29,2.894205212289737
2021-11-30,2.841723696828705
2021-12-01,2.864412208007108
2021-12-02,2.8872440839463485
2021-12-03,2.915738416603051
2021-12-06,2.8703934353149365
2021-12-07,2.840861485026075
2021-12-08,2.9068301411169264
2021-12-09,2.8611968670553733
2021-12-10,2.833077231775565
2021-12-13,2.8858893921512947
2021-12-14,2.877107937078345
2021-12-15,2.9002283125851505
2021-12-16,2.9009121421884956
2021-12-17,2.85464362777025
2021-12-20,2.8004907015864093
2021-12-21,2.8233264835288385
2021-12-22,2.8493411056205487
2021-12-23,2.9138118768537193
2021-12-24,2.8280445696221483
2021-12-27,2.765563975195755
2021-12-28,2.7920212376625084
2021-12-29,2.738153282221673
2021-12-30,2.7756798485588488
2021-12-31,2.7799727885445384
2022-01-04,2.725913635327237
2022-01-05,2.6228020365764766
2022-01-06,2.645790149463256
2022-01-07,2.6076113137072654
2022-01-10,2.6129035298681256
2022-01-11,2.5712785369064655
2022-01-12,2.680735287279361
2022-01-13,2.6569802473787543
2022-01-14,2.661043071009232
2022-01-17,2.6862767509760714
2022-01-18,2.760738195335082
2022-01-19,2.7361236307538417
2022-01-20,2.693157223766819
2022-01-21,2.658794280560146
2022-01-24,2.6935101114633357
2022-01-25,2.58009955011738
2022-01-26,2.634435441092659
2022-01-27,2.5400004071400533
2022-01-28,2.466684248090678
2022-02-07,2.5312951304864257
2022-02-08,2.5015640372950307
2022-02-09,2.5451841223290046
2022-02-10,2.55149432225775
2022-02-11,2.474739468376905
2022-02-14,2.445954459804663
2022-02-15,2.5095894156567207
2022-02-16,2.5061786499922514
2022-02-17,2.5548916178822174
2022-02-18,2.528592562100017
2022-02-21,2.529637767549206
2022-02-22,2.5333384621222503
2022-02-23,2.6136407585924566
2022-02-24,2.57134461824297
2022-02-25,2.598852394951065
2022-02-28,2.635827192833664
2022-03-01,2.6233599013157662
2022-03-02,2.608525088892503
2022-03-03,2.58769705639355
2022-03-04,2.5552357344300822
2022-03-07,2.4942668277336395
2022-03-08,2.4387445319067247
2022-03-09,2.4467683180521793
2022-03-10,2.48666621455291
2022-03-11,2.473941054958124
2022-03-14,2.373389819884309
2022-03-15,2.2297575875186793
2022-03-16,2.3246264866947315
2022-03-17,2.379641360151966
2022-03-18,2.3870850485910773
2022-03-21,2.3986364735255887
2022-03-22,2.3874703736702103
2022-03-23,2.4185463090090695
2022-03-24,2.402738286515851
2022-03-25,2.3578324338454935
2022-03-28,2.342542586122293
2022-03-29,2.29614580085601
2022-03-30,2.3685387930990704
2022-03-31,2.316969211649372
2022-04-01,2.3045521802373674
2022-04-06,2.2630999144762853
2022-04-07,2.2145265246907746
2022-04-08,2.226937604296585
2022-04-11,2.094401602861434
2022-04-12,2.1318908838955717
2022-04-13,2.137095517876541
2022-04-14,2.180411542916462
2022-04-15,2.1616780740522943
2022-04-18,2.2222234335524313
2022-04-19,2.189649922722238
2022-04-20,2.1331526283848485
2022-04-21,2.052634904231201
2022-04-22,2.027851749248772
2022-04-25,1.879962268879432
2022-04-26,1.8122183155516436
2022-04-27,1.9601143611847913
2022-04-28,1.9488601193432122
2022-04-29,2.039600959536724
2022-05-05,2.032867970021668
2022-05-06,1.970493972710347
2022-05-09,1.9743710426620067
2022-05-10,2.0098849066277857
2022-05-11,2.070914042477366
2022-05-12,2.0635581571170545
2022-05-13,2.083398759372823
2022-05-16,2.0861070460515045
2022-05-17,2.1819979850000677
2022-05-18,2.1802991586025824
2022-05-19,2.202633245109542
2022-05-20,2.2608573355619526
2022-05-23,2.2649286127460884
2022-05-24,2.185117301240469
2022-05-25,2.244869656033713
2022-05-26,2.2214346453189173
2022-05-27,2.212201396496589
2022-05-30,2.287043379896524
2022-05-31,2.3067416238460265
2022-06-01,2.327835031153867
2022-06-02,2.383169532984342
2022-06-06,2.434065792607852
2022-06-07,2.3974903223762336
2022-06-08,2.39167900098762
2022-06-09,2.35551732700494
2022-06-10,2.4103051999611416
2022-06-13,2.4171275159575742
2022-06-14,2.3860060334621473
2022-06-15,2.3734074127129716
2022-06-16,2.392477949691331
2022-06-17,2.423167228305914
2022-06-20,2.411055516177318
2022-06-21,2.3696042644306368
2022-06-22,2.3459778290660616
2022-06-23,2.3990687343416495
2022-06-24,2.4159622429442607
2022-06-27,2.451716056669437
2022-06-28,2.4967056534209897
2022-06-29,2.407796889324807
2022-06-30,2.4433531770800543
2022-07-01,2.4598474779012967
2022-07-04,2.4665331690113215
2022-07-05,2.468497648384337
2022-07-06,2.4147666861342723
2022-07-07,2.472810801240808
2022-07-08,2.4755258864287337
2022-07-11,2.4282184112246865
2022-07-12,2.390767451585563
2022-07-13,2.3931086037437748
2022-07-14,2.3908352806973823
2022-07-15,2.3990470177990515
2022-07-18,2.4475786662764922
2022-07-19,2.4197570968031585
2022-07-20,2.449873333853693
2022-07-21,2.4686311722202303
2022-07-22,2.4246970056475257
2022-07-25,2.3890214992994014
2022-07-26,2.4384262399242913
2022-07-27,2.4419806145440033
2022-07-28,2.448077660730516
2022-07-29,2.4570178710271824
2022-08-01,2.453403825672694
2022-08-02,2.3728429502820094
2022-08-03,2.414354773833702
2022-08-04,2.4669238566316736
2022-08-05,2.4933841942513895
2022-08-08,2.5064280980127416
2022-08-09,2.5181911687615863
2022-08-10,2.505824268078065
2022-08-11,2.5398254266814666
2022-08-12,2.505122822516545
2022-08-15,2.53843990924069
2022-08-16,2.527285061294433
2022-08-17,2.5105114874893686
2022-08-18,2.5058055651154234
2022-08-19,2.4336376256697934
2022-08-22,2.4629121071945614
2022-08-23,2.4626791350466144
2022-08-24,2.3625976117808163
2022-08-25,2.344743361055954
2022-08-26,2.3687365986237126
2022-08-29,2.351068524357361
2022-08-30,2.3241464490087957
2022-08-31,2.2519005434093837
2022-09-01,2.227051312447279
2022-09-02,2.2114726739540274
2022-09-05,2.2126692451763645
2022-09-06,2.270857665054615
2022-09-07,2.301653429373346
2022-09-08,2.2840124628952228
2022-09-09,2.2922075900529255
2022-09-13,2.2913129588477066
2022-09-14,2.2447309689274086
2022-09-15,2.1558019143965
2022-09-16,2.0906519878180387
2022-09-19,2.094983773251915
2022-09-20,2.123169482319124
2022-09-21,2.11230811113404
2022-09-22,2.1040933616925397
2022-09-23,2.0629593113190645
2022-09-26,2.036118069292694
2022-09-27,2.06551982393761
2022-09-28,1.9822431845228423
2022-09-29,2.00275517324704
2022-09-30,1.976738510879986
2022-10-10,1.9064088442908127
2022-10-11,1.9299140269282722
2022-10-12,1.9850659272267863
2022-10-13,1.9798558371139419
2022-10-14,2.0332895414865515
2022-10-17,2.042273533197867
2022-10-18,2.0343163513897404
2022-10-19,2.01563750153559
2022-10-20,2.02736440875721
2022-10-21,2.0101792180454194
2022-10-24,1.9952267799186114
2022-10-25,1.9938318172796654
2022-10-26,2.0206566906649925
2022-10-27,2.019177899008374
2022-10-28,1.9336620127053357
2022-10-31,1.944324022425235
2022-11-01,2.048147211418691
2022-11-02,2.086552508072821
2022-11-03,2.1281289957298215
2022-11-04,2.182910856095834
2022-11-07,2.210829903459481
2022-11-08,2.1945081662949066
2022-11-09,2.1835521803692983
2022-11-10,2.156693506754479
2022-11-11,2.2062986786592793
2022-11-14,2.2112950171016137
2022-11-15,2.2906141692579625
2022-11-16,2.274553803126218
2022-11-17,2.297020173977716
2022-11-18,2.275716185702181
2022-11-21,2.2816888762494876
2022-11-22,2.261378944643732
2022-11-23,2.2647941888204635
2022-11-24,2.2578885669579174
2022-11-25,2.238880035353865
2022-11-28,2.2079476495557535
2022-11-29,2.2472736306491288
2022-11-30,2.242867940076349
2022-12-01,2.273456877230333
2022-12-02,2.250874700211418
2022-12-05,2.2888190345660346
2022-12-06,2.2989566601902194
2022-12-07,2.2718084512446084
2022-12-08,2.24926134268324
2022-12-09,2.267468095758376
2022-12-12,2.2747013641808875
2022-12-13,2.2597946342937925
2022-12-14,2.23187398368057
2022-12-15,2.249340414995061
2022-12-16,2.2150513027985883
2022-12-19,2.1739829892533447
2022-12-20,2.1628950216728953
2022-12-21,2.1385675387860936
2022-12-22,2.1108753042658543
2022-12-23,2.0833148637355117
2022-12-26,2.158364511394724
2022-12-27,2.2032204295802296
2022-12-28,2.1814833131502565
2022-12-29,2.163729645675082
2022-12-30,2.146967422316981
2023-01-03,2.204343029767102
2023-01-04,2.162484513985706
2023-01-05,2.1936709847436964
2023-01-06,2.2205059193849337
2023-01-09,2.2894666820636
2023-01-10,2.2981580920193556
2023-01-11,2.2815593510065497
2023-01-12,2.294178579608579
2023-01-13,2.2925590269369986
2023-01-16,2.3432862094960503
2023-01-17,2.3681548052277632
2023-01-18,2.3860269558583846
2023-01-19,2.3977871693410515
2023-01-20,2.4333443408949087
2023-01-30,2.4434650673580665
2023-01-31,2.430897565039984
2023-02-01,2.4917855831174
2023-02-02,2.484883004730483
2023-02-03,2.4834941123502583
2023-02-06,2.435150826557165
2023-02-07,2.461220133049232
2023-02-08,2.4413305700766
2023-02-09,2.48931624304737
2023-02-10,2.45748790283788
2023-02-13,2.475332447587155
2023-02-14,2.5234783758295114
2023-02-15,2.511443735961116
2023-02-16,2.4313274060481582
2023-02-17,2.3942569863597774
2023-02-20,2.4278136096039473
2023-02-21,2.461097325836779
2023-02-22,2.4398362070644475
2023-02-23,2.4389532212580347
2023-02-24,2.418759663970585
2023-02-27,2.407945148179145
2023-02-28,2.4252444076844983
2023-03-01,2.4442053491048616
2023-03-02,2.428026462201997
2023-03-03,2.4345413261267135
2023-03-06,2.4417763268318566
2023-03-07,2.4060748941018084
2023-03-08,2.3881777592830744
2023-03-09,2.3770469285005413
2023-03-10,2.335579079162367
2023-03-13,2.3653573514632407
2023-03-14,2.3657862840919575
2023-03-15,2.3707118994631733
2023-03-16,2.308746289985913
2023-03-17,2.3432041817855085
2023-03-20,2.4019755156243203
2023-03-21,2.4172832922960272
2023-03-22,2.4104805318468823
2023-03-23,2.4577694217018724
2023-03-24,2.4692621904220977
2023-03-27,2.4451363152198318
2023-03-28,2.397699723779893
2023-03-29,2.4168309678075612
2023-03-30,2.4408113243328198
2023-03-31,2.46285239949329
2023-04-03,2.496468476451659
2023-04-04,2.468522802411707
2023-04-06,2.5242508785000477
2023-04-07,2.543072621350314
2023-04-10,2.5238300719389968
2023-04-11,2.543683496631111
2023-04-12,2.5592877041469344
2023-04-13,2.524509169326478
2023-04-14,2.5946267600333988
2023-04-17,2.605030076445893
2023-04-18,2.608867510199054
2023-04-19,2.6049871639545783
2023-04-20,2.5983145337042863
2023-04-21,2.495917729303697
2023-04-24,2.4617372035639282
2023-04-25,2.4079195369084743
2023-04-26,2.4101483218302477
2023-04-27,2.41151046064227
2023-04-28,2.4389358998681074
2023-05-04,2.4369569742076402
2023-05-05,2.4096646694466286
2023-05-08,2.42643601589951
2023-05-09,2.4189868643295074
2023-05-10,2.4346521193905724
2023-05-11,2.4117361494156886
2023-05-12,2.3577024176467964
2023-05-15,2.4161028134550824
2023-05-16,2.4171376645511766
2023-05-17,2.428843315900579
2023-05-18,2.4192561319779258
2023-05-19,2.412387253448438
2023-05-22,2.4145543907087443
2023-05-23,2.359473723263961
2023-05-24,2.3598369225696953
2023-05-25,2.3587950994382187
2023-05-26,2.373131608240507
2023-05-29,2.364705004446373
2023-05-30,2.375521965393687
2023-05-31,2.3780034291937175
2023-06-01,2.374152155308802
2023-06-02,2.4054600453144785
2023-06-05,2.385577584284353
2023-06-06,2.347353732593043
2023-06-07,2.3355355862002787
2023-06-08,2.3228821854404647
2023-06-09,2.347610532009352
2023-06-12,2.3387018762518506
2023-06-13,2.3772252165519694
2023-06-14,2.3850023400354115
2023-06-15,2.4266533519276576
2023-06-16,2.4655430258339543
2023-06-19,2.449428113627311
2023-06-20,2.449452057077425
2023-06-21,2.394890180635343
2023-06-26,2.372711842203109
2023-06-27,2.4102084559820693
2023-06-28,2.3986346303732997
2023-06-29,2.4029677129559035
2023-06-30,2.421596402711892
2023-07-03,2.4398283963835223
2023-07-04,2.463998329226608
2023-07-05,2.488541292174885
2023-07-06,2.4705527308636905
2023-07-07,2.450047508403018
2023-07-10,2.455609845045138
2023-07-11,2.511238988381729
2023-07-12,2.5082506738500663
2023-07-13,2.56100955418047
2023-07-14,2.540587682868271
2023-07-17,2.5413796907716604
2023-07-18,2.5353757699464934
2023-07-19,2.5350500010778854
2023-07-20,2.5056927292676994
2023-07-21,2.477373081075571
2023-07-24,2.4675072406655847
2023-07-25,2.517446423376778
2023-07-26,2.4990409158074307
2023-07-27,2.476370648621108
2023-07-28,2.5001926049758287
2023-07-31,2.5459922350409543
2023-08-01,2.5499871274172805
2023-08-02,2.5285951570578233
2023-08-03,2.5354703945725903
2023-08-04,2.516125370110839
2023-08-07,2.5177786072801016
2023-08-08,2.5177840028752105
2023-08-09,2.497468733957909
2023-08-10,2.4934382935227712
2023-08-11,2.443365656544369
2023-08-14,2.4136895353958465
2023-08-15,2.337838500797586
2023-08-16,2.2955367610543593
2023-08-17,2.305434483606968
2023-08-18,2.2696427428886903
2023-08-21,2.245693144982255
2023-08-22,2.2759922457310937
2023-08-23,2.2205039374855313
2023-08-24,2.2342539529499876
2023-08-25,2.2121207307574013
2023-08-28,2.2217772224187335
2023-08-29,2.282385180032475
2023-08-30,2.2997978920657736
2023-08-31,2.2864830225622055
2023-09-01,2.3019492345545705
2023-09-04,2.368509713631073
2023-09-05,2.370844969876707
2023-09-06,2.3753778279459117
2023-09-07,2.337421271986591
2023-09-08,2.334849567997292
2023-09-11,2.3699305675608118
2023-09-12,2.3623636803576242
2023-09-13,2.345607024238225
2023-09-14,2.3381125873934185
2023-09-15,2.3554384029490767
2023-09-18,2.348218877531333
2023-09-19,2.3437128914614815
2023-09-20,2.3149599786625368
2023-09-21,2.2977539317546083
2023-09-22,2.3339540779334227
2023-09-25,2.3012258765453013
2023-09-26,2.281586653613764
2023-09-27,2.281542476752783
2023-09-28,2.2873628332633977
2023-10-09,2.304472877195777
2023-10-10,2.3147697672147354
2023-10-11,2.307396265752729
2023-10-12,2.339882799480968
2023-10-13,2.305320918019224
2023-10-16,2.2692349054211816
2023-10-17,2.300625102836328
2023-10-18,2.26429101570934
2023-10-19,2.2454934395865553
2023-10-20,2.2222805022234513
2023-10-23,2.1645511444236902
2023-10-24,2.202893385880843
2023-10-25,2.2155546254812633
2023-10-26,2.217967760829425
2023-10-27,2.25697333737051
2023-10-30,2.3118830886853314
2023-10-31,2.3027542300314683
2023-11-01,2.301124963933223
2023-11-02,2.2722304311580173
2023-11-03,2.3125550441365825
2023-11-06,2.343886015572238
2023-11-07,2.3469593760183938
2023-11-08,2.329267123780326
2023-11-09,2.327076961133812
2023-11-10,2.330594502779397
2023-11-13,2.332466384651428
2023-11-14,2.3194163230636713
2023-11-15,2.3567995605091667
2023-11-16,2.3201222001087745
2023-11-17,2.3302564780764325
2023-11-20,2.330666575615578
2023-11-21,2.326656359113873
2023-11-22,2.2995938097901356
2023-11-23,2.319112369755634
2023-11-24,2.2911994834535925
2023-11-27,2.3111024317991413
2023-11-28,2.3032569127488576
2023-11-29,2.330207556853095
2023-11-30,2.3185781247826966
2023-12-01,2.325607067942549
2023-12-04,2.324321641087704
2023-12-05,2.259012455834631
2023-12-06,2.268401757192069
2023-12-07,2.2489027804271498
2023-12-08,2.2609496111030953
2023-12-11,2.2759026557193636
2023-12-12,2.2719352657403857
2023-12-13,2.2541169591845276
2023-12-14,2.2607054833117606
2023-12-15,2.255437417319327
2023-12-18,2.23029074742692
2023-12-19,2.2414151126819832
2023-12-20,2.225939527661311
2023-12-21,2.237837626464239
2023-12-22,2.2511626519011614
2023-12-25,2.262606395773294
2023-12-26,2.241793277004681
2023-12-27,2.270927392985127
2023-12-28,2.310133496493663
2023-12-29,2.323653023599719
2024-01-02,2.3094303163905763
2024-01-03,2.3003507623165214
2024-01-04,2.2768235463314643
2024-01-05,2.2575615038385375
2024-01-08,2.2304408426956184
2024-01-09,2.231057189022978
2024-01-10,2.232543655970638
2024-01-11,2.231783439679931
2024-01-12,2.221205732177629
2024-01-15,2.225786036150994
2024-01-16,2.216533923884959
2024-01-17,2.1693893642952067
2024-01-18,2.181553380692802
2024-01-19,2.1658255167553833
2024-01-22,2.096431320304025
2024-01-23,2.1197739317253417
2024-01-24,2.1330154914399615
2024-01-25,2.214722109257801
2024-01-26,2.1848622523847996
2024-01-29,2.1548053053382006
2024-01-30,2.111419648033035
2024-01-31,2.0601044690604664
2024-02-01,2.0576182565263146
2024-02-02,1.9953985572302457
2024-02-05,1.9381566925078775
2024-02-06,2.0658536629191775
2024-02-07,2.145734986568098
2024-02-08,2.184548799860015
2024-02-19,2.19565379613301
2024-02-20,2.2228642063499318
2024-02-21,2.2148082804314
2024-02-22,2.247286087855886
2024-02-23,2.2636233325916404
2024-02-26,2.2643945677492527
2024-02-27,2.296642255794537
2024-02-28,2.238143559944773
2024-02-29,2.317454939249218
2024-03-01,2.3475713867163703
2024-03-04,2.366023922546192
2024-03-05,2.382806306026429
2024-03-06,2.395097665540577
2024-03-07,2.3950165233818423
2024-03-08,2.4372700740373223
2024-03-11,2.460025216107669
2024-03-12,2.4363352462366343
2024-03-13,2.4772650802615397
2024-03-14,2.486789715856926
2024-03-15,2.5588950462989737
2024-03-18,2.6212394621117414
2024-03-19,2.6221616703153336
2024-03-20,2.60215154182917
2024-03-21,2.614326801077711
2024-03-22,2.563611555387433
2024-03-25,2.543553103867922
2024-03-26,2.539359612173797
2024-03-27,2.492751587136251
2024-03-28,2.5417654893163815
2024-03-29,2.583426127720515
2024-04-01,2.584736161225784
2024-04-02,2.6030282587031177
2024-04-03,2.6416540884369195
2024-04-08,2.625799726260917
2024-04-09,2.6253598215383978
2024-04-10,2.6164167747726648
2024-04-11,2.690353118715379
2024-04-12,2.717265208310038
2024-04-15,2.7338876228687097
2024-04-16,2.6600050011315854
2024-04-17,2.767409254341291
2024-04-18,2.7920169466124167
2024-04-19,2.741392855612674
2024-04-22,2.710203541700922
2024-04-23,2.6209842410780264
2024-04-24,2.674509663453486
2024-04-25,2.6628378570043707
2024-04-26,2.69513298614796
2024-04-29,2.6989431187759356
2024-04-30,2.679316923705113
2024-05-06,2.725299040082491
2024-05-07,2.7418233907769967
2024-05-08,2.7107222723367768
2024-05-09,2.7777313379002515
2024-05-10,2.8011597366660506
2024-05-13,2.836819920514309
2024-05-14,2.8321882514171826
2024-05-15,2.7639614198073215
2024-05-16,2.7135907351605244
2024-05-17,2.724559343996158
2024-05-20,2.771347520755009
2024-05-21,2.710303735912608
2024-05-22,2.6840449497171255
2024-05-23,2.6257330383653668
2024-05-24,2.620478738348782
2024-05-27,2.7077602199535593
2024-05-28,2.698093898587988
2024-05-29,2.731647267227184
2024-05-30,2.7035790714693593
2024-05-31,2.6734349169119804
2024-06-03,2.6733078387316196
2024-06-04,2.746558144470035
2024-06-05,2.7204233919533123
2024-06-06,2.728232315058344
2024-06-07,2.7312319517005275
2024-06-11,2.731481343768012
2024-06-12,2.7363952162639618
2024-06-13,2.7550974691347236
2024-06-14,2.7938596123995105
2024-06-17,2.842944399373591
2024-06-18,2.8376153336201364
2024-06-19,2.8399094733920203
2024-06-20,2.8276008973464264
2024-06-21,2.8208023522471053
2024-06-24,2.7887314039589683
2024-06-25,2.7503082807921597
2024-06-26,2.7736322559222413
2024-06-27,2.7305766536219425
2024-06-28,2.815784374248163
2024-07-01,2.8289940504373483
2024-07-02,2.7517368521993877
2024-07-03,2.7724610526544753
2024-07-04,2.783229204785292
2024-07-05,2.8139445950778286
2024-07-08,2.8164824073636128
2024-07-09,2.9048322478677453
2024-07-10,2.8652205059685136
2024-07-11,2.906960612573487
2024-07-12,2.8654896280946045
2024-07-15,2.857907465654175
2024-07-16,2.8858001250491037
2024-07-17,2.80715384583354
2024-07-18,2.823835994464691
2024-07-19,2.846261598695781
2024-07-22,2.843609728805806
2024-07-23,2.7201134604968016
2024-07-24,2.6954162353443767
2024-07-25,2.6509517896909416
2024-07-26,2.7046900667839497
2024-07-29,2.7010734039519066
2024-07-30,2.692412952092954
2024-07-31,2.762841071086633
2024-08-01,2.78111551754494
2024-08-02,2.724495588150725
2024-08-05,2.643919688690675
2024-08-06,2.6306315712397694
2024-08-07,2.6471275259103955
2024-08-08,2.626516294044326
2024-08-09,2.6303178677164314
2024-08-12,2.619962208461233
2024-08-13,2.6445715827500966
2024-08-14,2.609856112707292
2024-08-15,2.623745500195325
2024-08-16,2.6048386842122673
2024-08-19,2.6181220527537583
2024-08-20,2.5942827542542726
2024-08-21,2.579842296151287
2024-08-22,2.5745611686042285
2024-08-23,2.558544808815687
2024-08-26,2.5614593540701276
2024-08-27,2.518769314195375
2024-08-28,2.5126368522904188
2024-08-29,2.5411249316087403
2024-08-30,2.5921413822362736
2024-09-02,2.5335169289879165
2024-09-03,2.5771075248096325
2024-09-04,2.5357353504609175
2024-09-05,2.5277408295534203
2024-09-06,2.503760903986359
2024-09-09,2.482121753156742
2024-09-10,2.4834767031357625
2024-09-11,2.4850784338069976
2024-09-12,2.4817006056230224
2024-09-13,2.4760915065861466
2024-09-18,2.5192569529346676
2024-09-19,2.5646275235169336
2024-09-20,2.5776343239449186
2024-09-23,2.5644006979115157
2024-09-24,2.629691042497838
2024-09-25,2.6712232731112393
2024-09-26,2.752422562384634
2024-09-27,2.861883053727117
2024-09-30,3.0728455081567403
2024-10-08,3.186022570700062
2024-10-09,3.084685971152113
2024-10-10,3.0796396917981133
2024-10-11,2.985039513941643
2024-10-14,3.0331340560319147
2024-10-15,2.93305046220425
2024-10-16,2.922190602783999
2024-10-17,2.876624431633749
2024-10-18,2.988583883064758
2024-10-21,3.019730030243419
2024-10-22,3.070705987132916
2024-10-23,3.0291487072066916
2024-10-24,3.0037405996378856
2024-10-25,3.001018107074909
2024-10-28,3.02099112578662
2024-10-29,3.0195946466809835
2024-10-30,3.0052899524342087
2024-10-31,3.0074950430654708
2024-11-01,3.045653669673857
2024-11-04,3.058545011859538
2024-11-05,3.1243394509724904
2024-11-06,3.12989037592085
2024-11-07,3.158784554854382
2024-11-08,3.1616651497468404
2024-11-11,3.1986399012671574
2024-11-12,3.161284426576529
2024-11-13,3.194645319659407
2024-11-14,3.081698679808727
2024-11-15,3.020224719591505
2024-11-18,2.9609504430065696
2024-11-19,3.0042880270286245
2024-11-20,3.007560037092867
2024-11-21,3.029832811955596
2024-11-22,2.9100667149671615
2024-11-25,2.863346250618966
2024-11-26,2.8340645102375253
2024-11-27,2.8734740791338984
2024-11-28,2.834507278909383
2024-11-29,2.8854849800881155
2024-12-02,2.917926342457031
2024-12-03,2.925183784045447
2024-12-04,2.9323175466274822
2024-12-05,2.8989479772288766
2024-12-06,2.919397525930783
2024-12-09,2.914895429704427
2024-12-10,2.9141317263800035
2024-12-11,2.933570165239642
2024-12-12,2.9336540094449406
2024-12-13,2.909388132995666
2024-12-16,2.8990589604693837
2024-12-17,2.89698056705739
2024-12-18,2.943383517171584
2024-12-19,2.991568583325898
2024-12-20,2.991817167778743
2024-12-23,2.9820360055532196
2024-12-24,3.0146540481054123
2024-12-25,2.9804094458244923
2024-12-26,3.0207297042216914
2024-12-27,2.9991286771005483
2024-12-30,2.9931675531660207
2024-12-31,2.91252530705993
2025-01-02,2.8149450355259025
2025-01-03,2.797125319280886
2025-01-06,2.7933795135401946
2025-01-07,2.851357228735577
2025-01-08,2.860582189581555
2025-01-09,2.8940442944337352
2025-01-10,2.86040968205708
2025-01-13,2.8435762162525484
2025-01-14,2.9562373284538337
2025-01-15,2.919237919965782
2025-01-16,2.9414850473418603
2025-01-17,2.9830527393152186
2025-01-20,2.9856274763932986
2025-01-21,2.9917532450128554
2025-01-22,3.001868185906559
2025-01-23,2.9671516804194775
2025-01-24,3.0032460201827975
2025-01-27,2.971510787434801
2025-02-05,3.000558361449478
2025-02-06,3.0316351796840224
2025-02-07,3.051293631298055
2025-02-10,3.047350409107892
2025-02-11,3.044402303616976
2025-02-12,3.091450379327585
2025-02-13,3.0527737065434795
2025-02-14,3.0828168264723796
2025-02-17,3.0400186750286973
2025-02-18,3.0138800115945865
2025-02-19,3.0709942374780406
2025-02-20,3.0548220176052747
2025-02-21,3.1100137018469747
2025-02-24,3.093200165478916
2025-02-25,3.0269069118120675
2025-02-26,3.0481866452530038
2025-02-27,3.0232212775763414
2025-02-28,2.964080423506506
2025-03-03,2.995905907103122
2025-03-04,3.034604997024923
2025-03-05,3.0285074616285916
2025-03-06,3.0730421004347956
2025-03-07,3.07952039190126
2025-03-10,3.105945537795269
2025-03-11,3.1006773875052143
2025-03-12,3.1069512565299875
2025-03-13,3.0871496258255697
2025-03-14,3.1371094320335144
2025-03-17,3.1015439953963035
2025-03-18,3.13354292188266
2025-03-19,3.1224454115066553
2025-03-20,3.109996840949287
2025-03-21,3.057749944449035
2025-03-24,3.099944409627671
2025-03-25,3.1210201710976584
2025-03-26,3.0951117368548657
2025-03-27,3.070961598067133
2025-03-28,3.0637323285208624
2025-03-31,3.0245969203507164
2025-04-01,3.0389449181632253
2025-04-02,3.0237203793297343
2025-04-03,2.99573279271042
2025-04-07,2.7597850575741387
2025-04-08,2.817769148728496
2025-04-09,2.868866539461911
2025-04-10,2.9097921908311997
2025-04-11,2.9292428777409216
2025-04-14,2.957529331539129
2025-04-15,2.928031289487116
2025-04-16,2.9128927887858627
2025-04-17,2.9083790681056145
2025-04-18,2.8968690854073507
2025-04-21,2.959289331162342
2025-04-22,2.969765540524367
2025-04-23,2.9740240162214175
2025-04-24,2.937942521333507
2025-04-25,2.9292115640050063
2025-04-28,2.9165833718532572
2025-04-29,2.9547080643486368
2025-04-30,2.9570624361478086
2025-05-06,3.027284518482947
2025-05-07,3.0292171116623177
2025-05-08,3.023081062314446
2025-05-09,3.015392841714373
2025-05-12,3.055245563613285
2025-05-13,3.047315951421565
2025-05-14,3.066123788802716
2025-05-15,3.0204356478823544
2025-05-16,3.049379938468815
2025-05-19,3.0457359316618136
2025-05-20,3.0602792597650765
2025-05-21,3.0502396523912503
2025-05-22,3.04030238672573
2025-05-23,3.006853235635151
2025-05-26,3.011970004853977
2025-05-27,2.951270759097079
2025-05-28,2.960631268189427
2025-05-29,2.9964057404985684
2025-05-30,2.956473543064295
2025-06-03,2.9700921269408362
2025-06-04,3.0131021678250836
2025-06-05,3.0285451415576032
2025-06-06,3.070773227402169
2025-06-09,3.0683586755098813
2025-06-10,3.032005033497991
2025-06-11,3.068636130824155
2025-06-12,3.072949420106766
2025-06-13,3.0555664890284
2025-06-16,3.0684219072068224
2025-06-17,3.0705582204214794
2025-06-18,3.071506185103075
2025-06-19,3.0457250434549135
2025-06-20,3.0156798330501964
2025-06-23,3.029775425548372
2025-06-24,3.061270338464189
2025-06-25,3.102218763045718
2025-06-26,3.0866077466961643
2025-06-27,3.143726700693452
2025-06-30,3.172680536847775
2025-07-01,3.179911183531187
2025-07-02,3.1673174204058987
2025-07-03,3.159270080799488
2025-07-04,3.142856743139962
2025-07-07,3.149884037573406
2025-07-08,3.1734418913740177
2025-07-09,3.119839955835229
2025-07-10,3.122395576982951
2025-07-11,3.150543967950425
2025-07-14,3.161069910561067
2025-07-15,3.144115754386271
2025-07-16,3.1461084653044002
2025-07-17,3.165268656054503
2025-07-18,3.200588004909205
2025-07-21,3.3085661062119107
2025-07-22,3.4042374890775666
2025-07-23,3.3748995037337486
2025-07-24,3.448543393040774
2025-07-25,3.4719548892658745
2025-07-28,3.4426131480086
2025-07-29,3.459497980515949
2025-07-30,3.414160597957118
2025-07-31,3.327920435179817
2025-08-01,3.304429838434097
2025-08-04,3.3354394492826382
2025-08-05,3.3446383781304494
2025-08-06,3.3779471190658787
2025-08-07,3.4028071429115587
2025-08-08,3.413994227138066
2025-08-11,3.4186484345820523
2025-08-12,3.4226999858059313
2025-08-13,3.4846673487495483
2025-08-14,3.470070722338149
2025-08-15,3.5290574596904385
2025-08-18,3.5588912180011016
2025-08-19,3.5709781582000675
2025-08-20,3.627434130418067
2025-08-21,3.6483618883758577
2025-08-22,3.7470443021465023
2025-08-25,3.8788914963144436
2025-08-26,3.9202201234545604
2025-08-27,3.891181228760571
2025-08-28,3.952217709354775
2025-08-29,3.9798882033191356
2025-09-01,4.123059021982718
2025-09-02,4.0537884857363045
2025-09-03,3.974518821492524
2025-09-04,3.794163093348856
2025-09-05,3.904647051705587
2025-09-08,3.980622220491629
2025-09-09,3.934252210984414
2025-09-10,3.9134724742380307
2025-09-11,4.034809470037258
2025-09-12,4.089058777696074
2025-09-15,4.062732820115032
2025-09-16,4.019363026176153
2025-09-17,4.040806451267222
2025-09-18,3.9920039298596834
2025-09-19,3.99723992322952
2025-09-22,4.035806595282534
2025-09-23,4.010644470150632
2025-09-24,4.076158708296011
2025-09-25,4.175630087498635
2025-09-26,4.1788073337381535
2025-09-29,4.2563190240203745
2025-09-30,4.385804192080398
2025-10-09,4.607988192903061
2025-10-10,4.489854492520161
2025-10-13,4.566940624033526
2025-10-14,4.406351214755265
2025-10-15,4.453960176387633
2025-10-16,4.379444337095557
2025-10-17,4.185330456471215
2025-10-20,4.257945995142466
2025-10-21,4.360095077671913
2025-10-22,4.284848334017315
2025-10-23,4.291090652497166
2025-10-24,4.417706548145498
2025-10-27,4.634147342327179
2025-10-28,4.654741130959113
2025-10-29,4.839083523583254
2025-10-30,4.791847709787298
2025-10-31,4.664652446671252
2025-11-03,4.65854099278961
2025-11-04,4.57261153215851
2025-11-05,4.664972146923565
2025-11-06,4.763797823797988
2025-11-07,4.719832189066727
2025-11-10,4.6773351306564095
2025-11-11,4.625880899165853
2025-11-12,4.544993677456834
2025-11-13,4.656134410515425
2025-11-14,4.527384236098545
2025-11-17,4.494103922444259
2025-11-18,4.440054211808887
2025-11-19,4.426475520666757
2025-11-20,4.392557484217379
2025-11-21,4.196175087134891
2025-11-24,4.230311197957688
2025-11-25,4.293161621146694
2025-11-26,4.295424625145434
2025-11-27,4.30066997506594
2025-11-28,4.377479083387251
2025-12-01,4.484579494541713
2025-12-02,4.444250679615106
2025-12-03,4.440702954181487
2025-12-04,4.4708159485146055
2025-12-05,4.545499499389502
2025-12-08,4.615594594555275
2025-12-09,4.562091960252326
2025-12-10,4.5803600927177435
2025-12-11,4.562822188853924
2025-12-12,4.688226071851202
2025-12-15,4.667142641178008
2025-12-16,4.6142434532650745
2025-12-17,4.737979391969821
2025-12-18,4.699861239963304
2025-12-19,4.729562190178298
2025-12-22,4.842472537561074
2025-12-23,4.879051698967378
2025-12-24,4.863025343549961
2025-12-25,4.841813518292652
2025-12-26,4.92266857695636
2025-12-29,4.833075110752331
2025-12-30,4.83367791598635
2025-12-31,4.840478054948608
2026-01-05,5.000726616806276
2026-01-06,5.183243583533025
2026-01-07,5.263759100341235
2026-01-08,5.234912570326815
2026-01-09,5.354770352074088
2026-01-12,5.397373903022304
2026-01-13,5.457883402946263
2026-01-14,5.445223783936661
2026-01-15,5.548466891389119
2026-01-16,5.7124821163129775
2026-01-19,5.9216697772327755
2026-01-20,5.890515496294827
2026-01-21,6.019355461818306
2026-01-22,5.94765108301975
2026-01-23,6.0095097201722
2026-01-26,6.177973057026514
2026-01-27,6.218009181820192
2026-01-28,6.427682430376696
2026-01-29,6.254111193730165
2026-01-30,6.0832137700428115
2026-02-02,5.8169362565359
2026-02-03,5.994144394778096
2026-02-04,5.966991437333725
2026-02-05,5.796418099062018
2026-02-06,5.818129675402863
2026-02-09,5.9342083277871875
2026-02-10,5.963826717151173
2026-02-11,6.069703540782794
2026-02-12,6.24090240162481
2026-02-13,6.062772756753694
2026-02-24,6.2397216802785405
2026-02-25,6.360994217837298
2026-02-26,6.405564695567665
2026-02-27,6.525343999473034
2026-03-02,6.630209250223102
2026-03-03,6.347360534965355
2026-03-04,6.403950677996964
2026-03-05,6.476225084545187
2026-03-06,6.478916130758628
2026-03-09,6.413473923947675
2026-03-10,6.480477568600489
2026-03-11,6.375880659612259
2026-03-12,6.264432882583902
2026-03-13,6.031163606579233
2026-03-16,5.9845834148137875
2026-03-17,5.866668671588433
2026-03-18,5.939706730917871
2026-03-19,5.687542839134053
2026-03-20,5.565067070482176
2026-03-23,5.361923920552648
2026-03-24,5.507959503334828
2026-03-25,5.627830515833423
2026-03-26,5.4504721541109555
2026-03-27,5.501210937999497
2026-03-30,5.45085567855329
2026-03-31,5.30005457713064
2026-04-01,5.458554592426908
2026-04-02,5.284463935137913
2026-04-03,5.241565822142117
2026-04-07,5.257719026485143
2026-04-08,5.542766512642321
2026-04-09,5.48650050125209
2026-04-10,5.5477682474121925
2026-04-13,5.423284014990478
2026-04-14,5.52891995200839
2026-04-15,5.506264579028976
2026-04-16,5.665180698197037
2026-04-17,5.697311435311704
2026-04-20,5.8106834603054
2026-04-21,5.82408817160976
2026-04-22,5.901404349471616
2026-04-23,5.773683257061292
2026-04-24,5.749184459427362
2026-04-27,5.752162759433346
2026-04-28,5.649583944412684
2026-04-29,5.807829823273922
2026-04-30,5.758674256732129
2026-05-06,5.975624425594778
2026-05-07,6.022588540068207
2026-05-08,5.943478785139531
2026-05-11,6.07418908717917
2026-05-12,6.07218311479361
2026-05-13,6.231506031661203
2026-05-14,5.997963856570405
2026-05-15,5.879275443310869
2026-05-18,5.897273670642991
2026-05-19,5.931467094258209
2026-05-20,5.948815867538933
2026-05-21,5.827339293568456
2026-05-22,6.0454054993877
2026-05-25,6.271743383833258
2026-05-26,6.324448371760192
2026-05-27,6.245636011197732
2026-05-28,6.252635182363136
2026-05-29,6.120471083550162
2026-06-01,6.027672389218152
2026-06-02,6.131374449004311
2026-06-03,6.291404455836623
2026-06-04,6.275194444504088
2026-06-05,6.046772269713513
2026-06-08,5.789690234319527
2026-06-09,5.983607652025803
2026-06-10,5.863203863143261
2026-06-11,5.918367834710227
2026-06-12,6.02300270678997
2026-06-15,6.416884612759862
2026-06-16,6.552785203757057
2026-06-17,6.66774568337498
2026-06-18,6.796297331921562
2026-06-22,7.185953121164549
2026-06-23,6.826214027516567
2026-06-24,6.88539665414524
2026-06-25,6.914342089553956
2026-06-26,6.752403375161103
2026-06-29,6.90858309698068
2026-06-30,6.949068469615782
2026-07-01,6.88065307907244
2026-07-02,6.835383672364269
2026-07-03,6.750204724405893
2026-07-06,6.58499989834644
2026-07-07,6.415339885503704
2026-07-08,6.293819306977894
2026-07-09,6.415665082992562
2026-07-10,6.301414938989418
2026-07-13,6.057793718785259
2026-07-14,6.319711147669584
2026-07-15,6.189812548413516
2026-07-16,6.0551255346960975
2026-07-17,5.818513851286861
2026-07-20,5.733882942806674
2026-07-21,5.98290242953464
2026-07-22,6.021130460080625
2026-07-23,6.073436212696339
2026-07-24,5.878592329614982
2026-07-27,5.952906955387364
2026-07-28,5.702205294856268
2026-07-29,5.714610781885687
2026-07-30,5.609482402854806
2026-07-31,5.692685121864745
2026-08-03,5.643044287342216
2026-08-04,5.790723072078429
2026-08-05,6.046956798255762
2026-08-06,6.109951721456993
2026-08-07,6.260497040172752
2026-08-10,6.303120192205356
2026-08-11,6.131626410866557
2026-08-12,6.184105025313083
2026-08-13,6.0245273841155065
2026-08-14,6.082253273269004
2026-08-17,6.263760193300498
2026-08-18,6.266834657288371
2026-08-19,6.0273747534978135
2026-08-20,5.971288259165891
2026-08-21,6.1363619026097815
2026-08-24,6.0662015970983605
