date,BUYHOLD_grid_equipment
2018-01-02,0.999
2018-01-03,1.0096132103263054
2018-01-04,1.0027830501436346
2018-01-05,0.9990229353527037
2018-01-08,0.9940013533555513
2018-01-09,0.9901687618824715
2018-01-10,0.9756144169094153
2018-01-11,0.9819465718443253
2018-01-12,0.9714809563928882
2018-01-15,0.93718842071721
2018-01-16,0.929748006095319
2018-01-17,0.9297465024103506
2018-01-18,0.9458486516890608
2018-01-19,0.953466427702873
2018-01-22,0.9613365731015179
2018-01-23,0.962187188759454
2018-01-24,0.9665126554784457
2018-01-25,0.9690141342952586
2018-01-26,0.9597229237645086
2018-01-29,0.9527377930042688
2018-01-30,0.9679358665747929
2018-01-31,0.9271889036877389
2018-02-01,0.8993638336295959
2018-02-02,0.8947474779973768
2018-02-05,0.8778281774536922
2018-02-06,0.8427478583197786
2018-02-07,0.8435991697823663
2018-02-08,0.8535941555652248
2018-02-09,0.8263298631537631
2018-02-12,0.8372423929333065
2018-02-13,0.834982738481256
2018-02-14,0.8455369678825537
2018-02-22,0.8554382737114062
2018-02-23,0.8564649229362092
2018-02-26,0.8714116486392841
2018-02-27,0.8762379850704674
2018-02-28,0.8696715983531665
2018-03-01,0.8870102007552613
2018-03-02,0.878671256157481
2018-03-05,0.8805859708243227
2018-03-06,0.8857326980072127
2018-03-07,0.8785686037751301
2018-03-08,0.8818926384811415
2018-03-09,0.9047285585877513
2018-03-12,0.9200347065625339
2018-03-13,0.9157461215097022
2018-03-14,0.9073732618529128
2018-03-15,0.8936298902493598
2018-03-16,0.8967345786230341
2018-03-19,0.8926962202171456
2018-03-20,0.9068163659273043
2018-03-21,0.9208735463867029
2018-03-22,0.93978381662811
2018-03-23,0.9029455907631513
2018-03-26,0.8877274707679051
2018-03-27,0.9023201707514346
2018-03-28,0.8809595952051169
2018-03-29,0.8916046931257918
2018-03-30,0.8926199833623183
2018-04-02,0.8859533874522357
2018-04-03,0.8790895609529822
2018-04-04,0.8721793716765638
2018-04-09,0.8700773473108225
2018-04-10,0.8718469587364793
2018-04-11,0.8790121893059973
2018-04-12,0.8779077594785719
2018-04-13,0.8791027504776728
2018-04-16,0.8660173019013633
2018-04-17,0.8522930161894064
2018-04-18,0.8604857970566346
2018-04-19,0.8665009624560971
2018-04-20,0.851070428451011
2018-04-23,0.8495431285955374
2018-04-24,0.8618380121878069
2018-04-25,0.8611314902723148
2018-04-26,0.812987792964656
2018-04-27,0.8046366048342796
2018-05-02,0.8022737718921756
2018-05-03,0.8124072095663842
2018-05-04,0.8109593997552854
2018-05-07,0.8222640399330937
2018-05-08,0.8205348041483281
2018-05-09,0.8216869211457607
2018-05-10,0.8275647178763037
2018-05-11,0.8173681614418119
2018-05-14,0.8116296356478973
2018-05-15,0.8129295050357545
2018-05-16,0.8150213168052298
2018-05-17,0.8061947219971664
2018-05-18,0.8083359576879134
2018-05-21,0.82006191548378
2018-05-22,0.8138377656558182
2018-05-23,0.8072675546813595
2018-05-24,0.8029436074608748
2018-05-25,0.7998405149554432
2018-05-28,0.7839007203226382
2018-05-29,0.7805444643117211
2018-05-30,0.7500535590851001
2018-05-31,0.7593730390819229
2018-06-01,0.7520758274786439
2018-06-04,0.7460073708924047
2018-06-05,0.760265945137151
2018-06-06,0.76268486813498
2018-06-07,0.7587192109570476
2018-06-08,0.7406474021398076
2018-06-11,0.7410755285029782
2018-06-12,0.7426429641953701
2018-06-13,0.7343623037841506
2018-06-14,0.730557549807644
2018-06-15,0.7156923195682101
2018-06-19,0.675214751156794
2018-06-20,0.668460677071771
2018-06-21,0.653142214266357
2018-06-22,0.6608452214511541
2018-06-25,0.6536153956219037
2018-06-26,0.6550381635432655
2018-06-27,0.6540777390650312
2018-06-28,0.6484019136886765
2018-06-29,0.6683260767122484
2018-07-02,0.6603831615317413
2018-07-03,0.6621718204504458
2018-07-04,0.6450084804160309
2018-07-05,0.6357959679291347
2018-07-06,0.6373716418051719
2018-07-09,0.6473744833925119
2018-07-10,0.6523214083197268
2018-07-11,0.6351283922413615
2018-07-12,0.6533281799534538
2018-07-13,0.6590543145951828
2018-07-16,0.6541763201374506
2018-07-17,0.6719779183971863
2018-07-18,0.6635441687359337
2018-07-19,0.6577842367156564
2018-07-20,0.6672679026970875
2018-07-23,0.6740081534177995
2018-07-24,0.6951027167779046
2018-07-25,0.6916327148887463
2018-07-26,0.6950055889786633
2018-07-27,0.6872875900530832
2018-07-30,0.670105760190478
2018-07-31,0.6781429050063916
2018-08-01,0.6639406753736853
2018-08-02,0.6428225680134732
2018-08-03,0.6364929891334525
2018-08-06,0.6325886897695931
2018-08-07,0.643421372643912
2018-08-08,0.644606930319659
2018-08-09,0.6564510117160193
2018-08-10,0.6566425102218274
2018-08-13,0.6503154284126131
2018-08-14,0.6508127573605789
2018-08-15,0.6409205521910888
2018-08-16,0.6329072421201289
2018-08-17,0.6268505452432576
2018-08-20,0.6327940658604553
2018-08-21,0.6351353272647318
2018-08-22,0.6298499543346802
2018-08-23,0.630795068866658
2018-08-24,0.6239604139321897
2018-08-27,0.6351636685547912
2018-08-28,0.6490614199109455
2018-08-29,0.6502866122676052
2018-08-30,0.6442632650736895
2018-08-31,0.6396584793813112
2018-09-03,0.6395797608866696
2018-09-04,0.6478797762196999
2018-09-05,0.6404725816925078
2018-09-06,0.6330012506403636
2018-09-07,0.6378970119470592
2018-09-10,0.6883755292906362
2018-09-11,0.7095264238112808
2018-09-12,0.7095592995235931
2018-09-13,0.7424758968577063
2018-09-14,0.7396868950475723
2018-09-17,0.7609604174011946
2018-09-18,0.7956522108968592
2018-09-19,0.786514754473748
2018-09-20,0.7733524087439148
2018-09-21,0.774267311102851
2018-09-25,0.771127267441802
2018-09-26,0.7934627141449045
2018-09-27,0.7753116535956093
2018-09-28,0.8053326109550476
2018-10-08,0.7932854943993097
2018-10-09,0.7910177269516009
2018-10-10,0.8106949352868353
2018-10-11,0.7695734385687801
2018-10-12,0.7821731619905129
2018-10-15,0.7542356801136112
2018-10-16,0.7633084113422826
2018-10-17,0.7626976048859208
2018-10-18,0.7504583506939608
2018-10-19,0.7836291242536069
2018-10-22,0.8117810366054119
2018-10-23,0.8152115065189959
2018-10-24,0.8068714302684943
2018-10-25,0.7987274884793883
2018-10-26,0.7893669181320024
2018-10-29,0.7934039275698651
2018-10-30,0.8054680032410909
2018-10-31,0.8151971293333282
2018-11-01,0.8228766940445794
2018-11-02,0.8668492160276896
2018-11-05,0.8712520485259954
2018-11-06,0.8555769508574089
2018-11-07,0.8469199204282254
2018-11-08,0.8348217538759856
2018-11-09,0.8352039326020008
2018-11-12,0.8567727620076462
2018-11-13,0.8507099379934394
2018-11-14,0.8475624665535225
2018-11-15,0.8501736438494703
2018-11-16,0.852190163501672
2018-11-19,0.850904515422589
2018-11-20,0.8234761980583091
2018-11-21,0.8191499589103428
2018-11-22,0.8176653489748797
2018-11-23,0.7867001394487945
2018-11-26,0.8119951306187728
2018-11-27,0.8090169041271345
2018-11-28,0.8161296660246479
2018-11-29,0.8202912000745062
2018-11-30,0.8330919192886774
2018-12-03,0.8458831129072886
2018-12-04,0.8446345803149735
2018-12-05,0.8449864826786512
2018-12-06,0.8215315300527897
2018-12-07,0.8431471752539962
2018-12-10,0.8564237774393214
2018-12-11,0.8751957523158838
2018-12-12,0.8662054607393277
2018-12-13,0.8803560251919161
2018-12-14,0.8619518391999056
2018-12-17,0.8550353448257052
2018-12-18,0.8487336730099763
2018-12-19,0.8348021678021982
2018-12-20,0.8447954052207481
2018-12-21,0.8373945946304814
2018-12-24,0.8384145871160136
2018-12-25,0.8302243762055355
2018-12-26,0.8557441929652211
2018-12-27,0.8339265238886557
2018-12-28,0.8450491161833248
2019-01-02,0.8219589854416527
2019-01-03,0.8168177029987437
2019-01-04,0.8660725663748482
2019-01-07,0.9321568645377454
2019-01-08,0.924568075031513
2019-01-09,0.9183844930542036
2019-01-10,0.9178511000494036
2019-01-11,0.9160469590919162
2019-01-14,0.9088418713214965
2019-01-15,0.9464799496451534
2019-01-16,0.9297427349275931
2019-01-17,0.920112949494639
2019-01-18,0.9234687052790547
2019-01-21,0.9281936490899758
2019-01-22,0.9192574847237172
2019-01-23,0.9224824862153053
2019-01-24,0.927262684406949
2019-01-25,0.9131538688810497
2019-01-28,0.9222581567871191
2019-01-29,0.9196102303510088
2019-01-30,0.9075655462432001
2019-01-31,0.8921421161983203
2019-02-01,0.9129435962637341
2019-02-11,0.9369487616086845
2019-02-12,0.939880089420574
2019-02-13,0.9501247706411757
2019-02-14,0.9532437666499763
2019-02-15,0.9408573297186347
2019-02-18,0.972119706589126
2019-02-19,0.9581121574438243
2019-02-20,0.9398988616054198
2019-02-21,0.940388193693928
2019-02-22,0.9573303090620259
2019-02-25,0.9948008358462199
2019-02-26,0.9814567263901144
2019-02-27,0.9432571418353399
2019-02-28,0.9506658561283883
2019-03-01,0.9456898834371159
2019-03-04,0.9601708577322391
2019-03-05,0.9730584755297202
2019-03-06,0.9736670174156049
2019-03-07,0.9562961287093525
2019-03-08,0.9254406572242294
2019-03-11,1.0182264845367675
2019-03-12,1.0794625922351266
2019-03-13,1.0496194660612228
2019-03-14,0.9877081196490267
2019-03-15,0.993315378889144
2019-03-18,1.0084009717175964
2019-03-19,1.0104761226163859
2019-03-20,1.000353943354479
2019-03-21,1.0046193275366213
2019-03-22,0.9963104745862461
2019-03-25,0.9695960285148196
2019-03-26,0.9402764393413462
2019-03-27,0.9441905553686963
2019-03-28,0.9316612920953581
2019-03-29,0.951631060447565
2019-04-01,0.9846291109820247
2019-04-02,0.9856011978492952
2019-04-03,0.9905169650439446
2019-04-04,0.999075168637939
2019-04-08,0.9742266980496143
2019-04-09,0.9857819590323172
2019-04-10,0.9751714487836196
2019-04-11,1.010543685676035
2019-04-12,1.0019550049886599
2019-04-15,0.9789946741364649
2019-04-16,0.9814888430769013
2019-04-17,0.9902492705032151
2019-04-18,0.9721608284908212
2019-04-19,0.9786457844320086
2019-04-22,0.9616395662337847
2019-04-23,0.942261001009028
2019-04-24,0.9503453800778742
2019-04-25,0.923612060735573
2019-04-26,0.9231597169110886
2019-04-29,0.9137860039089666
2019-04-30,0.9048781400818227
2019-05-06,0.829037420158779
2019-05-07,0.8368438471927728
2019-05-08,0.8318929576156506
2019-05-09,0.8302214140534764
2019-05-10,0.8509562014782714
2019-05-13,0.8428183926902552
2019-05-14,0.838971323119015
2019-05-15,0.8520004191435778
2019-05-16,0.8671964872757575
2019-05-17,0.8397229119964906
2019-05-20,0.8450823960362673
2019-05-21,0.8535387185689587
2019-05-22,0.8548561886315804
2019-05-23,0.8488063735192398
2019-05-24,0.8391576717372171
2019-05-27,0.8510254980470815
2019-05-28,0.8676383134981688
2019-05-29,0.8577687531414316
2019-05-30,0.8376238935071962
2019-05-31,0.8347910204907352
2019-06-03,0.8139290234611135
2019-06-04,0.8031879809373966
2019-06-05,0.8071165300790787
2019-06-06,0.7992444111288007
2019-06-10,0.8195497683500838
2019-06-11,0.8397789826887612
2019-06-12,0.8315485139230532
2019-06-13,0.8291454249848215
2019-06-14,0.8159327990202221
2019-06-17,0.8251591036237923
2019-06-18,0.821369006071393
2019-06-19,0.8351544482116758
2019-06-20,0.851320874049971
2019-06-21,0.8612612784030207
2019-06-24,0.8594399487103894
2019-06-25,0.8458617478825466
2019-06-26,0.8498812457627799
2019-06-27,0.8545562152949633
2019-06-28,0.8474618069852627
2019-07-01,0.8621894278046318
2019-07-02,0.8622535999922883
2019-07-03,0.8607889186787747
2019-07-04,0.8617505274386243
2019-07-05,0.8677817036115978
2019-07-08,0.8416895542339041
2019-07-09,0.8451685889351954
2019-07-10,0.8447980533927973
2019-07-11,0.8408279231004906
2019-07-12,0.8408980994602576
2019-07-15,0.8464246825243077
2019-07-16,0.856539294603739
2019-07-17,0.8468994054979807
2019-07-18,0.83116750403575
2019-07-19,0.8311709553277588
2019-07-22,0.8198661339515031
2019-07-23,0.8263620090354564
2019-07-24,0.8496259869590792
2019-07-25,0.8538428407478479
2019-07-26,0.8554829614533813
2019-07-29,0.8570869566410538
2019-07-30,0.8566651812283599
2019-07-31,0.8554379509394046
2019-08-01,0.8493812992350837
2019-08-02,0.8301536367319472
2019-08-05,0.8117400432801277
2019-08-06,0.7806553730335647
2019-08-07,0.778868361938355
2019-08-08,0.7788838283393563
2019-08-09,0.7737834484353767
2019-08-12,0.784725327089961
2019-08-13,0.7853677270494656
2019-08-14,0.7873954811661837
2019-08-15,0.7882534383357713
2019-08-16,0.7865932224928309
2019-08-19,0.8091912444537654
2019-08-20,0.8067997492545788
2019-08-21,0.7979660871254841
2019-08-22,0.7946532960561977
2019-08-23,0.7835974216496356
2019-08-26,0.7869907936317564
2019-08-27,0.8088958769145175
2019-08-28,0.8001992265204891
2019-08-29,0.7997606636042692
2019-08-30,0.7931698216085483
2019-09-02,0.8186941946817959
2019-09-03,0.8287264987250081
2019-09-04,0.8459940762849837
2019-09-05,0.8492914426206192
2019-09-06,0.8582340517403045
2019-09-09,0.8660642932335711
2019-09-10,0.8684316133641289
2019-09-11,0.8603889975363828
2019-09-12,0.8602335051321799
2019-09-16,0.8684020961187303
2019-09-17,0.8428030733748727
2019-09-18,0.8521645336212131
2019-09-19,0.8521444959467095
2019-09-20,0.8692279273188741
2019-09-23,0.8594139999209305
2019-09-24,0.8804223101378544
2019-09-25,0.8707141515472637
2019-09-26,0.84788769558737
2019-09-27,0.8434450702266632
2019-09-30,0.8378287873915062
2019-10-08,0.851563741012452
2019-10-09,0.8995626132931313
2019-10-10,0.9200569360223539
2019-10-11,0.9093659431580391
2019-10-14,0.9272659517182803
2019-10-15,0.9374291506151795
2019-10-16,0.9258167968782832
2019-10-17,0.9178289866129192
2019-10-18,0.9029911692652476
2019-10-21,0.8890644803690072
2019-10-22,0.8946292927251598
2019-10-23,0.8819136556217936
2019-10-24,0.8801374209733195
2019-10-25,0.8928018198510849
2019-10-28,0.9077974709735057
2019-10-29,0.887763193800672
2019-10-30,0.8746862214733482
2019-10-31,0.8768957008073028
2019-11-01,0.8809567031959626
2019-11-04,0.8811120584099928
2019-11-05,0.8813712450361071
2019-11-06,0.8820637085579269
2019-11-07,0.8852184337983263
2019-11-08,0.8839434637577545
2019-11-11,0.8637842301801788
2019-11-12,0.8862314660191319
2019-11-13,0.8803198759441212
2019-11-14,0.8903110570220458
2019-11-15,0.8804104165632096
2019-11-18,0.8929087541169838
2019-11-19,0.9053596077207193
2019-11-20,0.895125540460577
2019-11-21,0.8969499575960843
2019-11-22,0.8852202901243844
2019-11-25,0.8908761157343936
2019-11-26,0.8800247792093511
2019-11-27,0.8786353179465092
2019-11-28,0.886464402200726
2019-11-29,0.889972215510099
2019-12-02,0.8903176459382459
2019-12-03,0.8841241757007516
2019-12-04,0.8563202277601257
2019-12-05,0.8601857834223283
2019-12-06,0.8595899503690988
2019-12-09,0.868767086806838
2019-12-10,0.8653334749709616
2019-12-11,0.8656851256828172
2019-12-12,0.8583299861430815
2019-12-13,0.8651882340021742
2019-12-16,0.8862533803152699
2019-12-17,0.908896611477818
2019-12-18,0.9115383139225918
2019-12-19,0.9184190666077915
2019-12-20,0.9014778062874287
2019-12-23,0.8917341214149033
2019-12-24,0.9020847605091299
2019-12-25,0.9060305144970922
2019-12-26,0.9052466006718416
2019-12-27,0.8937958684127847
2019-12-30,0.9051250137392746
2019-12-31,0.8999329142914945
2020-01-02,0.9351611585976308
2020-01-03,0.9309008924122372
2020-01-06,0.9335492661211355
2020-01-07,0.9454578393754972
2020-01-08,0.936762164732016
2020-01-09,0.9402576254172035
2020-01-10,0.9278641289811489
2020-01-13,0.9417582847659479
2020-01-14,0.9371081094183856
2020-01-15,0.9339743498566
2020-01-16,0.9103778308258629
2020-01-17,0.8713364068822663
2020-01-20,0.9063177623155261
2020-01-21,0.8955109698283393
2020-01-22,0.9025367796847528
2020-01-23,0.8720667728647965
2020-02-03,0.7863519706534334
2020-02-04,0.7752208769059498
2020-02-05,0.7887320604976603
2020-02-06,0.7978102504242218
2020-02-07,0.8061853367143595
2020-02-10,0.8386185647769884
2020-02-11,0.8363672276346145
2020-02-12,0.8496005154617963
2020-02-13,0.8357661235842551
2020-02-14,0.8415587260027825
2020-02-17,0.8686396863889568
2020-02-18,0.8738627242002526
2020-02-19,0.8749039164567637
2020-02-20,0.8954636861817621
2020-02-21,0.9128988515320061
2020-02-24,0.913639013483671
2020-02-25,0.8832192598396384
2020-02-26,0.8818840694849217
2020-02-27,0.9519921892440195
2020-02-28,0.9005072473571625
2020-03-02,0.9805917417558686
2020-03-03,0.960714346520046
2020-03-04,0.9623091924787789
2020-03-05,1.037372477519403
2020-03-06,1.0915379916408654
2020-03-09,1.1353191475538833
2020-03-10,1.1646494746412732
2020-03-11,1.1139602439594025
2020-03-12,1.0902995165971805
2020-03-13,1.174744856901017
2020-03-16,1.1192948470587627
2020-03-17,1.1754236112066418
2020-03-18,1.1237634308490752
2020-03-19,1.113149864618747
2020-03-20,1.0844343227276352
2020-03-23,1.049829723397699
2020-03-24,1.0527739172183785
2020-03-25,1.062792767684628
2020-03-26,1.02525598445831
2020-03-27,1.029693591213562
2020-03-30,1.051838645177903
2020-03-31,1.0229533897812448
2020-04-01,1.0216747919011455
2020-04-02,1.0503276944979485
2020-04-03,1.024520289608003
2020-04-07,1.065582062499736
2020-04-08,1.052491035214304
2020-04-09,1.091969459334256
2020-04-10,1.1076675064352333
2020-04-13,1.0998167812353625
2020-04-14,1.1233627105692376
2020-04-15,1.1275240206011379
2020-04-16,1.1992876113697057
2020-04-17,1.1654832608560843
2020-04-20,1.1836507538118721
2020-04-21,1.144330930996552
2020-04-22,1.1548465414837241
2020-04-23,1.1122138023418122
2020-04-24,1.0817355329961496
2020-04-27,1.0941612544839683
2020-04-28,1.0497815389112608
2020-04-29,1.042258753265136
2020-04-30,1.069511574229916
2020-05-06,1.0810177143004245
2020-05-07,1.073511806207728
2020-05-08,1.0801677456016932
2020-05-11,1.1010961342451067
2020-05-12,1.0928149718764957
2020-05-13,1.1179415778115538
2020-05-14,1.1050220613983521
2020-05-15,1.0900006539214575
2020-05-18,1.0718193824471092
2020-05-19,1.073723193298841
2020-05-20,1.0805782140682418
2020-05-21,1.0437492727307387
2020-05-22,1.002337387063321
2020-05-25,0.9837698262914318
2020-05-26,1.0031951050420325
2020-05-27,0.984383627329193
2020-05-28,0.9770683146489575
2020-05-29,0.9724754058148023
2020-06-01,1.006042563865017
2020-06-02,1.0103488318518308
2020-06-03,1.0117087856217102
2020-06-04,0.9965374938348723
2020-06-05,0.9886638868141228
2020-06-08,0.9960819480076385
2020-06-09,0.9989142993478761
2020-06-10,0.9934433254115418
2020-06-11,0.9974121749176159
2020-06-12,1.0197431602591425
2020-06-15,1.0174523837250853
2020-06-16,1.0327351337610748
2020-06-17,1.0207207444813737
2020-06-18,1.0340870036891974
2020-06-19,1.0302749533907565
2020-06-22,1.023164279383834
2020-06-23,1.0219071112700107
2020-06-24,1.0191619327393564
2020-06-29,1.0055537084888675
2020-06-30,1.0091334758108346
2020-07-01,1.0155230637547579
2020-07-02,1.0444138227773876
2020-07-03,1.0524271047135936
2020-07-06,1.0917719492984743
2020-07-07,1.1085163245574152
2020-07-08,1.1358415912513122
2020-07-09,1.150113400036179
2020-07-10,1.138285399624159
2020-07-13,1.1643059293043123
2020-07-14,1.1742558190581087
2020-07-15,1.1446054557739174
2020-07-16,1.099973177958153
2020-07-17,1.087210457376949
2020-07-20,1.158885570856589
2020-07-21,1.1774856816402735
2020-07-22,1.1745465106937263
2020-07-23,1.1503237641961983
2020-07-24,1.09888552021096
2020-07-27,1.0924315340118227
2020-07-28,1.08763912470789
2020-07-29,1.12783370481893
2020-07-30,1.1426677404865735
2020-07-31,1.1454468998909138
2020-08-03,1.162933184143719
2020-08-04,1.1413736549442535
2020-08-05,1.1542826970402211
2020-08-06,1.1417774784342933
2020-08-07,1.1218923871469604
2020-08-10,1.1467148834598564
2020-08-11,1.1163004871089055
2020-08-12,1.0982394295299898
2020-08-13,1.1464725903967137
2020-08-14,1.1489053340691897
2020-08-17,1.1800740641571537
2020-08-18,1.1821049713053606
2020-08-19,1.1798009594238292
2020-08-20,1.161383727405145
2020-08-21,1.157902903216541
2020-08-24,1.166295804137073
2020-08-25,1.161326714659394
2020-08-26,1.1436365305644804
2020-08-27,1.142520413766754
2020-08-28,1.1533657799671455
2020-08-31,1.1330726343759192
2020-09-01,1.1394961666135937
2020-09-02,1.1331542481063717
2020-09-03,1.1183978666287955
2020-09-04,1.0999948751532154
2020-09-07,1.0747560291317901
2020-09-08,1.0802835273396136
2020-09-09,1.0484102985897956
2020-09-10,1.0318589721853928
2020-09-11,1.0351542068574775
2020-09-14,1.0416010605243646
2020-09-15,1.048475209889341
2020-09-16,1.0538982390751865
2020-09-17,1.052562096721146
2020-09-18,1.0620853638073322
2020-09-21,1.0549469879905677
2020-09-22,1.0292780038950369
2020-09-23,1.0290495373147426
2020-09-24,0.999527552869901
2020-09-25,1.011913192686694
2020-09-28,1.008935670722014
2020-09-29,1.0152407189063002
2020-09-30,1.0110691758357113
2020-10-09,1.0428720698945408
2020-10-12,1.0915852417121172
2020-10-13,1.0806714008358822
2020-10-14,1.0858169835934757
2020-10-15,1.0734431055754594
2020-10-16,1.0620961597755547
2020-10-19,1.0613150149689488
2020-10-20,1.064310643773806
2020-10-21,1.0335570078755163
2020-10-22,1.0421856072759599
2020-10-23,1.0307585143889222
2020-10-26,1.0456138776124508
2020-10-27,1.0378411060970534
2020-10-28,1.049339868601785
2020-10-29,1.0441865096118097
2020-10-30,1.0150906600445122
2020-11-02,1.04714360215464
2020-11-03,1.0520110301882946
2020-11-04,1.0462834407344768
2020-11-05,1.0689016480870925
2020-11-06,1.0693273673140469
2020-11-09,1.0936742272708193
2020-11-10,1.0715505119661612
2020-11-11,1.0564320513556542
2020-11-12,1.0645375454542818
2020-11-13,1.0646163301594966
2020-11-16,1.1006877637995671
2020-11-17,1.1035583699308409
2020-11-18,1.107075294781318
2020-11-19,1.1032387857962234
2020-11-20,1.1201617097661924
2020-11-23,1.1536802073324173
2020-11-24,1.1939691201533988
2020-11-25,1.1698789617599967
2020-11-26,1.1482811753251478
2020-11-27,1.1722415775175583
2020-11-30,1.140755708169716
2020-12-01,1.1385667580718024
2020-12-02,1.1190505026447704
2020-12-03,1.1068257965342951
2020-12-04,1.1056941545788128
2020-12-07,1.0894017251390835
2020-12-08,1.0904618768096224
2020-12-09,1.07298693177076
2020-12-10,1.1103699074344566
2020-12-11,1.0834938568816708
2020-12-14,1.0814972234175044
2020-12-15,1.0909003123824523
2020-12-16,1.102566850753706
2020-12-17,1.1075447543628594
2020-12-18,1.1284223299934957
2020-12-21,1.1567721350063278
2020-12-22,1.1506782284001549
2020-12-23,1.1789510069975737
2020-12-24,1.2007199246144025
2020-12-25,1.2081704215931874
2020-12-28,1.1948516461403627
2020-12-29,1.1427440356275018
2020-12-30,1.1377470179748004
2020-12-31,1.1453334987924821
2021-01-04,1.1557445515761364
2021-01-05,1.1644526136154505
2021-01-06,1.1451584463907893
2021-01-07,1.1465266289369485
2021-01-08,1.1534553231207034
2021-01-11,1.1071176655695207
2021-01-12,1.1240724241427067
2021-01-13,1.1488604156954823
2021-01-14,1.1407717985688266
2021-01-15,1.1372863745067974
2021-01-18,1.1871241585127574
2021-01-19,1.1865104246496752
2021-01-20,1.1764676700401648
2021-01-21,1.180517431619939
2021-01-22,1.1991416434576612
2021-01-25,1.1756331987424287
2021-01-26,1.1689731025532728
2021-01-27,1.1800971657765804
2021-01-28,1.1402352220440939
2021-01-29,1.1073975465417145
2021-02-01,1.1106921090310493
2021-02-02,1.1220745900486278
2021-02-03,1.1081828674143643
2021-02-04,1.119842541078357
2021-02-05,1.109989545725829
2021-02-08,1.137931618075153
2021-02-09,1.1725993652116196
2021-02-10,1.1754236910561715
2021-02-18,1.1745026141198531
2021-02-19,1.1933296330093746
2021-02-22,1.1686522159925772
2021-02-23,1.1466663137729598
2021-02-24,1.1354227121386167
2021-02-25,1.110307038460358
2021-02-26,1.1058361059878181
2021-03-01,1.1292404642969631
2021-03-02,1.219191913645415
2021-03-03,1.2064054950497927
2021-03-04,1.1724209841136193
2021-03-05,1.177227700464541
2021-03-08,1.1545556866194955
2021-03-09,1.1167797577364371
2021-03-10,1.108839452181175
2021-03-11,1.127653769255044
2021-03-12,1.1696404828875167
2021-03-15,1.1693076133515217
2021-03-16,1.2223598524867858
2021-03-17,1.2183834451674924
2021-03-18,1.2229391352598658
2021-03-19,1.2191966457319123
2021-03-22,1.2765723533275477
2021-03-23,1.2530269698322642
2021-03-24,1.2356730401334208
2021-03-25,1.2248531713419528
2021-03-26,1.2564808070703755
2021-03-29,1.2645924301652876
2021-03-30,1.2321729927111336
2021-03-31,1.2258490100970325
2021-04-01,1.2273509677356191
2021-04-02,1.2135881711714922
2021-04-06,1.2229926688806843
2021-04-07,1.2106812747760713
2021-04-08,1.2024185740307445
2021-04-09,1.2062689386061705
2021-04-12,1.1915084326780263
2021-04-13,1.1905644251968381
2021-04-14,1.198098713066848
2021-04-15,1.1578537402157691
2021-04-16,1.1660247769027245
2021-04-19,1.1808069430121633
2021-04-20,1.1809095459520484
2021-04-21,1.1785638531349267
2021-04-22,1.1659256858732732
2021-04-23,1.1626954132910223
2021-04-26,1.1453866435815638
2021-04-27,1.1270805896448384
2021-04-28,1.1442853938863473
2021-04-29,1.145359411683348
2021-04-30,1.1315789373915175
2021-05-06,1.1201084147851623
2021-05-07,1.1047673057204592
2021-05-10,1.0992407030729485
2021-05-11,1.1044434669238448
2021-05-12,1.1015832764390008
2021-05-13,1.0904586410739092
2021-05-14,1.1076290946829974
2021-05-17,1.0986803713097772
2021-05-18,1.0990741028657853
2021-05-19,1.0952779229558087
2021-05-20,1.1222104897586
2021-05-21,1.1099466649415495
2021-05-24,1.090450510080454
2021-05-25,1.104254887230119
2021-05-26,1.1180683342499576
2021-05-27,1.1245534235347918
2021-05-28,1.116346891184014
2021-05-31,1.1254395377216673
2021-06-01,1.1095609470981984
2021-06-02,1.105275688297925
2021-06-03,1.090885609059229
2021-06-04,1.1117732176219628
2021-06-07,1.0992595823654974
2021-06-08,1.1249229860329901
2021-06-09,1.1149160810781087
2021-06-10,1.105545645359525
2021-06-11,1.0814726076068428
2021-06-15,1.0631530178108377
2021-06-16,1.0495570214574126
2021-06-17,1.046085551222451
2021-06-18,1.0551486422271532
2021-06-21,1.0564710454551443
2021-06-22,1.0579568155822694
2021-06-23,1.0605082820769847
2021-06-24,1.0881088774322722
2021-06-25,1.0853121953060962
2021-06-28,1.075178467813007
2021-06-29,1.0659257346522557
2021-06-30,1.064453035958528
2021-07-01,1.0548903972438448
2021-07-02,1.0640448944170182
2021-07-05,1.0761188030644493
2021-07-06,1.062891869058786
2021-07-07,1.0791452352201414
2021-07-08,1.0764951871544595
2021-07-09,1.0861643881436394
2021-07-12,1.101937955894539
2021-07-13,1.1127967027550496
2021-07-14,1.1059829231084595
2021-07-15,1.1079418345242185
2021-07-16,1.1032187123022406
2021-07-19,1.105681925125809
2021-07-20,1.1016445278454705
2021-07-21,1.1052596527690475
2021-07-22,1.1026424059598579
2021-07-23,1.1421328456681248
2021-07-26,1.234228824551838
2021-07-27,1.1970984500326152
2021-07-28,1.2140800352415795
2021-07-29,1.2369514955196468
2021-07-30,1.2732426596508803
2021-08-02,1.2742555931991422
2021-08-03,1.325432854013775
2021-08-04,1.3222901269709977
2021-08-05,1.3066721850967287
2021-08-06,1.2901606914193702
2021-08-09,1.3062289069931827
2021-08-10,1.3471331201020569
2021-08-11,1.42017349717493
2021-08-12,1.379331815685469
2021-08-13,1.4202708771106567
2021-08-16,1.3773160231230277
2021-08-17,1.334375240825482
2021-08-18,1.355963086967334
2021-08-19,1.354169899089967
2021-08-20,1.366216290866762
2021-08-23,1.4068457230101756
2021-08-24,1.3771193197567433
2021-08-25,1.431693745169274
2021-08-26,1.4038455796534604
2021-08-27,1.4064160121757943
2021-08-30,1.5032310304942615
2021-08-31,1.5786815133092955
2021-09-01,1.5160751446578518
2021-09-02,1.6679479854992167
2021-09-03,1.653421828181198
2021-09-06,1.5939715993883001
2021-09-07,1.5969151200661165
2021-09-08,1.5815146382985725
2021-09-09,1.5654524624325732
2021-09-10,1.5792296415151579
2021-09-13,1.5598243998914973
2021-09-14,1.51187286761275
2021-09-15,1.611018005976726
2021-09-16,1.5883023883509964
2021-09-17,1.6860722416201488
2021-09-22,1.8285518514965389
2021-09-23,1.789984786048631
2021-09-24,1.7100354831266626
2021-09-27,1.622854220096713
2021-09-28,1.674888099366314
2021-09-29,1.6505282810355641
2021-09-30,1.7819138054038561
2021-10-08,1.7192805509351348
2021-10-11,1.5616742744682213
2021-10-12,1.4696531095521979
2021-10-13,1.4711059555348895
2021-10-14,1.5004148016622194
2021-10-15,1.5142227138978814
2021-10-18,1.5821584138894338
2021-10-19,1.628090085645066
2021-10-20,1.701568876734619
2021-10-21,1.6965269618499408
2021-10-22,1.653719961878645
2021-10-25,1.7547713807942409
2021-10-26,1.7273991514097606
2021-10-27,1.7339481764430416
2021-10-28,1.7116456849226878
2021-10-29,1.7145461061290856
2021-11-01,1.6397667209031774
2021-11-02,1.5763972088670513
2021-11-03,1.589647717527111
2021-11-04,1.6220817238478566
2021-11-05,1.5480319039871835
2021-11-08,1.5562895104419823
2021-11-09,1.5670597396492174
2021-11-10,1.5224689105163272
2021-11-11,1.5158494325595573
2021-11-12,1.6280018341394742
2021-11-15,1.6409315385193703
2021-11-16,1.622521690168492
2021-11-17,1.6904687241149685
2021-11-18,1.7901411960554765
2021-11-19,1.819121272985086
2021-11-22,1.8204172863364414
2021-11-23,1.8660826164662445
2021-11-24,1.8535772640160513
2021-11-25,2.0131814979854465
2021-11-26,2.013152998601339
2021-11-29,2.031706731136779
2021-11-30,1.947455909829444
2021-12-01,1.9449005074623817
2021-12-02,1.9381198484196496
2021-12-03,1.9605395123627198
2021-12-06,1.9250644935845909
2021-12-07,1.9016743371498697
2021-12-08,1.9474798887580993
2021-12-09,1.8544859035260213
2021-12-10,1.836100548199995
2021-12-13,1.9468240064065907
2021-12-14,2.025197538297314
2021-12-15,2.1423857225792236
2021-12-16,2.1111443190884844
2021-12-17,2.097066591918408
2021-12-20,2.0532224650956588
2021-12-21,2.055321785031023
2021-12-22,2.052522753124354
2021-12-23,2.211624142772206
2021-12-24,2.098125067745711
2021-12-27,1.9816830507738246
2021-12-28,1.9809326203857494
2021-12-29,1.9151593420683286
2021-12-30,1.948400554538662
2021-12-31,1.9297797389443663
2022-01-04,1.8532679782177612
2022-01-05,1.794162930478569
2022-01-06,1.831820429847826
2022-01-07,1.8060060157292461
2022-01-10,1.8214431094326793
2022-01-11,1.7925039833215408
2022-01-12,1.911388175872522
2022-01-13,1.9046993889890427
2022-01-14,1.8844814455835432
2022-01-17,1.8942065015687661
2022-01-18,2.001577219722724
2022-01-19,2.0267358337850916
2022-01-20,1.941154000592873
2022-01-21,1.916209709195161
2022-01-24,1.918520078829073
2022-01-25,1.7758893999964847
2022-01-26,1.879873945690277
2022-01-27,1.8184213929610675
2022-01-28,1.7427817762846574
2022-02-07,1.8055702695178728
2022-02-08,1.7678159540835512
2022-02-09,1.7912726919996989
2022-02-10,1.7561419709006891
2022-02-11,1.6541970311367302
2022-02-14,1.6259785167323924
2022-02-15,1.683163950055835
2022-02-16,1.6584072150031979
2022-02-17,1.6855681201507406
2022-02-18,1.6714691276704066
2022-02-21,1.695007179789922
2022-02-22,1.656670530008336
2022-02-23,1.7148752586448133
2022-02-24,1.6698308920720217
2022-02-25,1.690696558170138
2022-02-28,1.7116038349338916
2022-03-01,1.7110064764405584
2022-03-02,1.6952793969071516
2022-03-03,1.6684318290168818
2022-03-04,1.6304056498110777
2022-03-07,1.568362747058316
2022-03-08,1.5434124051909524
2022-03-09,1.5776128084249474
2022-03-10,1.6197952012986607
2022-03-11,1.6094669973898983
2022-03-14,1.5451267335723913
2022-03-15,1.4536505284375796
2022-03-16,1.434196161368173
2022-03-17,1.4883969868150344
2022-03-18,1.4762805573886042
2022-03-21,1.487503526649098
2022-03-22,1.4634779190821074
2022-03-23,1.5407452124996917
2022-03-24,1.509653192911825
2022-03-25,1.4641359900203166
2022-03-28,1.4673197289932303
2022-03-29,1.4373725258330576
2022-03-30,1.558229362382963
2022-03-31,1.5482165989873455
2022-04-01,1.5133987502840573
2022-04-06,1.4952385852426857
2022-04-07,1.4528319460055432
2022-04-08,1.4590119747350327
2022-04-11,1.3461782803401257
2022-04-12,1.385630317829617
2022-04-13,1.3596700933087795
2022-04-14,1.3768304955763953
2022-04-15,1.3674807306748342
2022-04-18,1.416942650398143
2022-04-19,1.3973919453861292
2022-04-20,1.3627946414564596
2022-04-21,1.2987345416062757
2022-04-22,1.2787997420267876
2022-04-25,1.190779692407512
2022-04-26,1.1754863741592452
2022-04-27,1.278249012139443
2022-04-28,1.297000817932997
2022-04-29,1.370380612199195
2022-05-05,1.3633306605929776
2022-05-06,1.3529750230524478
2022-05-09,1.3703803641016363
2022-05-10,1.4042798430503747
2022-05-11,1.41869932374463
2022-05-12,1.4330566963420415
2022-05-13,1.4224293771714696
2022-05-16,1.4206609157883496
2022-05-17,1.4462046990685278
2022-05-18,1.4366381167284423
2022-05-19,1.4630499392728769
2022-05-20,1.531468217453322
2022-05-23,1.5126533916600544
2022-05-24,1.4343208163586267
2022-05-25,1.5363144018124384
2022-05-26,1.5155896801429247
2022-05-27,1.5068375009667716
2022-05-30,1.5664397134865797
2022-05-31,1.5804412834047417
2022-06-01,1.6404545246600102
2022-06-02,1.6291433719107735
2022-06-06,1.6181535019844313
2022-06-07,1.5935864083841131
2022-06-08,1.567944065292673
2022-06-09,1.549018992050063
2022-06-10,1.564127838397498
2022-06-13,1.5671514465905791
2022-06-14,1.539624396122386
2022-06-15,1.5271126632941538
2022-06-16,1.5462353133884508
2022-06-17,1.5868986225045827
2022-06-20,1.5723335302811692
2022-06-21,1.5778655578590288
2022-06-22,1.5640497864555754
2022-06-23,1.619098185691967
2022-06-24,1.6367186756896026
2022-06-27,1.6548406525950967
2022-06-28,1.6639522419287647
2022-06-29,1.5856771824171296
2022-06-30,1.5827357753811353
2022-07-01,1.583644746152403
2022-07-04,1.6352449178387856
2022-07-05,1.6545241416490781
2022-07-06,1.6203706340262987
2022-07-07,1.7165284035513206
2022-07-08,1.689109392234014
2022-07-11,1.714326794128185
2022-07-12,1.73491626181759
2022-07-13,1.7853038209308405
2022-07-14,1.760978115478291
2022-07-15,1.7900115531137466
2022-07-18,1.7942828090711123
2022-07-19,1.7354882441219757
2022-07-20,1.7501667928857074
2022-07-21,1.720221851272546
2022-07-22,1.7340783752721063
2022-07-25,1.6568617713579639
2022-07-26,1.6853388494270651
2022-07-27,1.6976343547470987
2022-07-28,1.672738293629735
2022-07-29,1.7469575193200462
2022-08-01,1.726774723526516
2022-08-02,1.6523979565624882
2022-08-03,1.6781532067562017
2022-08-04,1.755688952585424
2022-08-05,1.710742350731566
2022-08-08,1.736475905773855
2022-08-09,1.7158255028927976
2022-08-10,1.7270185269885363
2022-08-11,1.7506580687146456
2022-08-12,1.7228322201244213
2022-08-15,1.7742406530409223
2022-08-16,1.7779535911950728
2022-08-17,1.8216890460107351
2022-08-18,1.8204777179284726
2022-08-19,1.7818928394324935
2022-08-22,1.7800713268621446
2022-08-23,1.8208600299837119
2022-08-24,1.7388500171322758
2022-08-25,1.7056199882723337
2022-08-26,1.7168073068816878
2022-08-29,1.7413404262958199
2022-08-30,1.691705469491451
2022-08-31,1.6038248239907476
2022-09-01,1.5939491191719717
2022-09-02,1.5733752188109835
2022-09-05,1.5637739964577086
2022-09-06,1.6036504849617863
2022-09-07,1.605497895642945
2022-09-08,1.5865011190389733
2022-09-09,1.5861337284457135
2022-09-13,1.5907508518854878
2022-09-14,1.5471007656143565
2022-09-15,1.4640471831373185
2022-09-16,1.4400467596143103
2022-09-19,1.4345787906973173
2022-09-20,1.4490885777333833
2022-09-21,1.451347877892162
2022-09-22,1.4523670290309552
2022-09-23,1.44304285939272
2022-09-26,1.4187131920084033
2022-09-27,1.4587354188405361
2022-09-28,1.3999403631584084
2022-09-29,1.4147363526938574
2022-09-30,1.3935994509166723
2022-10-10,1.3742441253152986
2022-10-11,1.4110298771605727
2022-10-12,1.4674306155244463
2022-10-13,1.469649329071309
2022-10-14,1.4943601029648164
2022-10-17,1.4910434998358344
2022-10-18,1.500741845983268
2022-10-19,1.4917617688811655
2022-10-20,1.4839407523849
2022-10-21,1.4929139500407989
2022-10-24,1.4745653813685276
2022-10-25,1.4830166621997625
2022-10-26,1.522240838641045
2022-10-27,1.4874351266859518
2022-10-28,1.4376072087887282
2022-10-31,1.4458264643580205
2022-11-01,1.5752434515619642
2022-11-02,1.6012176687070112
2022-11-03,1.6268271611813652
2022-11-04,1.6924665711851423
2022-11-07,1.6890169044563614
2022-11-08,1.6849116229895462
2022-11-09,1.6858804732283137
2022-11-10,1.657011260780238
2022-11-11,1.669712466616516
2022-11-14,1.6416399282919223
2022-11-15,1.660917238847345
2022-11-16,1.6287403234381033
2022-11-17,1.6557746557375286
2022-11-18,1.7157626913104649
2022-11-21,1.7462775827808497
2022-11-22,1.7149889630216795
2022-11-23,1.7425795627445477
2022-11-24,1.7370549577073275
2022-11-25,1.7116780570414378
2022-11-28,1.7083614861867205
2022-11-29,1.7028608284834708
2022-11-30,1.6906977268778702
2022-12-01,1.670128775213965
2022-12-02,1.672959711380474
2022-12-05,1.684584266995599
2022-12-06,1.6708683711658205
2022-12-07,1.6584116745813604
2022-12-08,1.6434853729422134
2022-12-09,1.61955260198841
2022-12-12,1.6176020715757002
2022-12-13,1.5866534421412184
2022-12-14,1.5507714477846177
2022-12-15,1.5821450515186506
2022-12-16,1.5669551654978282
2022-12-19,1.5455891169200413
2022-12-20,1.5391858055753944
2022-12-21,1.5103855759786473
2022-12-22,1.4942582219628837
2022-12-23,1.4935625781439565
2022-12-26,1.5878593706039543
2022-12-27,1.597030795256977
2022-12-28,1.576329057401358
2022-12-29,1.5751351941575202
2022-12-30,1.5556874037798394
2023-01-03,1.6073692783343245
2023-01-04,1.569417079952264
2023-01-05,1.6101499749837254
2023-01-06,1.6271418143065854
2023-01-09,1.6719027026209572
2023-01-10,1.6867930058508342
2023-01-11,1.6692558553989678
2023-01-12,1.69875189328056
2023-01-13,1.683819006007167
2023-01-16,1.7116013738224278
2023-01-17,1.7323784431607525
2023-01-18,1.744427112890986
2023-01-19,1.7200309631085313
2023-01-20,1.7386471458524442
2023-01-30,1.7272647402081243
2023-01-31,1.713213046979345
2023-02-01,1.7176303180319297
2023-02-02,1.700779145124475
2023-02-03,1.6869536757077883
2023-02-06,1.703242649982767
2023-02-07,1.710846395326643
2023-02-08,1.7164472599077387
2023-02-09,1.7397997089659423
2023-02-10,1.725816897520975
2023-02-13,1.7443163047023371
2023-02-14,1.831104290565904
2023-02-15,1.8328637047332879
2023-02-16,1.7649296419080263
2023-02-17,1.7376558026912199
2023-02-20,1.7598061189196894
2023-02-21,1.7711616476807768
2023-02-22,1.755184467196773
2023-02-23,1.7571864637092625
2023-02-24,1.7708434658626808
2023-02-27,1.8251905325899784
2023-02-28,1.8427632787283543
2023-03-01,1.8368846853812824
2023-03-02,1.8121390007316835
2023-03-03,1.8358032519412233
2023-03-06,1.8499034999421093
2023-03-07,1.854054955626831
2023-03-08,1.8300516887302989
2023-03-09,1.8273319113914572
2023-03-10,1.7928861011854913
2023-03-13,1.8207675473081821
2023-03-14,1.7779452364743649
2023-03-15,1.80799049211443
2023-03-16,1.7653747132187825
2023-03-17,1.8378832115382275
2023-03-20,1.8953101875441536
2023-03-21,1.8874163753195867
2023-03-22,1.8699711600846836
2023-03-23,1.8644456291050997
2023-03-24,1.8804121021176565
2023-03-27,1.8753408822973003
2023-03-28,1.8378261444937811
2023-03-29,1.8161281720300955
2023-03-30,1.818817294600176
2023-03-31,1.8187291788848066
2023-04-03,1.837347105285655
2023-04-04,1.7818696065322515
2023-04-06,1.7671418806221646
2023-04-07,1.787667532927165
2023-04-10,1.7669906424543251
2023-04-11,1.7518663238418815
2023-04-12,1.7422812030149326
2023-04-13,1.7578328880591647
2023-04-14,1.7863585482641684
2023-04-17,1.8352370506252103
2023-04-18,1.8508618909894063
2023-04-19,1.8113977096197031
2023-04-20,1.8157018004047139
2023-04-21,1.7645936662537463
2023-04-24,1.8357628309389582
2023-04-25,1.7867501027202926
2023-04-26,1.8450778473703746
2023-04-27,1.8325526487299821
2023-04-28,1.885157771425509
2023-05-04,1.919350621608193
2023-05-05,1.9007891427357726
2023-05-08,1.8930414290216029
2023-05-09,1.8947057484888559
2023-05-10,1.945237966611524
2023-05-11,1.94508510998483
2023-05-12,1.919632904372977
2023-05-15,1.9862922544706874
2023-05-16,1.9650482219549255
2023-05-17,1.9741638956792324
2023-05-18,1.9713585747962
2023-05-19,1.9518756383087457
2023-05-22,1.9358839303091968
2023-05-23,1.8861672510109075
2023-05-24,1.8762872855311388
2023-05-25,1.8850027340649198
2023-05-26,1.8833519372174419
2023-05-29,1.8969345857837632
2023-05-30,1.9601054192302227
2023-05-31,1.965773156262288
2023-06-01,1.9214071428902664
2023-06-02,1.9192843960187618
2023-06-05,1.9151475092045236
2023-06-06,1.892311201323742
2023-06-07,1.8725202535902674
2023-06-08,1.8576565693754252
2023-06-09,1.8878089116082233
2023-06-12,1.8750936620505154
2023-06-13,1.8844066341156256
2023-06-14,1.8553439956508897
2023-06-15,1.9286322200680273
2023-06-16,1.9818590275829049
2023-06-19,1.965227726379886
2023-06-20,1.9517319175869452
2023-06-21,1.9314729964154853
2023-06-26,1.908177764632411
2023-06-27,1.9674588989120372
2023-06-28,1.9776100903476184
2023-06-29,1.9945321442165316
2023-06-30,2.0079460067169643
2023-07-03,1.9808441360964977
2023-07-04,1.9894551005722914
2023-07-05,1.986211291703634
2023-07-06,1.9759023972633596
2023-07-07,1.9821185856050074
2023-07-10,1.9798945417089233
2023-07-11,2.006144800936444
2023-07-12,2.024707929742057
2023-07-13,2.046467882811283
2023-07-14,2.017777707626318
2023-07-17,2.09447995907111
2023-07-18,2.0718185244777696
2023-07-19,2.0692869337700657
2023-07-20,2.034840336666819
2023-07-21,1.9927389804187308
2023-07-24,2.000991850559927
2023-07-25,2.001332318577843
2023-07-26,1.9577096932817568
2023-07-27,1.9500805031155737
2023-07-28,1.9565282411271228
2023-07-31,1.998941416998641
2023-08-01,1.985997182387706
2023-08-02,1.9492135845799055
2023-08-03,1.965866720402924
2023-08-04,1.9888600166502335
2023-08-07,2.0045149011371897
2023-08-08,1.9928490593358807
2023-08-09,1.9714000177695865
2023-08-10,1.9759080156158098
2023-08-11,1.9266255615298473
2023-08-14,1.923490142192696
2023-08-15,1.8407561776996642
2023-08-16,1.8107107246774405
2023-08-17,1.8061707378415695
2023-08-18,1.7901846723144594
2023-08-21,1.78021700234085
2023-08-22,1.8042038769429074
2023-08-23,1.763387129478913
2023-08-24,1.7591510467948797
2023-08-25,1.7438910343509844
2023-08-28,1.7589724185943727
2023-08-29,1.840447134928717
2023-08-30,1.8356431639700663
2023-08-31,1.8202070183919947
2023-09-01,1.8074800659026322
2023-09-04,1.8410387982246685
2023-09-05,1.837347153929289
2023-09-06,1.8318632144106195
2023-09-07,1.8038147098975355
2023-09-08,1.8228146533981353
2023-09-11,1.8731012269834089
2023-09-12,1.8677414716749532
2023-09-13,1.8321423651200135
2023-09-14,1.8274204532566967
2023-09-15,1.8131028293727594
2023-09-18,1.808378076025393
2023-09-19,1.7911891186322009
2023-09-20,1.7640146891295019
2023-09-21,1.7498983300021307
2023-09-22,1.797333842893865
2023-09-25,1.7661763908508827
2023-09-26,1.7533236598912911
2023-09-27,1.7728725930730347
2023-09-28,1.8072723254902885
2023-10-09,1.809774749127256
2023-10-10,1.8008631230180774
2023-10-11,1.7762278868312107
2023-10-12,1.8128841610065876
2023-10-13,1.7508714538298304
2023-10-16,1.7281383593681414
2023-10-17,1.755826477867069
2023-10-18,1.731868325643419
2023-10-19,1.7251392443391074
2023-10-20,1.7208515486648062
2023-10-23,1.6931745447233917
2023-10-24,1.689081436504272
2023-10-25,1.6863212902830131
2023-10-26,1.7148474429090843
2023-10-27,1.750886828680618
2023-10-30,1.7459979232055647
2023-10-31,1.7368210432604525
2023-11-01,1.746735529289278
2023-11-02,1.7221896371694085
2023-11-03,1.7431480899350902
2023-11-06,1.7800302325439634
2023-11-07,1.7825141664660897
2023-11-08,1.7806539695356178
2023-11-09,1.7857812324738709
2023-11-10,1.794610961961665
2023-11-13,1.8018985514297658
2023-11-14,1.787542905086789
2023-11-15,1.8181952544243418
2023-11-16,1.7948460625760372
2023-11-17,1.807543988303703
2023-11-20,1.8557722298577108
2023-11-21,1.8552744890089305
2023-11-22,1.838981491989644
2023-11-23,1.8654726566137256
2023-11-24,1.8469153948804975
2023-11-27,1.8744365296153476
2023-11-28,1.866102020614311
2023-11-29,1.891513158265274
2023-11-30,1.8926574585899418
2023-12-01,1.8865075772705002
2023-12-04,1.8877306730899495
2023-12-05,1.8568399509313196
2023-12-06,1.8530090514565603
2023-12-07,1.8518332241535975
2023-12-08,1.8571408537705008
2023-12-11,1.89060310916402
2023-12-12,1.8787812783324276
2023-12-13,1.8846822458303683
2023-12-14,1.8945951679762052
2023-12-15,1.8754508929422924
2023-12-18,1.8719104159280635
2023-12-19,1.8803559185403764
2023-12-20,1.865627785890339
2023-12-21,1.8579800158859883
2023-12-22,1.87734317428493
2023-12-25,1.8854594358822518
2023-12-26,1.8719606919356808
2023-12-27,1.9010193161197337
2023-12-28,1.9512540016537379
2023-12-29,1.9839977121298022
2024-01-02,1.9819419696677048
2024-01-03,2.018574646320442
2024-01-04,2.01956169556247
2024-01-05,1.9938601535014675
2024-01-08,1.983458856600656
2024-01-09,1.9647243854406051
2024-01-10,1.9348830070298975
2024-01-11,1.9120811995929519
2024-01-12,1.9292284751758841
2024-01-15,1.959697932912603
2024-01-16,1.965993328042225
2024-01-17,1.9334371721457846
2024-01-18,1.9375030822971238
2024-01-19,1.9068627395057578
2024-01-22,1.8545331828086158
2024-01-23,1.8646517400430738
2024-01-24,1.8709963055743952
2024-01-25,1.9579655763472819
2024-01-26,1.9283884928359243
2024-01-29,1.9097428794214644
2024-01-30,1.8901559021087362
2024-01-31,1.8641306057768465
2024-02-01,1.8580710955892692
2024-02-02,1.8167509520167686
2024-02-05,1.7659146398358394
2024-02-06,1.9112598168398929
2024-02-07,2.0234177435220393
2024-02-08,2.0068379307492763
2024-02-19,2.016038163085871
2024-02-20,2.0703163239715194
2024-02-21,2.037382408263767
2024-02-22,2.0468203136827587
2024-02-23,2.050193852581582
2024-02-26,2.075609962597903
2024-02-27,2.083111547195338
2024-02-28,2.0415080686820066
2024-02-29,2.0922710548002255
2024-03-01,2.1251759511954456
2024-03-04,2.186899775052271
2024-03-05,2.217723900366269
2024-03-06,2.259680510572394
2024-03-07,2.2219184538354857
2024-03-08,2.2476187892280377
2024-03-11,2.258470190524225
2024-03-12,2.219797401627834
2024-03-13,2.225646248722716
2024-03-14,2.212957308886732
2024-03-15,2.213004232103888
2024-03-18,2.2899895490380064
2024-03-19,2.2598623505580546
2024-03-20,2.25121238851208
2024-03-21,2.233211489879515
2024-03-22,2.2205838389915504
2024-03-25,2.191009425655662
2024-03-26,2.191696257327233
2024-03-27,2.1414241880611105
2024-03-28,2.171066413816211
2024-03-29,2.2318998800295895
2024-04-01,2.1919808609817046
2024-04-02,2.2039164477274973
2024-04-03,2.1689166658560457
2024-04-08,2.2089506753386847
2024-04-09,2.205306251908204
2024-04-10,2.1813321352664143
2024-04-11,2.3274667347034486
2024-04-12,2.358996194716656
2024-04-15,2.392505470254722
2024-04-16,2.393313496103761
2024-04-17,2.445894597244958
2024-04-18,2.4763010793861118
2024-04-19,2.4645549195001024
2024-04-22,2.4386758437987086
2024-04-23,2.364808196449149
2024-04-24,2.4070460985873128
2024-04-25,2.377561599493179
2024-04-26,2.3057761239007815
2024-04-29,2.295051158552529
2024-04-30,2.2764504914687524
2024-05-06,2.252234827838212
2024-05-07,2.2446439989701554
2024-05-08,2.231944923010183
2024-05-09,2.3113994940712375
2024-05-10,2.3580167434843116
2024-05-13,2.417637962199575
2024-05-14,2.3788533228863806
2024-05-15,2.31481399393765
2024-05-16,2.2785637039299913
2024-05-17,2.2559425650368854
2024-05-20,2.305288761247101
2024-05-21,2.2848807845913446
2024-05-22,2.2379238421634593
2024-05-23,2.2115182657486527
2024-05-24,2.2677595567729476
2024-05-27,2.36942582079622
2024-05-28,2.353194382852294
2024-05-29,2.348638935062594
2024-05-30,2.3607628885678915
2024-05-31,2.298427306692205
2024-06-03,2.3462289731805073
2024-06-04,2.5176603068492414
2024-06-05,2.498473120999887
2024-06-06,2.5214949064924705
2024-06-07,2.5129766232447457
2024-06-11,2.494762911733097
2024-06-12,2.4757039756215944
2024-06-13,2.5520838115232074
2024-06-14,2.5951083084174074
2024-06-17,2.71306356830901
2024-06-18,2.739970932684233
2024-06-19,2.6939211545834887
2024-06-20,2.6825826743646486
2024-06-21,2.6732365769391317
2024-06-24,2.6876690176144105
2024-06-25,2.655438300190229
2024-06-26,2.672714924978008
2024-06-27,2.632213409194219
2024-06-28,2.8101963472222615
2024-07-01,2.825437691272582
2024-07-02,2.7283105087537725
2024-07-03,2.6989424201589194
2024-07-04,2.752392166685084
2024-07-05,2.754496318325358
2024-07-08,2.8117766133503355
2024-07-09,2.907355838663007
2024-07-10,2.844536639843337
2024-07-11,2.8356168248793154
2024-07-12,2.7649497189398655
2024-07-15,2.7048141016404434
2024-07-16,2.693712441364668
2024-07-17,2.609355145605245
2024-07-18,2.676265315311423
2024-07-19,2.6896070188774357
2024-07-22,2.7023929215186593
2024-07-23,2.63648466975553
2024-07-24,2.625947775917575
2024-07-25,2.629631715583416
2024-07-26,2.6984654241401325
2024-07-29,2.7076973677879024
2024-07-30,2.669772734852325
2024-07-31,2.7021535809587816
2024-08-01,2.6973227043639523
2024-08-02,2.6759778048805694
2024-08-05,2.6228617021557215
2024-08-06,2.6201385840352254
2024-08-07,2.7062493739857834
2024-08-08,2.6849736242257767
2024-08-09,2.659274418415599
2024-08-12,2.6482665570222776
2024-08-13,2.6740716699094644
2024-08-14,2.615966316916088
2024-08-15,2.6164452161110554
2024-08-16,2.571187420752386
2024-08-19,2.5685686572963666
2024-08-20,2.536049716779507
2024-08-21,2.528695788362566
2024-08-22,2.581027663349706
2024-08-23,2.554010132005781
2024-08-26,2.552082827337529
2024-08-27,2.503586282854923
2024-08-28,2.503168517990021
2024-08-29,2.539741415337257
2024-08-30,2.59679734538632
2024-09-02,2.5924165940482875
2024-09-03,2.698812218806437
2024-09-04,2.6892369199589665
2024-09-05,2.640361544999752
2024-09-06,2.619458675380104
2024-09-09,2.607025767539624
2024-09-10,2.60803194710332
2024-09-11,2.6373041668605697
2024-09-12,2.6700034715832732
2024-09-13,2.689219187269191
2024-09-18,2.7572251457072836
2024-09-19,2.723450951209201
2024-09-20,2.7225292318215506
2024-09-23,2.7170895554648666
2024-09-24,2.7185168731002527
2024-09-25,2.801608348208589
2024-09-26,2.7706783874515177
2024-09-27,2.8219669534470806
2024-09-30,2.994854838140187
2024-10-08,3.0087310095245035
2024-10-09,2.962291201267158
2024-10-10,2.951299455414795
2024-10-11,2.9031948249142463
2024-10-14,2.9124783640599987
2024-10-15,2.7585000441654577
2024-10-16,2.7771539968794423
2024-10-17,2.7309950745792726
2024-10-18,2.8126240857541327
2024-10-21,2.7518716902365825
2024-10-22,2.8168671157041514
2024-10-23,2.754685264494658
2024-10-24,2.7364628623506553
2024-10-25,2.6813252211853618
2024-10-28,2.7317550242890816
2024-10-29,2.7721777393837503
2024-10-30,2.757493361935827
2024-10-31,2.7099821046242862
2024-11-01,2.7609993861122395
2024-11-04,2.7811390842242005
2024-11-05,2.802611282158459
2024-11-06,2.8006682593715286
2024-11-07,2.827214191139269
2024-11-08,2.856150578008203
2024-11-11,2.789291795240077
2024-11-12,2.7338234191027992
2024-11-13,2.809418087228396
2024-11-14,2.7316152990547597
2024-11-15,2.7062373511173963
2024-11-18,2.6822546477787332
2024-11-19,2.6599100878519826
2024-11-20,2.6517783893243645
2024-11-21,2.6747775470071806
2024-11-22,2.5738042052488876
2024-11-25,2.5184353735343787
2024-11-26,2.5009763160623306
2024-11-27,2.5444189064095943
2024-11-28,2.4733572860964403
2024-11-29,2.4904983840859374
2024-12-02,2.5249751883565437
2024-12-03,2.617011565006438
2024-12-04,2.606842911671448
2024-12-05,2.564882517173556
2024-12-06,2.5780689378086836
2024-12-09,2.5998359693886317
2024-12-10,2.5877170988759337
2024-12-11,2.594236882140064
2024-12-12,2.577477914066973
2024-12-13,2.543424938442311
2024-12-16,2.5481630306396945
2024-12-17,2.591716697687756
2024-12-18,2.612246421870664
2024-12-19,2.647988911058003
2024-12-20,2.6395694366542495
2024-12-23,2.6730911112018982
2024-12-24,2.7192361571585106
2024-12-25,2.6808333288766346
2024-12-26,2.6701180664468493
2024-12-27,2.6855222877625446
2024-12-30,2.6601240648865017
2024-12-31,2.646967799924743
2025-01-02,2.5081712823151525
2025-01-03,2.4648993008969255
2025-01-06,2.46366624335251
2025-01-07,2.4530100546720184
2025-01-08,2.4753332435757605
2025-01-09,2.4490060067907478
2025-01-10,2.4007881387533505
2025-01-13,2.3544265782739355
2025-01-14,2.460691179370846
2025-01-15,2.4214813027228668
2025-01-16,2.466027919991743
2025-01-17,2.485173380626667
2025-01-20,2.503635165818593
2025-01-21,2.523115243365162
2025-01-22,2.535566727397553
2025-01-23,2.4875562290897033
2025-01-24,2.5256606602985765
2025-01-27,2.501081176860391
2025-02-05,2.4312755304639246
2025-02-06,2.409786447235955
2025-02-07,2.424966832028203
2025-02-10,2.399293771833853
2025-02-11,2.379060513533343
2025-02-12,2.4170128075140997
2025-02-13,2.4001363098391537
2025-02-14,2.451054600310448
2025-02-17,2.423219165807763
2025-02-18,2.399103499657507
2025-02-19,2.382872538577968
2025-02-20,2.353629560875959
2025-02-21,2.39929406640936
2025-02-24,2.3835505350343675
2025-02-25,2.312299474999046
2025-02-26,2.32013989950177
2025-02-27,2.3226992264769364
2025-02-28,2.3208778855853462
2025-03-03,2.3447331074946693
2025-03-04,2.3573094680818976
2025-03-05,2.3338373431394563
2025-03-06,2.3390867649041107
2025-03-07,2.315902651828334
2025-03-10,2.292697860321782
2025-03-11,2.2943190039878187
2025-03-12,2.3184493471937304
2025-03-13,2.3242892699826316
2025-03-14,2.350363101182268
2025-03-17,2.336125382461268
2025-03-18,2.355277906868396
2025-03-19,2.3421132914640137
2025-03-20,2.3448911197149593
2025-03-21,2.344700867598089
2025-03-24,2.369536224404678
2025-03-25,2.452960027254362
2025-03-26,2.4335869177693583
2025-03-27,2.418476637026982
2025-03-28,2.4229936707232964
2025-03-31,2.356270259741507
2025-04-01,2.3611580632999214
2025-04-02,2.3583682771588577
2025-04-03,2.3824439819945087
2025-04-07,2.300597024523335
2025-04-08,2.4654910696422143
2025-04-09,2.522818692886411
2025-04-10,2.4772088183671106
2025-04-11,2.3967062883784997
2025-04-14,2.3907122658044857
2025-04-15,2.3808023481171356
2025-04-16,2.361658880343275
2025-04-17,2.3567153826847815
2025-04-18,2.344086151575485
2025-04-21,2.352709491803432
2025-04-22,2.339239643727314
2025-04-23,2.337292555587142
2025-04-24,2.3220980324566503
2025-04-25,2.2761157168203763
2025-04-28,2.252630500257441
2025-04-29,2.236550058117984
2025-04-30,2.2124389582654995
2025-05-06,2.2639171951517745
2025-05-07,2.271416051172151
2025-05-08,2.289823441232526
2025-05-09,2.2767503699552574
2025-05-12,2.2966344778761605
2025-05-13,2.2990843507687817
2025-05-14,2.2946193507976074
2025-05-15,2.2605121681241176
2025-05-16,2.2522797920359037
2025-05-19,2.277833516110888
2025-05-20,2.288903852385328
2025-05-21,2.263226415936409
2025-05-22,2.262578459037757
2025-05-23,2.236103586254124
2025-05-26,2.229747650471971
2025-05-27,2.200702531465406
2025-05-28,2.198266513549916
2025-05-29,2.209134568532745
2025-05-30,2.174878430938509
2025-06-03,2.1548378887169433
2025-06-04,2.1622949052048916
2025-06-05,2.1780782979483226
2025-06-06,2.202104060472152
2025-06-09,2.2100573526843665
2025-06-10,2.179499644310583
2025-06-11,2.1933360052287507
2025-06-12,2.1803001972976865
2025-06-13,2.1520013619215614
2025-06-16,2.1636944089757915
2025-06-17,2.165326900461391
2025-06-18,2.174935799800984
2025-06-19,2.147929471698458
2025-06-20,2.128697795731755
2025-06-23,2.123832460045479
2025-06-24,2.140341816484486
2025-06-25,2.160713596196073
2025-06-26,2.1496829429973467
2025-06-27,2.182312014463482
2025-06-30,2.220075952961016
2025-07-01,2.2002257212282745
2025-07-02,2.202861852770017
2025-07-03,2.18599279338956
2025-07-04,2.1879323540456634
2025-07-07,2.230563993310508
2025-07-08,2.227465500166728
2025-07-09,2.2224321174405146
2025-07-10,2.2090778540787532
2025-07-11,2.2064797169930364
2025-07-14,2.224791280051756
2025-07-15,2.208249623904465
2025-07-16,2.188263802724922
2025-07-17,2.199470420348983
2025-07-18,2.198481988950568
2025-07-21,2.370553326959034
2025-07-22,2.450244133120156
2025-07-23,2.334975519904567
2025-07-24,2.3352355536206524
2025-07-25,2.289713304328612
2025-07-28,2.291528836245217
2025-07-29,2.2917432168458216
2025-07-30,2.2735686108592428
2025-07-31,2.252664341352809
2025-08-01,2.2406151855088674
2025-08-04,2.2541275705862134
2025-08-05,2.2602703090637015
2025-08-06,2.2764713405313266
2025-08-07,2.2866915331152295
2025-08-08,2.2951686716890194
2025-08-11,2.287783110618306
2025-08-12,2.277084057193704
2025-08-13,2.2697600454193876
2025-08-14,2.244416619443779
2025-08-15,2.261826518028948
2025-08-18,2.2788252237048496
2025-08-19,2.278501526803637
2025-08-20,2.2891944580791312
2025-08-21,2.297619518789478
2025-08-22,2.3061088804824745
2025-08-25,2.3274019249414764
2025-08-26,2.3543529277194546
2025-08-27,2.303925426127909
2025-08-28,2.303009476523684
2025-08-29,2.27565957507469
2025-09-01,2.2733843119169204
2025-09-02,2.2386211380770007
2025-09-03,2.2001339428891162
2025-09-04,2.200001566477516
2025-09-05,2.2289252632762993
2025-09-08,2.302269209596415
2025-09-09,2.2870819156312576
2025-09-10,2.270666626162743
2025-09-11,2.2923756115109697
2025-09-12,2.2957024693322707
2025-09-15,2.2794373482015367
2025-09-16,2.2615304118604467
2025-09-17,2.3109685314299937
2025-09-18,2.290427076276232
2025-09-19,2.30371030652968
2025-09-22,2.292151214818002
2025-09-23,2.3274296199622913
2025-09-24,2.3436883735113367
2025-09-25,2.3776273318301366
2025-09-26,2.399058872782924
2025-09-29,2.417538560175607
2025-09-30,2.474441208189652
2025-10-09,2.542679599463499
2025-10-10,2.5905462250567957
2025-10-13,2.57871715479067
2025-10-14,2.547057811851132
2025-10-15,2.576084351004683
2025-10-16,2.570255563073821
2025-10-17,2.4124280500331055
2025-10-20,2.4465651235709354
2025-10-21,2.4983937136658145
2025-10-22,2.419795952067119
2025-10-23,2.4315019499525174
2025-10-24,2.457938032021779
2025-10-27,2.5444254938932205
2025-10-28,2.5056196232675405
2025-10-29,2.6442015126662546
2025-10-30,2.5781578308026383
2025-10-31,2.57872845897563
2025-11-03,2.624826145867118
2025-11-04,2.6166227315981527
2025-11-05,2.719489103121893
2025-11-06,2.795155288805082
2025-11-07,2.7780734146619674
2025-11-10,2.7689282920923928
2025-11-11,2.7799997145852102
2025-11-12,2.662438657816615
2025-11-13,2.693344668860463
2025-11-14,2.6065080956171123
2025-11-17,2.610620937754519
2025-11-18,2.5513973764230213
2025-11-19,2.5455466011910297
2025-11-20,2.520846646206428
2025-11-21,2.414733665008542
2025-11-24,2.4318489960780623
2025-11-25,2.4273110212052176
2025-11-26,2.4047003111836416
2025-11-27,2.397084392598221
2025-11-28,2.4380813490644258
2025-12-01,2.460133801071446
2025-12-02,2.4288959342603316
2025-12-03,2.4108437453460283
2025-12-04,2.418567687051275
2025-12-05,2.4725574587366346
2025-12-08,2.4720694607140627
2025-12-09,2.454083045019625
2025-12-10,2.4584734420840793
2025-12-11,2.4814805079712405
2025-12-12,2.587851479765575
2025-12-15,2.567565753691503
2025-12-16,2.519699211925039
2025-12-17,2.5336100643378514
2025-12-18,2.5112505006278356
2025-12-19,2.537520488477087
2025-12-22,2.5413235807539203
2025-12-23,2.5478284048831132
2025-12-24,2.5492311596917707
2025-12-25,2.5544798735070033
2025-12-26,2.544076599011776
2025-12-29,2.504822429197811
2025-12-30,2.4863885432290562
2025-12-31,2.4799380187907385
2026-01-05,2.5604047592978194
2026-01-06,2.617678030039551
2026-01-07,2.6221233241423163
2026-01-08,2.6440098129706
2026-01-09,2.6666437137088965
2026-01-12,2.6732761928793862
2026-01-13,2.77227569521831
2026-01-14,2.7027667541977887
2026-01-15,2.746236693915606
2026-01-16,2.828532714086245
2026-01-19,3.0865276778853312
2026-01-20,3.1384246681821066
2026-01-21,3.0346732334027307
2026-01-22,2.991371803177558
2026-01-23,3.0034890495799007
2026-01-26,3.0326027093306216
2026-01-27,2.9795452222754872
2026-01-28,2.9890052745145392
2026-01-29,2.921912303566534
2026-01-30,2.894784367273599
2026-02-02,2.9523152420767724
2026-02-03,3.0253249534116815
2026-02-04,3.0049483946036952
2026-02-05,2.8740306373472193
2026-02-06,2.891212193434329
2026-02-09,2.934562124200064
2026-02-10,2.965079065821691
2026-02-11,2.958635240913268
2026-02-12,3.045361882661703
2026-02-13,2.9742011124757712
2026-02-24,3.0921979975597873
2026-02-25,3.096735329956184
2026-02-26,3.138516037561594
2026-02-27,3.1169809012477856
2026-03-02,3.194882301372195
2026-03-03,3.07903970479075
2026-03-04,3.160528067058575
2026-03-05,3.3496945644094294
2026-03-06,3.3777273177016207
2026-03-09,3.446811851311224
2026-03-10,3.3930900018369425
2026-03-11,3.35039631450385
2026-03-12,3.286404481360484
2026-03-13,3.1703763214472223
2026-03-16,3.0821001087894775
2026-03-17,2.9992214060590245
2026-03-18,3.038341869786704
2026-03-19,2.9693108802476784
2026-03-20,2.927748044139806
2026-03-23,2.900266402796928
2026-03-24,2.921080662060419
2026-03-25,2.972060888197801
2026-03-26,2.8871817705111154
2026-03-27,2.9072587842513147
2026-03-30,2.863075159029076
2026-03-31,2.7973360455390877
2026-04-01,2.85321206715499
2026-04-02,2.8090970789754226
2026-04-03,2.772043586658303
2026-04-07,2.7411228059713584
2026-04-08,2.877259163651881
2026-04-09,2.841780871679594
2026-04-10,2.8789541501467473
2026-04-13,2.707343934307024
2026-04-14,2.7113066666960726
2026-04-15,2.7918351408048316
2026-04-16,2.7878178859801763
2026-04-17,2.758561857425717
2026-04-20,2.8613743078738842
2026-04-21,2.842035236979259
2026-04-22,2.8752649759251523
2026-04-23,2.8662373570527615
2026-04-24,2.8429103234362976
2026-04-27,2.835860781044784
2026-04-28,2.780581700598318
2026-04-29,2.8386082079679142
2026-04-30,2.804218585094216
2026-05-06,2.8522467434558254
2026-05-07,2.872222413305476
2026-05-08,2.8380739841918783
2026-05-11,2.924095327905353
2026-05-12,2.9382123213521267
2026-05-13,3.034543161824446
2026-05-14,2.912254132320859
2026-05-15,2.8502016964780093
2026-05-18,2.8647733946692884
2026-05-19,2.945861600843426
2026-05-20,2.8991119969236943
2026-05-21,2.7833013187884115
2026-05-22,2.7963059246213544
2026-05-25,2.873774989174451
2026-05-26,2.7775868862387623
2026-05-27,2.7995085694999453
2026-05-28,2.7956694905606625
2026-05-29,2.7860910402452235
2026-06-01,2.8230056513980557
2026-06-02,2.7473013016024423
2026-06-03,2.686219927496277
2026-06-04,2.5872632227740704
2026-06-05,2.525856761141013
2026-06-08,2.4304005403916156
2026-06-09,2.463194409079164
2026-06-10,2.3988332721636434
2026-06-11,2.3984353079730707
2026-06-12,2.4491488202983143
2026-06-15,2.510766494698051
2026-06-16,2.5252461651412257
2026-06-17,2.505469792030387
2026-06-18,2.4759385300339076
2026-06-22,2.5533416841438874
2026-06-23,2.4592186931858886
2026-06-24,2.4392259629137065
2026-06-25,2.4168026736497015
2026-06-26,2.3628590723995564
2026-06-29,2.405430688337237
2026-06-30,2.411284570911181
2026-07-01,2.371360519782988
2026-07-02,2.357919233286833
2026-07-03,2.3944050149914697
2026-07-06,2.399301484608091
2026-07-07,2.3349319112828937
2026-07-08,2.2928507732263137
2026-07-09,2.2530743609623345
2026-07-10,2.2776569585982442
2026-07-13,2.2518674788613073
2026-07-14,2.2976337516525014
2026-07-15,2.3040388294526757
2026-07-16,2.3058407157633467
2026-07-17,2.3783933970676254
2026-07-20,2.4869117504388583
2026-07-21,2.4962947008553407
2026-07-22,2.5006106444999716
2026-07-23,2.6262169035081206
2026-07-24,2.5020831818986653
2026-07-27,2.5385770136722616
2026-07-28,2.498389671656835
2026-07-29,2.5814036452958047
2026-07-30,2.59926565896706
2026-07-31,2.6013839483786825
2026-08-03,2.7060207404717835
2026-08-04,2.7239899896961393
2026-08-05,2.6872789936768045
2026-08-06,2.629587133704971
2026-08-07,2.624367951231137
2026-08-10,2.6208601659727226
2026-08-11,2.5793748926253364
2026-08-12,2.5914815613021793
2026-08-13,2.5490170664603897
2026-08-14,2.524004968421754
2026-08-17,2.569168734825491
2026-08-18,2.5645380741015114
2026-08-19,2.548425695572034
2026-08-20,2.5016388988896443
2026-08-21,2.5170262341081853
2026-08-24,2.547526871567995
