date,CSI300
2018-01-02,1.0
2018-01-03,1.005869256740226
2018-01-04,1.0101311347066595
2018-01-05,1.0125629984831432
2018-01-08,1.0178010471204189
2018-01-09,1.0249302735235113
2018-01-10,1.0294588246807261
2018-01-11,1.0289156921270246
2018-01-12,1.0336644321573616
2018-01-15,1.0337231491901941
2018-01-16,1.0418530116944758
2018-01-17,1.0393208396535694
2018-01-18,1.0450212849244018
2018-01-19,1.048441552086901
2018-01-22,1.0609678524245243
2018-01-23,1.0722243969271419
2018-01-24,1.0740054802563979
2018-01-25,1.067935606987327
2018-01-26,1.0719038997895973
2018-01-29,1.0525077066105593
2018-01-30,1.0412731809952538
2018-01-31,1.0461173362039438
2018-02-01,1.0387777070998678
2018-02-02,1.0449748006067425
2018-02-05,1.0456891911728725
2018-02-06,1.0150437931203211
2018-02-07,0.9909722562019866
2018-02-08,0.981565298233596
2018-02-09,0.9396315506189754
2018-02-12,0.9517297059255272
2018-02-13,0.9628688163624798
2018-02-14,0.9705338356901698
2018-02-22,0.9915178352987228
2018-02-23,0.9960096883104174
2018-02-26,1.0075891764936145
2018-02-27,0.9930469246954053
2018-02-28,0.9844008416108039
2018-03-01,0.9906272936340951
2018-03-02,0.9826442237118951
2018-03-05,0.9830454567695845
2018-03-06,0.9949014043157018
2018-03-07,0.9875837940989382
2018-03-08,0.9976023878260019
2018-03-09,1.0052527278954837
2018-03-12,1.0098522288007046
2018-03-13,1.0009419190683564
2018-03-14,0.996560160493223
2018-03-15,1.0021431716983902
2018-03-16,0.9924206096785242
2018-03-19,0.99678279590938
2018-03-20,0.9976268532563487
2018-03-21,0.9935533591035867
2018-03-22,0.9835959289523902
2018-03-23,0.9553603757890101
2018-03-26,0.9492317854871066
2018-03-27,0.9573983461369086
2018-03-28,0.9401379850271565
2018-03-29,0.9526960904242305
2018-03-30,0.9537848020746684
2018-04-02,0.9509517052404952
2018-04-03,0.9449723540637079
2018-04-04,0.9431080882712727
2018-04-09,0.9426359054655771
2018-04-10,0.9607990409551304
2018-04-11,0.9635318295248814
2018-04-12,0.9538190536771541
2018-04-13,0.9470910603317512
2018-04-16,0.9318539903116896
2018-04-17,0.9171209081567744
2018-04-18,0.9214366100699711
2018-04-19,0.9325830601360278
2018-04-20,0.9201081372021334
2018-04-23,0.9214488427851446
2018-04-24,0.9403263688408279
2018-04-25,0.9367079316925184
2018-04-26,0.9187967901355384
2018-04-27,0.9191368596173607
2018-05-02,0.9207931692518472
2018-05-03,0.9279737730586681
2018-05-04,0.9234721338748348
2018-05-07,0.9380510838185644
2018-05-08,0.9489357537799089
2018-05-09,0.9472084943974164
2018-05-10,0.952453882663796
2018-05-11,0.9475069726476489
2018-05-14,0.956424622009101
2018-05-15,0.9600479522434799
2018-05-16,0.9524000587170328
2018-05-17,0.9453564613201546
2018-05-18,0.954900425698488
2018-05-21,0.9593482409355579
2018-05-22,0.955671086754416
2018-05-23,0.9430395850663013
2018-05-24,0.936345843323384
2018-05-25,0.9337231491901943
2018-05-28,0.9378235553163381
2018-05-29,0.930667416939864
2018-05-30,0.9109384939081078
2018-05-31,0.9302686304252091
2018-06-01,0.9224910701179234
2018-06-04,0.931540832803249
2018-06-05,0.9407740862161765
2018-06-06,0.938824191417527
2018-06-07,0.9372730831335323
2018-06-08,0.9247002984782502
2018-06-11,0.9247883740274991
2018-06-12,0.9360351323579781
2018-06-13,0.9268336840045016
2018-06-14,0.9231712090815677
2018-06-15,0.9182928022703919
2018-06-19,0.8859225913783823
2018-06-20,0.8894260410040613
2018-06-21,0.8790355727357243
2018-06-22,0.8829329157899888
2018-06-25,0.8710867544160101
2018-06-26,0.8639012575231199
2018-06-27,0.846322845818858
2018-06-28,0.8375813475559035
2018-06-29,0.8589763663942849
2018-07-02,0.8337720800508881
2018-07-03,0.8340950237314675
2018-07-04,0.8229559132945148
2018-07-05,0.8177423300875862
2018-07-06,0.8232910896902677
2018-07-09,0.8463032734745803
2018-07-10,0.8483436903655135
2018-07-11,0.8336668787003964
2018-07-12,0.8516563096344865
2018-07-13,0.8545016391838333
2018-07-16,0.8494617605323678
2018-07-17,0.8439056613005823
2018-07-18,0.8394872045799285
2018-07-19,0.8387581347555904
2018-07-20,0.8545505700445271
2018-07-23,0.8625899104565249
2018-07-24,0.8762807652786613
2018-07-25,0.8753119342369232
2018-07-26,0.8651587806429515
2018-07-27,0.8614840730048441
2018-07-30,0.8599794490385085
2018-07-31,0.860610657141459
2018-08-01,0.8434187992366785
2018-08-02,0.8247198708225277
2018-08-03,0.8110975192053629
2018-08-06,0.8008195919166218
2018-08-07,0.8242085433282771
2018-08-08,0.8109091353916916
2018-08-09,0.8312203356657044
2018-08-10,0.8330527963986887
2018-08-13,0.8294612712237608
2018-08-14,0.8251969467142927
2018-08-15,0.8053970739345305
2018-08-16,0.8016660958066252
2018-08-17,0.7901404315701913
2018-08-20,0.7993467730097372
2018-08-21,0.8138792386358076
2018-08-22,0.8093042031609335
2018-08-23,0.8122596271468415
2018-08-24,0.8135562949552282
2018-08-27,0.8334320105690659
2018-08-28,0.8318662230268631
2018-08-29,0.8285389244996819
2018-08-30,0.8198585898125949
2018-08-31,0.8157997749180408
2018-09-03,0.8126975583500514
2018-09-04,0.8229926114400352
2018-09-05,0.8069041444439007
2018-09-06,0.7982776337035768
2018-09-07,0.8018887312227821
2018-09-10,0.7902505260067525
2018-09-11,0.788816851788423
2018-09-12,0.7833879727944414
2018-09-13,0.7918407789793023
2018-09-14,0.7931912707344523
2018-09-17,0.7840974702745022
2018-09-18,0.7998801193913
2018-09-19,0.8104124871556491
2018-09-20,0.8098375495424964
2018-09-21,0.8343910554386651
2018-09-25,0.8268826148651955
2018-09-26,0.8360424719870821
2018-09-27,0.8327029407447277
2018-09-28,0.8413318980280863
2018-10-08,0.8051328472867838
2018-10-09,0.8045921612761169
2018-10-10,0.8028575622645202
2018-10-11,0.7643269560111563
2018-10-12,0.7757327396388902
2018-10-15,0.7648994470812741
2018-10-16,0.758665655428879
2018-10-17,0.7628932817928267
2018-10-18,0.7448231149385918
2018-10-19,0.7669790086607623
2018-10-22,0.8000856290062142
2018-10-23,0.778839849292949
2018-10-24,0.7800068503204971
2018-10-25,0.7815016881146939
2018-10-26,0.7764446836619856
2018-10-29,0.7527743798013407
2018-10-30,0.7609384939081079
2018-10-31,0.7715956353672261
2018-11-01,0.7772740617507462
2018-11-02,0.8049738219895288
2018-11-05,0.7982678475314381
2018-11-06,0.7934506042961296
2018-11-07,0.7882541468904437
2018-11-08,0.7860180065567353
2018-11-09,0.7749278269804766
2018-11-12,0.7841512942212653
2018-11-13,0.7920389489651123
2018-11-14,0.7841023633605715
2018-11-15,0.7932597739394236
2018-11-16,0.7970029847825023
2018-11-19,0.8060380682096198
2018-11-20,0.7873978568283015
2018-11-21,0.7893746636003327
2018-11-22,0.7864241327004942
2018-11-23,0.7690659098693546
2018-11-26,0.7685178842295836
2018-11-27,0.7675392670157067
2018-11-28,0.7777389049273377
2018-11-29,0.7676395752801292
2018-11-30,0.7762122620736899
2018-12-03,0.7978054508978812
2018-12-04,0.799459313989333
2018-12-05,0.795615794881832
2018-12-06,0.7784092577188433
2018-12-07,0.7783823457454616
2018-12-10,0.7693790673777953
2018-12-11,0.7730635611880413
2018-12-12,0.775703381122474
2018-12-13,0.7877110143367422
2018-12-14,0.7745535058961687
2018-12-17,0.7734011841268287
2018-12-18,0.7653838626021431
2018-12-19,0.7562582570827421
2018-12-20,0.7504575035474874
2018-12-21,0.7411557469295885
2018-12-24,0.7433087048001173
2018-12-25,0.7381905367715419
2018-12-26,0.7344595586436365
2018-12-27,0.7316411410676714
2018-12-28,0.736568478739541
2019-01-02,0.7265107403239223
2019-01-03,0.7253608650976171
2019-01-04,0.7427386602730341
2019-01-07,0.7472476390859716
2019-01-08,0.7456329206830747
2019-01-09,0.7531633801438568
2019-01-10,0.75174683172677
2019-01-11,0.7571512452904047
2019-01-14,0.7505455790967364
2019-01-15,0.7652762147086166
2019-01-16,0.7654376865489064
2019-01-17,0.7612222929001321
2019-01-18,0.7751064246220091
2019-01-21,0.779380535303616
2019-01-22,0.7690267651807996
2019-01-23,0.7684713999119245
2019-01-24,0.7728091207124334
2019-01-25,0.779094289768557
2019-01-28,0.7789254782991634
2019-01-29,0.7814185056515144
2019-01-30,0.7751822674560845
2019-01-31,0.7832925576160885
2019-02-01,0.7944903850858737
2019-02-11,0.8089421147917991
2019-02-12,0.8147820130156089
2019-02-13,0.8310980085139698
2019-02-14,0.8323481920046973
2019-02-15,0.8168273229926114
2019-02-18,0.8430151196359543
2019-02-19,0.8415153887556882
2019-02-20,0.8445295297744286
2019-02-21,0.8422738170964427
2019-02-22,0.8612125067279933
2019-02-25,0.9124333317023047
2019-02-26,0.9014752654499193
2019-02-27,0.8999339433380633
2019-02-28,0.8977271615207711
2019-03-01,0.9173826882614865
2019-03-04,0.9282428927924842
2019-03-05,0.9336032685814943
2019-03-06,0.9414517786367862
2019-03-07,0.9318515437686549
2019-03-08,0.8948426872828693
2019-03-11,0.9125483192249351
2019-03-12,0.9187625385330528
2019-03-13,0.9111391104369526
2019-03-14,0.9048514948377941
2019-03-15,0.9162328130351813
2019-03-18,0.9423472133874835
2019-03-19,0.9379948133287664
2019-03-20,0.9383569016979009
2019-03-21,0.9387116504379311
2019-03-22,0.9379556686402114
2019-03-25,0.9156994666536183
2019-03-26,0.9053285707295591
2019-03-27,0.9158364730635611
2019-03-28,0.912169105054558
2019-03-29,0.9473846454959143
2019-04-01,0.97223907618535
2019-04-02,0.9715931888241914
2019-04-03,0.9840387532416695
2019-04-04,0.9938420511816802
2019-04-08,0.9926187796643343
2019-04-09,0.9970714879874737
2019-04-10,0.9996207858296227
2019-04-11,0.9780251504623966
2019-04-12,0.9758330479033126
2019-04-15,0.9726280765278661
2019-04-16,0.9996061065714146
2019-04-17,0.9999608553114449
2019-04-18,0.9962518960708519
2019-04-19,1.008124969418212
2019-04-22,0.9848828105886382
2019-04-23,0.9832680921857416
2019-04-24,0.9859788618681803
2019-04-25,0.9643832265009542
2019-04-26,0.9515266428536477
2019-04-29,0.9542325194500171
2019-04-30,0.9573836668787004
2019-05-06,0.9014581396486764
2019-05-07,0.910277927288741
2019-05-08,0.897259871801145
2019-05-09,0.880682096198072
2019-05-10,0.9126706463766697
2019-05-13,0.8975705827665509
2019-05-14,0.8918016342907472
2019-05-15,0.9118486079170133
2019-05-16,0.9159759260165387
2019-05-17,0.892684836326271
2019-05-20,0.8851078925478298
2019-05-21,0.897093506874786
2019-05-22,0.8928365219944219
2019-05-23,0.876831237461467
2019-05-24,0.8792655477809854
2019-05-27,0.8898566325781669
2019-05-28,0.8984342124577972
2019-05-29,0.8963913490238292
2019-05-30,0.8908303567059744
2019-05-31,0.8880437441894603
2019-06-03,0.888586876743162
2019-06-04,0.880381171404805
2019-06-05,0.880048441552087
2019-06-06,0.8721143024905808
2019-06-10,0.883383079708372
2019-06-11,0.9099378578069188
2019-06-12,0.9030434995351568
2019-06-13,0.9016465234623476
2019-06-14,0.8941821206635024
2019-06-17,0.8941674414052944
2019-06-18,0.8972990164897
2019-06-19,0.9091207124333317
2019-06-20,0.936663893917894
2019-06-21,0.937989920242697
2019-06-24,0.9397832362871262
2019-06-25,0.9300068503204971
2019-06-26,0.9282991632822821
2019-06-27,0.9382052160297499
2019-06-28,0.9359470568087292
2019-07-01,0.9629128541371043
2019-07-02,0.9632455839898224
2019-07-03,0.9525688701864266
2019-07-04,0.9475705827665508
2019-07-05,0.9524881342662816
2019-07-08,0.9303689386896316
2019-07-09,0.9280055781181191
2019-07-10,0.9264422371189508
2019-07-11,0.9260703625776777
2019-07-12,0.9318221852522386
2019-07-15,0.9356045407838723
2019-07-16,0.9313597886186818
2019-07-17,0.9308215491510495
2019-07-18,0.9219552771933258
2019-07-19,0.9316338014385673
2019-07-22,0.9252042863433967
2019-07-23,0.9272177912609483
2019-07-24,0.9345378480207467
2019-07-25,0.9421808484611245
2019-07-26,0.9440157557371435
2019-07-29,0.9429637422322258
2019-07-30,0.9468904438029065
2019-07-31,0.9383373293536234
2019-08-01,0.9305353036159906
2019-08-02,0.9168273229926114
2019-08-05,0.8992733767186964
2019-08-06,0.8896437833341488
2019-08-07,0.8859984342124577
2019-08-08,0.8977075891764936
2019-08-09,0.8889587512844351
2019-08-12,0.9050007339629104
2019-08-13,0.8968415129422126
2019-08-14,0.9009150070949749
2019-08-15,0.9037529970152175
2019-08-16,0.907799579194598
2019-08-19,0.927506483339042
2019-08-20,0.9266844448793854
2019-08-21,0.9252238586876743
2019-08-22,0.9280985467534374
2019-08-23,0.9347898419533199
2019-08-26,0.9213460879776875
2019-08-27,0.9338332436267553
2019-08-28,0.9303175612859029
2019-08-29,0.9272862944659197
2019-08-30,0.9295860449185301
2019-09-02,0.9415080491265841
2019-09-03,0.9428022703919362
2019-09-04,0.9507266232813035
2019-09-05,0.9603464304937124
2019-09-06,0.9660199637911632
2019-09-09,0.9719993149679502
2019-09-10,0.9686524440964916
2019-09-11,0.9615158780642951
2019-09-12,0.9718598620149729
2019-09-16,0.9682732299261143
2019-09-17,0.9520037187454127
2019-09-18,0.9566178989088417
2019-09-19,0.9601164554484514
2019-09-20,0.9628737094485492
2019-09-23,0.9518667123354699
2019-09-24,0.954416010177619
2019-09-25,0.9470519156431961
2019-09-26,0.9397514312276752
2019-09-27,0.9425674022606058
2019-09-30,0.9332411802123599
2019-10-08,0.9389049273376718
2019-10-09,0.9402652052649605
2019-10-10,0.9479473503938933
2019-10-11,0.9570215785095659
2019-10-14,0.9671771786465723
2019-10-15,0.9630205020306307
2019-10-16,0.9597029896755884
2019-10-17,0.9603219650633654
2019-10-18,0.9466604687576454
2019-10-21,0.9494642070754025
2019-10-22,0.9531438077995792
2019-10-23,0.9470763810735431
2019-10-24,0.9469760728091207
2019-10-25,0.9533664432157362
2019-10-28,0.9606571414591183
2019-10-29,0.9566545970543622
2019-10-30,0.9520061652884474
2019-10-31,0.9509101140089053
2019-11-01,0.9669692224886235
2019-11-04,0.973264177716886
2019-11-05,0.9793046924695405
2019-11-06,0.9749180408083378
2019-11-07,0.9766281743895875
2019-11-08,0.9720139942261584
2019-11-11,0.9548808533542105
2019-11-12,0.9550545579096736
2019-11-13,0.9541468904438029
2019-11-14,0.9555854577482018
2019-11-15,0.948546753437393
2019-11-18,0.956091892156383
2019-11-19,0.9656603219650634
2019-11-20,0.9560747663551402
2019-11-21,0.9516073787737925
2019-11-22,0.9419166218133777
2019-11-25,0.9488207662572784
2019-11-26,0.9521089200959045
2019-11-27,0.9481871116112932
2019-11-28,0.9449283162890836
2019-11-29,0.9367005920634144
2019-12-02,0.9385085873660517
2019-12-03,0.9421857415471938
2019-12-04,0.9418750305817879
2019-12-05,0.949102118706268
2019-12-06,0.9547365073151636
2019-12-09,0.9530386064490873
2019-12-10,0.9542447521651906
2019-12-11,0.9548245828644125
2019-12-12,0.9519547878847189
2019-12-13,0.9708421001125409
2019-12-16,0.9755712677986006
2019-12-17,0.9888437637618046
2019-12-18,0.9866369819445124
2019-12-19,0.9852595782159809
2019-12-20,0.9828375006116358
2019-12-23,0.9705680872926554
2019-12-24,0.9768948475803689
2019-12-25,0.9763835200861183
2019-12-26,0.9849757792239565
2019-12-27,0.9840069481822186
2019-12-30,0.9985883446689827
2019-12-31,1.0022459265058472
2020-01-02,1.0158633850369427
2020-01-03,1.014082301707687
2020-01-06,1.0102510153153594
2020-01-07,1.0178181729216615
2020-01-08,1.0060967852424523
2020-01-09,1.0188310417380242
2020-01-10,1.0185399031168958
2020-01-13,1.0285242452414738
2020-01-14,1.0250746195625582
2020-01-15,1.0194084258942113
2020-01-16,1.0150804912658413
2020-01-17,1.0165019327689975
2020-01-20,1.024081323090473
2020-01-21,1.0065836473063563
2020-01-22,1.0108944561334834
2020-01-23,0.979571365660322
2020-02-03,0.9023731467436512
2020-02-04,0.9261731173851347
2020-02-05,0.9366663404609288
2020-02-06,0.9540979595831091
2020-02-07,0.9541199784704213
2020-02-10,0.9580686989284142
2020-02-11,0.9669863482898664
2020-02-12,0.9748079463717766
2020-02-13,0.9688114693937466
2020-02-14,0.9756153055732251
2020-02-17,0.9975583500513774
2020-02-18,0.9926872828693057
2020-02-19,0.9911704261877966
2020-02-20,1.0140089054166461
2020-02-21,1.0151905857024024
2020-02-24,1.0111170915496404
2020-02-25,1.0089176493614522
2020-02-26,0.9964818711161129
2020-02-27,0.9993834711552576
2020-02-28,0.9639501883838137
2020-03-02,0.9956622791994911
2020-03-03,1.000968831041738
2020-03-04,1.0067646914909234
2020-03-05,1.0291945980329793
2020-03-06,1.0125042814503107
2020-03-09,0.9779150560258355
2020-03-10,0.9988574644027989
2020-03-11,0.9855727357244213
2020-03-12,0.9666071341194891
2020-03-13,0.9530043548466017
2020-03-16,0.9120320986446152
2020-03-17,0.9075891764936145
2020-03-18,0.889626657532906
2020-03-19,0.878086314038264
2020-03-20,0.8937759945197435
2020-03-23,0.8637055340803445
2020-03-24,0.8868987620492245
2020-03-25,0.910730537750159
2020-03-26,0.9047438469442678
2020-03-27,0.9076821451289327
2020-03-30,0.8988868229192152
2020-03-31,0.9018349072760189
2020-04-01,0.8991241375935802
2020-04-02,0.9136688359348242
2020-04-03,0.9084552527278954
2020-04-07,0.9292019376620835
2020-04-08,0.9248764495767481
2020-04-09,0.9279272887410089
2020-04-10,0.9221461075500318
2020-04-13,0.9182512110388023
2020-04-14,0.9359739687821108
2020-04-15,0.9290404658217938
2020-04-16,0.9302686304252091
2020-04-17,0.939347751626951
2020-04-20,0.9427655722464158
2020-04-21,0.9316558203258796
2020-04-22,0.9393208396535695
2020-04-23,0.9369648187111611
2020-04-24,0.9289450506434408
2020-04-27,0.9352571316729461
2020-04-28,0.9417111121984636
2020-04-29,0.9460855311444929
2020-04-30,0.9572295346675148
2020-05-06,0.9630205020306307
2020-05-07,0.9602412291432206
2020-05-08,0.9697166903165826
2020-05-11,0.9688750795126486
2020-05-12,0.9688897587708567
2020-05-13,0.9708494397416451
2020-05-14,0.9603219650633654
2020-05-15,0.9572882517003475
2020-05-18,0.9597568136223515
2020-05-19,0.9679135881000147
2020-05-20,0.9627685080980574
2020-05-21,0.9575255663747125
2020-05-22,0.9355727357244213
2020-05-25,0.9368596173606694
2020-05-26,0.947489846846406
2020-05-27,0.9408450359641827
2020-05-28,0.9435411263884131
2020-05-29,0.9460830846014581
2020-06-01,0.9716054215393649
2020-06-02,0.9745975436707932
2020-06-03,0.9746171160150707
2020-06-04,0.9742599207320056
2020-06-05,0.9789230317561286
2020-06-08,0.9839873758379409
2020-06-09,0.9901233057689485
2020-06-10,0.988332436267554
2020-06-11,0.977609238146499
2020-06-12,0.9793707491314771
2020-06-15,0.9676053236776434
2020-06-16,0.9821818270783383
2020-06-17,0.9829206830748153
2020-06-18,0.9894749718647551
2020-06-19,1.0027670401722366
2020-06-22,1.0035841855458238
2020-06-23,1.0084136614963057
2020-06-24,1.0126217155159758
2020-06-29,1.0054606840534326
2020-06-30,1.0187307334736018
2020-07-01,1.0392376571903899
2020-07-02,1.0607819151538875
2020-07-03,1.0812741596124678
2020-07-06,1.142557616088467
2020-07-07,1.1494177227577433
2020-07-08,1.1679796447619513
2020-07-09,1.1843152126045897
2020-07-10,1.1628737094485493
2020-07-13,1.1872975485638793
2020-07-14,1.1759773939423592
2020-07-15,1.160755003180506
2020-07-16,1.1049199980427655
2020-07-17,1.1118804129764641
2020-07-20,1.1450555365268875
2020-07-21,1.1476831237461467
2020-07-22,1.1534104809903605
2020-07-23,1.1529187258403875
2020-07-24,1.102311983167784
2020-07-27,1.1079047805450897
2020-07-28,1.1176444683661986
2020-07-29,1.1447399324754122
2020-07-30,1.1391471350981062
2020-07-31,1.148664187503058
2020-08-03,1.1673215246856192
2020-08-04,1.168420022508196
2020-08-05,1.1687405196457405
2020-08-06,1.1652297303909576
2020-08-07,1.1518153349317415
2020-08-10,1.1559597788325096
2020-08-11,1.1454176248960217
2020-08-12,1.1370651269755836
2020-08-13,1.134146401135196
2020-08-14,1.1510079757302931
2020-08-17,1.1780667416939863
2020-08-18,1.1774624455644176
2020-08-19,1.1598277633703578
2020-08-20,1.1447741840778978
2020-08-21,1.1544845133825905
2020-08-24,1.1635391691539856
2020-08-25,1.1650315604051475
2020-08-26,1.151374957185497
2020-08-27,1.1575451387189901
2020-08-28,1.185171502666732
2020-08-31,1.178308949454421
2020-09-01,1.1846454959142732
2020-09-02,1.1850785340314136
2020-09-03,1.178524245241474
2020-09-04,1.1670548514948378
2020-09-07,1.142381464989969
2020-09-08,1.1485027156627685
2020-09-09,1.1216396731418505
2020-09-10,1.1210011254097958
2020-09-11,1.1320839653569506
2020-09-14,1.1378993981504135
2020-09-15,1.1470568087292654
2020-09-16,1.139443166805304
2020-09-17,1.1334124382247883
2020-09-18,1.1589494544209034
2020-09-21,1.1477785389244997
2020-09-22,1.1341586338503695
2020-09-23,1.138212555658854
2020-09-24,1.1163747125311934
2020-09-25,1.1180750599403044
2020-09-28,1.120983999608553
2020-09-29,1.1234036306698636
2020-09-30,1.122327151734599
2020-10-09,1.1452610461418018
2020-10-12,1.180006850320497
2020-10-13,1.183931105348143
2020-10-14,1.1760777022067819
2020-10-15,1.1740323922297793
2020-10-16,1.1723051328472869
2020-10-19,1.1634510936047364
2020-10-20,1.1727430640504968
2020-10-21,1.1725864852962764
2020-10-22,1.1689533688897586
2020-10-23,1.1543988843763762
2020-10-26,1.1477320546068404
2020-10-27,1.1496990752067329
2020-10-28,1.1589934921955278
2020-10-29,1.1677154181142047
2020-10-30,1.1487326907080295
2020-11-02,1.154971375446494
2020-11-03,1.1688506140823018
2020-11-04,1.1776826344375397
2020-11-05,1.1951631844204138
2020-11-06,1.1953124235455301
2020-11-09,1.2187087145862896
2020-11-10,1.2119880608699907
2020-11-11,1.2000048930860692
2020-11-12,1.2008758624064197
2020-11-13,1.1882492538043745
2020-11-16,1.199826295444537
2020-11-17,1.1975314380779958
2020-11-18,1.1967681166511719
2020-11-19,1.2056539609531731
2020-11-20,1.209397171796252
2020-11-23,1.22450212849244
2020-11-24,1.216981455203797
2020-11-25,1.2014238880461907
2020-11-26,1.2035988648040319
2020-11-27,1.2185668150902775
2020-11-30,1.2135465087830895
2020-12-01,1.2396878211087734
2020-12-02,1.239697607280912
2020-12-03,1.2372314919019427
2020-12-04,1.2393991290306796
2020-12-07,1.228712629055145
2020-12-08,1.2256887018642657
2020-12-09,1.209252825757205
2020-12-10,1.2087194793756424
2020-12-11,1.1962690218720948
2020-12-14,1.2073298429319372
2020-12-15,1.2098399960855313
2020-12-16,1.211985614326956
2020-12-17,1.2275480745706315
2020-12-18,1.223264177716886
2020-12-21,1.2347311249204873
2020-12-22,1.2146523462347703
2020-12-23,1.2250134559866908
2020-12-24,1.2232764104320595
2020-12-25,1.233549444634731
2020-12-28,1.2390297010324411
2020-12-29,1.2337769731369574
2020-12-30,1.2510911581934725
2020-12-31,1.274964525125997
2021-01-04,1.2887703674707638
2021-01-05,1.3134266281743896
2021-01-06,1.32545628027597
2021-01-07,1.3489406468659784
2021-01-08,1.344480598913735
2021-01-11,1.3312032098644615
2021-01-12,1.3691711112198464
2021-01-13,1.3646743651220825
2021-01-14,1.338371580956109
2021-01-15,1.3353427606791604
2021-01-18,1.3501296667808387
2021-01-19,1.3303126681998336
2021-01-20,1.3398321671478202
2021-01-21,1.361493859176983
2021-01-22,1.3626706463766696
2021-01-25,1.3764055389734304
2021-01-26,1.3487718353965847
2021-01-27,1.3524489895777267
2021-01-28,1.3155404413563636
2021-01-29,1.3093800459950091
2021-02-01,1.3254513871899005
2021-02-02,1.3458653422713707
2021-02-03,1.341977785389245
2021-02-04,1.3392254244752164
2021-02-05,1.341539854186035
2021-02-08,1.3613935509125605
2021-02-09,1.3911655331017272
2021-02-10,1.4208836913441307
2021-02-18,1.4112589910456526
2021-02-19,1.4138180750599403
2021-02-22,1.369410872437246
2021-02-23,1.36509027743798
2021-02-24,1.330324900915007
2021-02-25,1.3381513920829868
2021-02-26,1.3056613005822773
2021-03-01,1.3257278465528208
2021-03-02,1.3088100014679258
2021-03-03,1.3339066399177961
2021-03-04,1.2919484268728287
2021-03-05,1.2875666682976954
2021-03-08,1.2428487547095954
2021-03-09,1.2161765425453834
2021-03-10,1.2241547193815139
2021-03-11,1.2546410921368107
2021-03-12,1.2590840142878112
2021-03-15,1.2319665312912853
2021-03-16,1.2426872828693056
2021-03-17,1.2479473503938934
2021-03-18,1.2579561579488183
2021-03-19,1.2250061163575867
2021-03-22,1.2372535107892546
2021-03-23,1.2255345696530802
2021-03-24,1.2058252189656016
2021-03-25,1.2052527278954837
2021-03-26,1.2325659343347848
2021-03-29,1.2347409110926262
2021-03-30,1.2464476195136271
2021-03-31,1.2351029994617604
2021-04-01,1.2503743210843077
2021-04-02,1.262797866614474
2021-04-06,1.2576063022948574
2021-04-07,1.2486519547878847
2021-04-08,1.2507241767382689
2021-04-09,1.2319176004305916
2021-04-12,1.2104883299897244
2021-04-13,1.2085041835885895
2021-04-14,1.2185325634877917
2021-04-15,1.2107868082399569
2021-04-16,1.214997308802662
2021-04-19,1.2445613348338798
2021-04-20,1.243668346626217
2021-04-21,1.2474286832705386
2021-04-22,1.2451044673875813
2021-04-23,1.256409942750893
2021-04-26,1.2421686157459508
2021-04-27,1.245417624896022
2021-04-28,1.2524440964916572
2021-04-29,1.2634364143465284
2021-04-30,1.2534838772814012
2021-05-06,1.2382247883740274
2021-05-07,1.2223051328472867
2021-05-10,1.2214170377256937
2021-05-11,1.22891324558399
2021-05-12,1.2341708665655429
2021-05-13,1.2215515975926017
2021-05-14,1.2503278367666488
2021-05-17,1.268530116944757
2021-05-18,1.2691686646768117
2021-05-19,1.265418114204629
2021-05-20,1.2688775260556833
2021-05-21,1.2560918921563828
2021-05-24,1.2613372804227627
2021-05-25,1.3011890199148601
2021-05-26,1.3017052404951803
2021-05-27,1.3060209424083769
2021-05-28,1.3018275676469149
2021-05-31,1.304391544747272
2021-06-01,1.3068649997553456
2021-06-02,1.2942139257229535
2021-06-03,1.2857293144786417
2021-06-04,1.2923325341292753
2021-06-07,1.2911948916181435
2021-06-08,1.2800606742672602
2021-06-09,1.281120027401282
2021-06-10,1.2896878211087734
2021-06-11,1.2782453393355189
2021-06-15,1.2640211381318198
2021-06-16,1.2429637422322257
2021-06-17,1.2481993443264667
2021-06-18,1.2483412438224788
2021-06-21,1.245385819836571
2021-06-22,1.2531584870577872
2021-06-23,1.2593311151343152
2021-06-24,1.2614302490580809
2021-06-25,1.2819812105494937
2021-06-28,1.2848656847873954
2021-06-29,1.269887948329011
2021-06-30,1.2780838674952293
2021-07-01,1.2794588246807261
2021-07-02,1.2431178744434115
2021-07-05,1.2442604100406125
2021-07-06,1.2436022899642805
2021-07-07,1.2576430004403776
2021-07-08,1.2448647061701816
2021-07-09,1.240260312178891
2021-07-12,1.2557395899593873
2021-07-13,1.2580368938689632
2021-07-14,1.243597396878211
2021-07-15,1.260326858149435
2021-07-16,1.246457405685766
2021-07-19,1.2510373342467094
2021-07-20,1.249936389881098
2021-07-21,1.2585115232176933
2021-07-22,1.260397807897441
2021-07-23,1.2451020208445465
2021-07-26,1.204995840876841
2021-07-27,1.1624284386162353
2021-07-28,1.1646719185790477
2021-07-29,1.1866394284875472
2021-07-30,1.1770734452219014
2021-08-02,1.207060723198121
2021-08-03,1.2072368742966189
2021-08-04,1.2180970788276166
2021-08-05,1.2107134119489162
2021-08-06,1.2040808337818663
2021-08-09,1.219738709203895
2021-08-10,1.233828350540686
2021-08-11,1.2270245143612075
2021-08-12,1.216751480158536
2021-08-13,1.210055291872584
2021-08-16,1.2088540392425502
2021-08-17,1.1834907276018984
2021-08-18,1.1973968782110878
2021-08-19,1.1895434750697265
2021-08-20,1.1668224299065422
2021-08-23,1.1831188530606254
2021-08-24,1.195965650535793
2021-08-25,1.1983559230806868
2021-08-26,1.1747345500807358
2021-08-27,1.1809561090179577
2021-08-30,1.1775872192591867
2021-08-31,1.1757131672946126
2021-09-01,1.191334344571121
2021-09-02,1.1913221118559474
2021-09-03,1.1848754709595342
2021-09-06,1.2070582766550861
2021-09-07,1.2215173459901159
2021-09-08,1.2164530019083035
2021-09-09,1.215934334784949
2021-09-10,1.2265792435288938
2021-09-13,1.221231100455057
2021-09-14,1.2030043548466016
2021-09-15,1.1908107843616969
2021-09-16,1.1762244947888634
2021-09-17,1.1880266183882173
2021-09-22,1.179666780838675
2021-09-23,1.1873562655967118
2021-09-24,1.186433918872633
2021-09-27,1.1932695601115624
2021-09-28,1.1948500269119733
2021-09-29,1.1826417771688604
2021-09-30,1.1905808093164358
2021-10-08,1.206131036844938
2021-10-11,1.2076601262416204
2021-10-12,1.1948524734550081
2021-10-13,1.2086191711112197
2021-10-14,1.202135832069286
2021-10-15,1.206661936683466
2021-10-18,1.192635905465577
2021-10-19,1.2043646327738906
2021-10-20,1.2012966678083867
2021-10-21,1.2056613005822774
2021-10-22,1.2134192885452855
2021-10-25,1.218260997210941
2021-10-26,1.2142437735479767
2021-10-27,1.1983559230806868
2021-10-28,1.1900327836766649
2021-10-29,1.2009517052404952
2021-11-01,1.196528355433772
2021-11-02,1.1840901306453981
2021-11-03,1.1795053089983851
2021-11-04,1.1911581934726232
2021-11-05,1.184701766404071
2021-11-08,1.1861281009932965
2021-11-09,1.1857757987963007
2021-11-10,1.1795248813426626
2021-11-11,1.1984758036893868
2021-11-12,1.1959607574497235
2021-11-15,1.1944952781719431
2021-11-16,1.194725253217204
2021-11-17,1.1953197631746342
2021-11-18,1.1835445515486618
2021-11-19,1.1963742232225865
2021-11-22,1.2018398003620883
2021-11-23,1.202072221950384
2021-11-24,1.202882027694867
2021-11-25,1.1979351176787199
2021-11-26,1.1890517199197534
2021-11-29,1.1869207809365367
2021-11-30,1.1821769339922688
2021-12-01,1.185068747859275
2021-12-02,1.1880804423349807
2021-12-03,1.199055634388609
2021-12-06,1.1970005382394675
2021-12-07,1.2042129471057397
2021-12-08,1.2222757743308705
2021-12-09,1.2425233644859812
2021-12-10,1.2367568625532122
2021-12-13,1.243773547976709
2021-12-14,1.2354308362284092
2021-12-15,1.2247149777364583
2021-12-16,1.2317683613054753
2021-12-17,1.2122033566570436
2021-12-20,1.1940157557371434
2021-12-21,1.2021064735528697
2021-12-22,1.2023413416842001
2021-12-23,1.210730537750159
2021-12-24,1.204027009835103
2021-12-27,1.203532808142095
2021-12-28,1.2124969418212066
2021-12-29,1.194764397905759
2021-12-30,1.2040686010666928
2021-12-31,1.2086827812301217
2022-01-04,1.203153593971718
2022-01-05,1.1910065078044723
2022-01-06,1.1788007046043938
2022-01-07,1.1798135734207564
2022-01-10,1.1851176787199686
2022-01-11,1.1737950775554142
2022-01-12,1.1854919998042766
2022-01-13,1.1660028379899203
2022-01-14,1.1564148358369621
2022-01-17,1.1663355678426384
2022-01-18,1.1776067916034643
2022-01-19,1.1695405392180849
2022-01-20,1.1800924793267114
2022-01-21,1.1692787591133729
2022-01-24,1.1710965405881488
2022-01-25,1.1446029260654693
2022-01-26,1.1528869207809367
2022-01-27,1.1302735235112786
2022-01-28,1.116545970543622
2022-02-07,1.1337500611635758
2022-02-08,1.127555414199736
2022-02-09,1.1381464989969174
2022-02-10,1.135161716494593
2022-02-11,1.1257523119831676
2022-02-14,1.1135905465577138
2022-02-15,1.1254342613886579
2022-02-16,1.1298111268777218
2022-02-17,1.1325439154474726
2022-02-18,1.1379458824680726
2022-02-21,1.1338038851103391
2022-02-22,1.119085482213632
2022-02-23,1.131049077653276
2022-02-24,1.108117629789108
2022-02-25,1.1189068845720995
2022-02-28,1.1209203894896511
2022-03-01,1.1302270391936193
2022-03-02,1.1201741938640701
2022-03-03,1.1135758672995058
2022-03-04,1.1000709497480061
2022-03-07,1.0649263590546556
2022-03-08,1.0435460194744826
2022-03-09,1.033994715467045
2022-03-10,1.050261780104712
2022-03-11,1.0536086509761708
2022-03-14,1.0213729999510692
2022-03-15,0.9746562607036258
2022-03-16,1.0168028575622645
2022-03-17,1.0367715418114205
2022-03-18,1.0436707931692517
2022-03-21,1.041921514899447
2022-03-22,1.0410774575524784
2022-03-23,1.046269021872095
2022-03-24,1.0401012868816364
2022-03-25,1.02132651563341
2022-03-28,1.0149410383128639
2022-03-29,1.0114351421441503
2022-03-30,1.0407838723883154
2022-03-31,1.0330772618290356
2022-04-01,1.0461809463228458
2022-04-06,1.0431668053041052
2022-04-07,1.0297744287322015
2022-04-08,1.035076087488379
2022-04-11,1.0030997700249547
2022-04-12,1.0226476488721437
2022-04-13,1.0128052062435777
2022-04-14,1.0254856387923863
2022-04-15,1.0247957136566033
2022-04-18,1.0193227968879972
2022-04-19,1.0116210794147869
2022-04-20,0.9959362920193766
2022-04-21,0.9775970054313255
2022-04-22,0.981858883397759
2022-04-25,0.9333341488476782
2022-04-26,0.9258012428438616
2022-04-27,0.9530606253363997
2022-04-28,0.959316435876107
2022-04-29,0.9825903997651317
2022-05-05,0.9811151343152126
2022-05-06,0.9563096344864707
2022-05-09,0.9486323824436071
2022-05-10,0.9590130645398052
2022-05-11,0.9728482654009885
2022-05-12,0.968522777315653
2022-05-13,0.9758281548172432
2022-05-16,0.9679845378480207
2022-05-17,0.9800582277242256
2022-05-18,0.9766379605617262
2022-05-19,0.9785193521554044
2022-05-20,0.9976023878260019
2022-05-23,0.9918236531780594
2022-05-24,0.9686230855800754
2022-05-25,0.9745021284924401
2022-05-26,0.9769144199246464
2022-05-27,0.9789352644713021
2022-05-30,0.9857170817634682
2022-05-31,1.001007975730293
2022-06-01,0.99896755883936
2022-06-02,1.0005308998385283
2022-06-06,1.0192518471399912
2022-06-07,1.0224421392572296
2022-06-08,1.0323946763223566
2022-06-09,1.0215956353672262
2022-06-10,1.0370871458628956
2022-06-13,1.0249425062386848
2022-06-14,1.0330063120810296
2022-06-15,1.0466849341879925
2022-06-16,1.0397954690023
2022-06-17,1.054225179820913
2022-06-20,1.0594583353721192
2022-06-21,1.0582693154572589
2022-06-22,1.0448255614816264
2022-06-23,1.0627489357537798
2022-06-24,1.0751993932573274
2022-06-27,1.087307334736018
2022-06-28,1.0986250428145032
2022-06-29,1.0817047511865732
2022-06-30,1.097276997602388
2022-07-01,1.0928022703919362
2022-07-04,1.0999730880266183
2022-07-05,1.0983852815971034
2022-07-06,1.0823432989186281
2022-07-07,1.0871140578362775
2022-07-08,1.0835200861183147
2022-07-11,1.065376522973039
2022-07-12,1.055345696530802
2022-07-13,1.0572637862700005
2022-07-14,1.0574130253951166
2022-07-15,1.0394211479179918
2022-07-18,1.0502006165288447
2022-07-19,1.044512403973186
2022-07-20,1.0480501052013504
2022-07-21,1.036370308753731
2022-07-22,1.036901208592259
2022-07-25,1.0306405049664824
2022-07-26,1.0387972794441453
2022-07-27,1.0336742183295005
2022-07-28,1.033828350540686
2022-07-29,1.0202329108969028
2022-08-01,1.0247785878553604
2022-08-02,1.0048001174340657
2022-08-03,0.995004159123159
2022-08-04,1.0034594118510545
2022-08-05,1.017005920634144
2022-08-08,1.014843176591476
2022-08-09,1.016854234965993
2022-08-10,1.0054655771395018
2022-08-11,1.0259676077702207
2022-08-12,1.0253828839849293
2022-08-15,1.0240446249449529
2022-08-16,1.0221265352057542
2022-08-17,1.0316974115574693
2022-08-18,1.0226794539315947
2022-08-19,1.0155771395018838
2022-08-22,1.0229975045261046
2022-08-23,1.0180261290796104
2022-08-24,0.9987816215687234
2022-08-25,1.0070558301120516
2022-08-26,1.0049297842149043
2022-08-29,1.0005186671233546
2022-08-30,0.9971595635367225
2022-08-31,0.9979057591623037
2022-09-01,0.9893183931105347
2022-09-02,0.9843935019816998
2022-09-05,0.9823922297793217
2022-09-06,0.9914077408621618
2022-09-07,0.9920683074815286
2022-09-08,0.9878357880315114
2022-09-09,1.0015633409991682
2022-09-13,1.0058007535352547
2022-09-14,0.9946078191515388
2022-09-15,0.9852522385868767
2022-09-16,0.9621470861672456
2022-09-19,0.9610021040270098
2022-09-20,0.9621862308558008
2022-09-21,0.9550643440818124
2022-09-22,0.9466506825855067
2022-09-23,0.9433918872632969
2022-09-26,0.9386602730342026
2022-09-27,0.9522679453931595
2022-09-28,0.9367103782355531
2022-09-29,0.9363262709791065
2022-09-30,0.9308827127269168
2022-10-10,0.9103439839506777
2022-10-11,0.9119954004990948
2022-10-12,0.9258477271615208
2022-10-13,0.9181068649997554
2022-10-14,0.9400768214512892
2022-10-17,0.9410407594069579
2022-10-18,0.9390492733767186
2022-10-19,0.9239443166805305
2022-10-20,0.9186597837255956
2022-10-21,0.9157141459118265
2022-10-24,0.88891960659588
2022-10-25,0.8874712531193423
2022-10-26,0.8946763223565103
2022-10-27,0.8883740274991436
2022-10-28,0.866401624504575
2022-10-31,0.858418554582375
2022-11-01,0.8891153300386554
2022-11-02,0.8997920438420511
2022-11-03,0.8924744336252874
2022-11-04,0.9216543524000587
2022-11-07,0.9236433918872633
2022-11-08,0.9172897196261682
2022-11-09,0.9087121397465381
2022-11-10,0.9017199197533885
2022-11-11,0.9268581494348486
2022-11-14,0.9282233204482067
2022-11-15,0.9458261975828154
2022-11-16,0.9381000146792582
2022-11-17,0.9342516024856876
2022-11-18,0.9300704604393991
2022-11-21,0.9221338748348583
2022-11-22,0.9222415227283848
2022-11-23,0.9232103537701228
2022-11-24,0.9191197338161178
2022-11-25,0.9237608259529285
2022-11-28,0.9133532318833487
2022-11-29,0.9415325145569311
2022-11-30,0.9426628174389587
2022-12-01,0.9528722415227283
2022-12-02,0.947044576014092
2022-12-05,0.9656211772765083
2022-12-06,0.9708372070264716
2022-12-07,0.9684493810246122
2022-12-08,0.9686304252091794
2022-12-09,0.9781866223026863
2022-12-12,0.9672261095072662
2022-12-13,0.9653275921123452
2022-12-14,0.9675808582472966
2022-12-15,0.9668713607672358
2022-12-16,0.9674193864070069
2022-12-19,0.9524930273523511
2022-12-20,0.9367862210696286
2022-12-21,0.9371580956109018
2022-12-22,0.9385012477369478
2022-12-23,0.9365904976268532
2022-12-26,0.9403263688408279
2022-12-27,0.9511792337427215
2022-12-28,0.9471204188481676
2022-12-29,0.9435582521896559
2022-12-30,0.9472109409404511
2023-01-03,0.951191466457895
2023-01-04,0.9524269706904144
2023-01-05,0.9709301756617899
2023-01-06,0.9739418701374957
2023-01-09,0.981827078338308
2023-01-10,0.9828913245583989
2023-01-11,0.9810710965405882
2023-01-12,0.9829891862797866
2023-01-13,0.996814600968831
2023-01-16,1.0123697215834027
2023-01-17,1.0121935704849048
2023-01-18,1.0104981161618634
2023-01-19,1.0167857317610216
2023-01-20,1.0230293095855556
2023-01-30,1.0278783578803152
2023-01-31,1.0169936879189705
2023-02-01,1.026552331555512
2023-02-02,1.0229363409502372
2023-02-03,1.0132676028771346
2023-02-06,0.999872779762196
2023-02-07,1.0016709888926947
2023-02-08,0.9972451925429368
2023-02-09,1.0106326760287712
2023-02-10,1.0046264128786027
2023-02-13,1.0137422322258647
2023-02-14,1.0141630376278319
2023-02-15,1.008878504672897
2023-02-16,1.0014899447081274
2023-02-17,0.9870602338895141
2023-02-20,1.0112761168468953
2023-02-21,1.0139330625825709
2023-02-22,1.0047829916328228
2023-02-23,1.0039756324313744
2023-02-24,0.9935533591035867
2023-02-27,0.9893428585408818
2023-02-28,0.9956109017957626
2023-03-01,1.009673631159172
2023-03-02,1.0074228115672554
2023-03-03,1.010556833194696
2023-03-06,1.0052869794979693
2023-03-07,0.9905685766012624
2023-03-08,0.9869623721681264
2023-03-09,0.9834736018006557
2023-03-10,0.9705778734647942
2023-03-13,0.9807432597739394
2023-03-14,0.9748740030337133
2023-03-15,0.9754122425013456
2023-03-16,0.9637299995106914
2023-03-17,0.9685423496599306
2023-03-20,0.9637128737094485
2023-03-21,0.9743064050496648
2023-03-22,0.9784802074668494
2023-03-23,0.988180750599403
2023-03-24,0.9852351127856339
2023-03-27,0.9816704995840877
2023-03-28,0.9784973332680922
2023-03-29,0.980119391300093
2023-03-30,0.9880437441894603
2023-03-31,0.9910774575524783
2023-04-03,1.0007755541419974
2023-04-04,1.003843519107501
2023-04-06,1.0022606057640555
2023-04-07,1.0087781964084748
2023-04-10,1.0042594314233988
2023-04-11,1.0031193423692322
2023-04-12,1.0024196310613103
2023-04-13,0.9954934677300974
2023-04-14,1.0011254097959583
2023-04-17,1.0151636737290208
2023-04-18,1.0182585506679063
2023-04-19,1.0090913539169155
2023-04-20,1.006268043254881
2023-04-21,0.9865856045407839
2023-04-24,0.9743700151685668
2023-04-25,0.969484268728287
2023-04-26,0.9686426579243529
2023-04-27,0.9757841170426188
2023-04-28,0.9857342075647111
2023-05-04,0.9860180065567353
2023-05-05,0.9827469785193521
2023-05-08,0.993947252532172
2023-05-09,0.9854381758575134
2023-05-10,0.9778514459069334
2023-05-11,0.9763321426823898
2023-05-12,0.9633899300288692
2023-05-15,0.9783456475999412
2023-05-16,0.9732861966041982
2023-05-17,0.9688726329696139
2023-05-18,0.9678695503253902
2023-05-19,0.9650486862063904
2023-05-22,0.9711136663893918
2023-05-23,0.957378773792631
2023-05-24,0.9441429759749475
2023-05-25,0.9420413955081469
2023-05-26,0.9421514899447081
2023-05-29,0.937989920242697
2023-05-30,0.9389220531389147
2023-05-31,0.9293291578998875
2023-06-01,0.9313671282477858
2023-06-02,0.944813328766453
2023-06-05,0.9405123061114645
2023-06-06,0.9316827322992611
2023-06-07,0.9270783383079708
2023-06-08,0.9346259235699956
2023-06-09,0.938665166120272
2023-06-12,0.9405563438860889
2023-06-13,0.9455668640211381
2023-06-14,0.9453491216910506
2023-06-15,0.9603904682683368
2023-06-16,0.969650633654646
2023-06-19,0.9617140480501052
2023-06-20,0.9600822038459655
2023-06-21,0.9453515682340853
2023-06-26,0.9320594999266036
2023-06-27,0.9408009981895581
2023-06-28,0.9396682487644958
2023-06-29,0.9350296031707198
2023-06-30,0.9400719283652199
2023-07-03,0.9524098448891716
2023-07-04,0.9539095757694378
2023-07-05,0.946521015804668
2023-07-06,0.9401453246562607
2023-07-07,0.9359739687821108
2023-07-10,0.940531878455742
2023-07-11,0.946687380731027
2023-07-12,0.9403141361256544
2023-07-13,0.9537652297303909
2023-07-14,0.9539315946567499
2023-07-17,0.9461197827469785
2023-07-18,0.9431276606155502
2023-07-19,0.9421319176004306
2023-07-20,0.9354822136321378
2023-07-21,0.9350467289719626
2023-07-24,0.9309634486470616
2023-07-25,0.9578509565983265
2023-07-26,0.9558668101971914
2023-07-27,0.9547267211430248
2023-07-28,0.9768410236336056
2023-07-31,0.9821965063365464
2023-08-01,0.9781279052698537
2023-08-02,0.9712531193423692
2023-08-03,0.9798355923080687
2023-08-04,0.9836521994421882
2023-08-07,0.9762073689876205
2023-08-08,0.9736580711454714
2023-08-09,0.970683074815286
2023-08-10,0.9726770073885599
2023-08-11,0.9502984782502324
2023-08-14,0.9433649752899153
2023-08-15,0.941072564466409
2023-08-16,0.9341708665655428
2023-08-17,0.9372951020208445
2023-08-18,0.9257718843274453
2023-08-21,0.9124529040465822
2023-08-22,0.9194671429270441
2023-08-23,0.9043964378333414
2023-08-24,0.910953173166316
2023-08-25,0.9074595097127759
2023-08-28,0.9180946322845819
2023-08-29,0.9272667221216422
2023-08-30,0.9268752752360915
2023-08-31,0.9211895092234672
2023-09-01,0.9276043450604295
2023-09-04,0.9416621813377697
2023-09-05,0.9346577286294466
2023-09-06,0.932629544453687
2023-09-07,0.9195258599598767
2023-09-08,0.9150046484317659
2023-09-11,0.9217448744923423
2023-09-12,0.9200469736262661
2023-09-13,0.9141875030581788
2023-09-14,0.9134192885452855
2023-09-15,0.9073689876204922
2023-09-18,0.9120002935851641
2023-09-19,0.9102363360571513
2023-09-20,0.9066130058227724
2023-09-21,0.8984782502324216
2023-09-22,0.9147453148700885
2023-09-25,0.908792875666683
2023-09-26,0.9034814307383666
2023-09-27,0.9053432499877673
2023-09-28,0.9026569457356755
2023-10-09,0.901485051622058
2023-10-10,0.8947325928463081
2023-10-11,0.8972818906884572
2023-10-12,0.9058032000782894
2023-10-13,0.8962690218720947
2023-10-16,0.8872632969613935
2023-10-17,0.8903948720457993
2023-10-18,0.883343935019817
2023-10-19,0.8644957674805499
2023-10-20,0.8588809512159319
2023-10-23,0.8499877672848265
2023-10-24,0.8531413612565445
2023-10-25,0.8573812203356657
2023-10-26,0.8597494739932475
2023-10-27,0.8715540441356363
2023-10-30,0.8767847531438078
2023-10-31,0.8740299456867446
2023-11-01,0.8736678573176102
2023-11-02,0.8695478788471889
2023-11-03,0.8768752752360913
2023-11-06,0.8887336693252434
2023-11-07,0.8855898615256643
2023-11-08,0.883463815628517
2023-11-09,0.8838944072026227
2023-11-10,0.877450212849244
2023-11-13,0.875718060380682
2023-11-14,0.8763663942848754
2023-11-15,0.8825292361892646
2023-11-16,0.8739932475412243
2023-11-17,0.8729436805793415
2023-11-20,0.8749620785829623
2023-11-21,0.876124186524441
2023-11-22,0.8671576063022949
2023-11-23,0.8713411948916181
2023-11-24,0.8655893722170573
2023-11-27,0.8592112345256153
2023-11-28,0.8608210598424426
2023-11-29,0.8534300533346382
2023-11-30,0.85536037578901
2023-12-01,0.8521015804668004
2023-12-04,0.8465381416059108
2023-12-05,0.8304203160933601
2023-12-06,0.8317267700738855
2023-12-07,0.8296912462690219
2023-12-08,0.8316925184713999
2023-12-11,0.8365831579977491
2023-12-12,0.8383813671282478
2023-12-13,0.8243895875128444
2023-12-14,0.820071439056613
2023-12-15,0.8175245877574987
2023-12-18,0.8145446983412438
2023-12-19,0.815687233938445
2023-12-20,0.8067475656896804
2023-12-21,0.8149116797964476
2023-12-22,0.8164676811665117
2023-12-25,0.8189680481479669
2023-12-26,0.8134241816313549
2023-12-27,0.8162548319224935
2023-12-28,0.8353819053677154
2023-12-29,0.8394358271762
2024-01-02,0.8284851005529187
2024-01-03,0.8265156334099917
2024-01-04,0.8188701864265793
2024-01-05,0.8144810882223419
2024-01-08,0.8039487204579928
2024-01-09,0.8055242941723345
2024-01-10,0.8017639575280129
2024-01-11,0.8062998483143319
2024-01-12,0.8034863238244361
2024-01-15,0.8026911973381612
2024-01-16,0.8075744972354064
2024-01-17,0.7900083182463179
2024-01-18,0.8011767871996869
2024-01-19,0.7999657483975143
2024-01-22,0.7875177374370015
2024-01-23,0.7907055830112051
2024-01-24,0.8017590644419436
2024-01-25,0.8178597641532515
2024-01-26,0.8156334099916818
2024-01-29,0.8083280324900914
2024-01-30,0.7939130009296863
2024-01-31,0.7866492146596858
2024-02-01,0.7872265988158732
2024-02-02,0.7779101629397661
2024-02-05,0.7829965259088907
2024-02-06,0.8102192102559084
2024-02-07,0.8180334687087146
2024-02-08,0.8232446053726085
2024-02-19,0.8327567646914908
2024-02-20,0.834479130987914
2024-02-21,0.8457381220335666
2024-02-22,0.8530288202769487
2024-02-23,0.853779908988599
2024-02-26,0.8448793854283897
2024-02-27,0.8550154132211185
2024-02-28,0.8441209570876352
2024-02-29,0.8602241033419777
2024-03-01,0.8655379948133288
2024-03-04,0.8662890835249791
2024-03-05,0.8723173655624603
2024-03-06,0.8687796643342957
2024-03-07,0.8635611880412976
2024-03-08,0.8672774869109947
2024-03-11,0.8781279052698537
2024-03-12,0.8801414101874051
2024-03-13,0.8739932475412243
2024-03-14,0.8715124529040466
2024-03-15,0.8734134168420021
2024-03-18,0.8816191221803592
2024-03-19,0.8752825757205069
2024-03-20,0.8771786465723932
2024-03-21,0.8761290796105103
2024-03-22,0.867299505798307
2024-03-25,0.8625923569995596
2024-03-26,0.8669936879189705
2024-03-27,0.8569726476488722
2024-03-28,0.8614180163429075
2024-03-29,0.8654597054362186
2024-04-01,0.8796912462690218
2024-04-02,0.8760287713460879
2024-04-03,0.8728776239174048
2024-04-08,0.8651979253315065
2024-04-09,0.8644835347653764
2024-04-10,0.857442383911533
2024-04-11,0.8573273963889024
2024-04-12,0.8503792141703773
2024-04-15,0.8682976953564613
2024-04-16,0.8590081714537359
2024-04-17,0.8722904535890786
2024-04-18,0.8733669325243432
2024-04-19,0.8664823604247198
2024-04-22,0.8638498801193913
2024-04-23,0.8578118119097714
2024-04-24,0.8615794881831971
2024-04-25,0.8636981944512404
2024-04-26,0.8769070802955424
2024-04-29,0.8866051768850614
2024-04-30,0.8818295248813426
2024-05-06,0.8949160835739101
2024-05-07,0.8951925429368303
2024-05-08,0.8881489455399519
2024-05-09,0.8965503743210843
2024-05-10,0.8969711797230514
2024-05-13,0.8965821793805353
2024-05-14,0.8947130205020306
2024-05-15,0.8871311836375202
2024-05-16,0.8906297401771297
2024-05-17,0.8998311885306062
2024-05-20,0.9030092479326711
2024-05-21,0.899388364241327
2024-05-22,0.9014165484170866
2024-05-23,0.8909795958310907
2024-05-24,0.8811175808582473
2024-05-27,0.8894920976659979
2024-05-28,0.8829989724519254
2024-05-29,0.8840632186720164
2024-05-30,0.8793634095023731
2024-05-31,0.8758428340754514
2024-06-03,0.8780031315750844
2024-06-04,0.8845892254244753
2024-06-05,0.8794808435680384
2024-06-06,0.8788594216372266
2024-06-07,0.8744213925722953
2024-06-11,0.8667808386749523
2024-06-12,0.867084210011254
2024-06-13,0.8626828790918433
2024-06-14,0.8664505553652689
2024-06-17,0.865146547927778
2024-06-18,0.8674438518373538
2024-06-19,0.8633238733669325
2024-06-20,0.8570925282575721
2024-06-21,0.855218476292998
2024-06-24,0.8506165288447424
2024-06-25,0.8459901159661398
2024-06-26,0.8514605861917112
2024-06-27,0.8450653226990262
2024-06-28,0.846910016147184
2024-07-01,0.8509517052404951
2024-07-02,0.849388364241327
2024-07-03,0.8473381611782551
2024-07-04,0.8430322454371972
2024-07-05,0.8394235944610265
2024-07-08,0.8322552233693791
2024-07-09,0.841564319616382
2024-07-10,0.8389122669667759
2024-07-11,0.8485027156627685
2024-07-12,0.8495376033664432
2024-07-15,0.8504795224347996
2024-07-16,0.8558692567402261
2024-07-17,0.8566766159416743
2024-07-18,0.8614106767138033
2024-07-19,0.8658364730635612
2024-07-22,0.8599403043499535
2024-07-23,0.8415814454176249
2024-07-24,0.8362700004893086
2024-07-25,0.8316460341537407
2024-07-26,0.8340974702745021
2024-07-29,0.8295591329451484
2024-07-30,0.8243333170230465
2024-07-31,0.8421196848852571
2024-08-01,0.8365391202231247
2024-08-02,0.828005578118119
2024-08-05,0.8179576258746392
2024-08-06,0.8178744434114595
2024-08-07,0.8175099084992904
2024-08-08,0.8178646572393208
2024-08-09,0.8150976170670842
2024-08-12,0.813685961736067
2024-08-13,0.8157728629446591
2024-08-14,0.8096198072124088
2024-08-15,0.8176224494788863
2024-08-16,0.818522777315653
2024-08-19,0.8212971571169936
2024-08-20,0.8153593971717962
2024-08-21,0.8126535205754268
2024-08-22,0.8105739589959386
2024-08-23,0.814011351959681
2024-08-26,0.8132847286783774
2024-08-27,0.8086632088858443
2024-08-28,0.8040563683515193
2024-08-29,0.8018985173949209
2024-08-30,0.8126021431716983
2024-09-02,0.7987987473699663
2024-09-03,0.8008587366051768
2024-09-04,0.795654939570387
2024-09-05,0.7970250036698145
2024-09-06,0.790563683515193
2024-09-09,0.7811689582619757
2024-09-10,0.7818564368547243
2024-09-11,0.7795004159123159
2024-09-12,0.7761584381269265
2024-09-13,0.7729241082350639
2024-09-18,0.7758012428438616
2024-09-19,0.7819249400596956
2024-09-20,0.7831506581200763
2024-09-23,0.7860155600137007
2024-09-24,0.8200592063414395
2024-09-25,0.8321989528795812
2024-09-26,0.8673777951754171
2024-09-27,0.9061212506727992
2024-09-30,0.9829842931937173
2024-10-08,1.0412731809952538
2024-10-09,0.967847531438078
2024-10-10,0.9780765278661251
2024-10-11,0.9510128688163625
2024-10-14,0.9691588785046729
2024-10-15,0.9433845476341928
2024-10-16,0.9374149826295445
2024-10-17,0.9268043254880852
2024-10-18,0.9603244116064001
2024-10-21,0.962763615011988
2024-10-22,0.9682879091843226
2024-10-23,0.9720629250868522
2024-10-24,0.9612051670988893
2024-10-25,0.9679551793316045
2024-10-28,0.969848803640456
2024-10-29,0.9601825121103881
2024-10-30,0.9515706806282722
2024-10-31,0.9519596809707882
2024-11-01,0.9517101335812497
2024-11-04,0.9651025101531536
2024-11-05,0.9895214561824143
2024-11-06,0.9845574203650242
2024-11-07,1.014263345892254
2024-11-08,1.0040734941527623
2024-11-11,1.010698732690708
2024-11-12,0.9995938738562411
2024-11-13,1.0057469295884915
2024-11-14,0.9883104173802417
2024-11-15,0.9709913392376571
2024-11-18,0.9664774673386505
2024-11-19,0.9729632529236188
2024-11-20,0.9751357831384254
2024-11-21,0.9759994128296717
2024-11-22,0.9457601409208787
2024-11-25,0.9414517786367862
2024-11-26,0.9395165630963448
2024-11-27,0.9558741498262954
2024-11-28,0.9474360228996428
2024-11-29,0.9582081518813915
2024-12-02,0.9658046680041102
2024-12-03,0.966846895336889
2024-12-04,0.961628419043891
2024-12-05,0.9594338699417723
2024-12-06,0.9720457992856094
2024-12-09,0.9704384205118168
2024-12-10,0.9775505211136664
2024-12-11,0.9758844253070411
2024-12-12,0.9855898615256642
2024-12-13,0.9622694133189802
2024-12-16,0.9570484904829476
2024-12-17,0.9595415178352987
2024-12-18,0.9644003523021969
2024-12-19,0.965273768165582
2024-12-20,0.9609384939081078
2024-12-23,0.9623648284973333
2024-12-24,0.9746269021872095
2024-12-25,0.9751015315359397
2024-12-26,0.9755541419973577
2024-12-27,0.9739761217399814
2024-12-30,0.9783847922884964
2024-12-31,0.9626926652639819
2025-01-02,0.9346773009737241
2025-01-03,0.9236091402847776
2025-01-06,0.9220947301463032
2025-01-07,0.9287346479424573
2025-01-08,0.9270489797915544
2025-01-09,0.9247639085971522
2025-01-10,0.9131672946127122
2025-01-13,0.9107280912071244
2025-01-14,0.9347115525762097
2025-01-15,0.9287150755981798
2025-01-16,0.9297793218182708
2025-01-17,0.9327053872877624
2025-01-20,0.9369476929099182
2025-01-21,0.937664530019083
2025-01-22,0.9289572833586143
2025-01-23,0.9306013602779272
2025-01-24,0.9377256935949504
2025-01-27,0.9338650486862063
2025-02-05,0.928482654009884
2025-02-06,0.9401648970005382
2025-02-07,0.9523658071145471
2025-02-10,0.9544111170915496
2025-02-11,0.9500269119733815
2025-02-12,0.9590106179967706
2025-02-13,0.9554093066497039
2025-02-14,0.9636957479082058
2025-02-17,0.9657483975143123
2025-02-18,0.9572784655282087
2025-02-19,0.9639771003571952
2025-02-20,0.9612222929001322
2025-02-21,0.9733424670939962
2025-02-24,0.9712090815677447
2025-02-25,0.9604271664138572
2025-02-26,0.9688163624798161
2025-02-27,0.9708176346821941
2025-02-28,0.9517174732103538
2025-03-03,0.9513309194108723
2025-03-04,0.9505357929245974
2025-03-05,0.9547805450897882
2025-03-06,0.9679111415569799
2025-03-07,0.9649190194255517
2025-03-10,0.9611978274697852
2025-03-11,0.9642853647795665
2025-03-12,0.9608137202133386
2025-03-13,0.9569848803640456
2025-03-14,0.98022214610755
2025-03-17,0.9778318735626559
2025-03-18,0.9805059450995742
2025-03-19,0.9811053481430738
2025-03-20,0.9724984097470274
2025-03-21,0.9577482017908694
2025-03-24,0.9626779860057738
2025-03-25,0.9620541175319274
2025-03-26,0.958888290845036
2025-03-27,0.9620810295053089
2025-03-28,0.9578631893135
2025-03-31,0.9510471204188481
2025-04-01,0.9511376425111318
2025-04-02,0.9503327298527181
2025-04-03,0.9447325928463082
2025-04-07,0.8781719430444781
2025-04-08,0.8931741449332095
2025-04-09,0.9019890394872045
2025-04-10,0.9138131819738708
2025-04-11,0.9175808582472965
2025-04-14,0.919689778343201
2025-04-15,0.9202011058374516
2025-04-16,0.9230366492146597
2025-04-17,0.922889856632578
2025-04-18,0.9229632529236189
2025-04-21,0.9259871801144982
2025-04-22,0.9257596516122718
2025-04-23,0.9264764887214366
2025-04-24,0.9258599598766942
2025-04-25,0.9265034006948182
2025-04-28,0.9251896070851886
2025-04-29,0.9235895679405001
2025-04-30,0.922486177031854
2025-05-06,0.9317757009345794
2025-05-07,0.9374247688016832
2025-05-08,0.942628565836473
2025-05-09,0.9409795958310906
2025-05-12,0.9518544796202966
2025-05-13,0.9532367764348976
2025-05-14,0.9647232959827763
2025-05-15,0.9559132945148504
2025-05-16,0.9514826050790234
2025-05-19,0.9485614326956011
2025-05-20,0.9537040661545236
2025-05-21,0.9581592210206977
2025-05-22,0.95754513871899
2025-05-23,0.9498140627293634
2025-05-26,0.944392523364486
2025-05-27,0.9393257327396389
2025-05-28,0.9385526251406762
2025-05-29,0.9440475607965944
2025-05-30,0.9395287958115183
2025-06-03,0.9424108235063855
2025-06-04,0.946503890003425
2025-06-05,0.9486617409600234
2025-06-06,0.9477858785536037
2025-06-09,0.9505431325537016
2025-06-10,0.9457038704310808
2025-06-11,0.9528379899202427
2025-06-12,0.9522434799628124
2025-06-13,0.9453882663796056
2025-06-16,0.9477418407789793
2025-06-17,0.9469051230611146
2025-06-18,0.9480280863140382
2025-06-19,0.9402285071194403
2025-06-20,0.9410970298967558
2025-06-23,0.9438518373538191
2025-06-24,0.9551377403728532
2025-06-25,0.9688481675392671
2025-06-26,0.9654107745755247
2025-06-27,0.959475461173362
2025-06-30,0.962978910799041
2025-07-01,0.9646132015462152
2025-07-02,0.9648382835054068
2025-07-03,0.9708054019670206
2025-07-04,0.9742623672750403
2025-07-07,0.9700959044869599
2025-07-08,0.9782379997064148
2025-07-09,0.976513186866957
2025-07-10,0.9810686499975534
2025-07-11,0.9822405441111709
2025-07-14,0.9829402554190928
2025-07-15,0.983280324900915
2025-07-16,0.9803787248617702
2025-07-17,0.9870553408034447
2025-07-18,0.9929417233449137
2025-07-21,0.9995620687967901
2025-07-22,1.0077212898174879
2025-07-23,1.0079194598032981
2025-07-24,1.0150804912658413
2025-07-25,1.0097274551059352
2025-07-28,1.0118461613739784
2025-07-29,1.0158095610901796
2025-07-30,1.0156187307334734
2025-07-31,0.9971106326760287
2025-08-01,0.992056074766355
2025-08-04,0.9959142731320644
2025-08-05,1.0039267015706805
2025-08-06,1.0063830307775112
2025-08-07,1.006671722855605
2025-08-08,1.0042985761119538
2025-08-11,1.0085898125948036
2025-08-12,1.013805842344767
2025-08-13,1.021818270783383
2025-08-14,1.0210182512110388
2025-08-15,1.0281230121837843
2025-08-18,1.0371899006703527
2025-08-19,1.0332656456427067
2025-08-20,1.0450163918383324
2025-08-21,1.0490947790771639
2025-08-22,1.071096540588149
2025-08-25,1.0934139061506092
2025-08-26,1.0893453050839164
2025-08-27,1.0730855800753536
2025-08-28,1.0920829867397366
2025-08-29,1.100151685668151
2025-09-01,1.1067451191466458
2025-09-02,1.09860791701326
2025-09-03,1.0911166022410335
2025-09-04,1.067967412046778
2025-09-05,1.0912364828497332
2025-09-08,1.093010226549885
2025-09-09,1.0853501003082644
2025-09-10,1.087576454469834
2025-09-11,1.1126951118070165
2025-09-12,1.1063267602877134
2025-09-15,1.1090326368840828
2025-09-16,1.1066545970543622
2025-09-17,1.1134266281743896
2025-09-18,1.1004819689778342
2025-09-19,1.101414101874052
2025-09-22,1.1064759994128295
2025-09-23,1.1057836277340118
2025-09-24,1.1171086754416009
2025-09-25,1.1238170964427263
2025-09-26,1.1131893135000246
2025-09-29,1.1303151147428683
2025-09-30,1.1353647795664725
2025-10-09,1.1521945491021186
2025-10-10,1.1295273278856974
2025-10-13,1.1239369770514263
2025-10-14,1.110500562704898
2025-10-15,1.1269486715271322
2025-10-16,1.1299163282282134
2025-10-17,1.1044257963497577
2025-10-20,1.110295053089984
2025-10-21,1.1273352253266133
2025-10-22,1.1235920144835347
2025-10-23,1.1269609042423057
2025-10-24,1.1402554190928218
2025-10-27,1.1537945882468073
2025-10-28,1.147910652248373
2025-10-29,1.1615794881831971
2025-10-30,1.1522997504526105
2025-10-31,1.135359886480403
2025-11-03,1.138474335763566
2025-11-04,1.1299848314331848
2025-11-05,1.1320790722708813
2025-11-06,1.1482605079023338
2025-11-07,1.144686108528649
2025-11-10,1.148664187503058
2025-11-11,1.138173410970299
2025-11-12,1.1366418750305818
2025-11-13,1.1503816607134119
2025-11-14,1.1322943680579343
2025-11-17,1.124932720066546
2025-11-18,1.1176273425649557
2025-11-19,1.1225448940646865
2025-11-20,1.1168346626217154
2025-11-21,1.089594852473455
2025-11-24,1.0882345745461663
2025-11-25,1.0985956842980866
2025-11-26,1.105257620981553
2025-11-27,1.1047120418848166
2025-11-28,1.1074668493418798
2025-12-01,1.11965797328375
2025-12-02,1.1142364339188726
2025-12-03,1.1085408817341098
2025-12-04,1.1123379165239515
2025-12-05,1.121627440426677
2025-12-08,1.130731027058766
2025-12-09,1.1249743112981359
2025-12-10,1.1234109702989674
2025-12-11,1.113710427166414
2025-12-12,1.1207491314772227
2025-12-15,1.1136810686499976
2025-12-16,1.1003449625678916
2025-12-17,1.1204873513725107
2025-12-18,1.11385966629153
2025-12-19,1.117624896021921
2025-12-22,1.128252678964623
2025-12-23,1.1304814796692273
2025-12-24,1.1337427215344718
2025-12-25,1.1358173900278905
2025-12-26,1.1394138082888878
2025-12-29,1.1350418358858931
2025-12-30,1.1379556686402112
2025-12-31,1.1327347458041785
2026-01-05,1.1542178401918088
2026-01-06,1.1720629250868522
2026-01-07,1.168632871752214
2026-01-08,1.159086460830846
2026-01-09,1.1642902578656358
2026-01-12,1.171874541273181
2026-01-13,1.1648064784459558
2026-01-14,1.1601335812496942
2026-01-15,1.1624577971326515
2026-01-16,1.157672358956794
2026-01-19,1.1583060136027792
2026-01-20,1.1544942995547292
2026-01-21,1.155519401086265
2026-01-22,1.1556759798404854
2026-01-23,1.1504868620639037
2026-01-26,1.1515780202573762
2026-01-27,1.1512673092919703
2026-01-28,1.1542765572246414
2026-01-29,1.1630547536331164
2026-01-30,1.1514263345892255
2026-02-02,1.1268728286930565
2026-02-03,1.1401159661398443
2026-02-04,1.1495522826246514
2026-02-05,1.1426383520086119
2026-02-06,1.136076723589568
2026-02-09,1.1545383373293536
2026-02-10,1.1558203258795323
2026-02-11,1.153256348779175
2026-02-12,1.1546655575671576
2026-02-13,1.1401893624308852
2026-02-24,1.1517199197533885
2026-02-25,1.1586558692567404
2026-02-26,1.156449087439448
2026-02-27,1.1524807946371776
2026-03-02,1.1568894651856927
2026-03-03,1.139085971522239
2026-03-04,1.1260507902334
2026-03-05,1.1370773596907569
2026-03-06,1.140196702059989
2026-03-09,1.1291921514899448
2026-03-10,1.1437001516856682
2026-03-11,1.1509761706708421
2026-03-12,1.146831726770074
2026-03-13,1.1423251945001713
2026-03-16,1.1429172579145668
2026-03-17,1.1345696530801976
2026-03-18,1.1396804814796693
2026-03-19,1.1213118363752017
2026-03-20,1.117341097029897
2026-03-23,1.080882712726917
2026-03-24,1.0947595048196899
2026-03-25,1.110111562362382
2026-03-26,1.095446983412438
2026-03-27,1.101573127171307
2026-03-30,1.098974898468464
2026-03-31,1.0887238831531048
2026-04-01,1.107322503302833
2026-04-02,1.0957846063512258
2026-04-03,1.0864583843029798
2026-04-07,1.0864167930713902
2026-04-08,1.1243235308509076
2026-04-09,1.1171453735871215
2026-04-10,1.1343568038361793
2026-04-13,1.1367005920634143
2026-04-14,1.1501883838136713
2026-04-15,1.14626657532906
2026-04-16,1.158832020355238
2026-04-17,1.1568894651856927
2026-04-20,1.1639281694965014
2026-04-21,1.1665117189411363
2026-04-22,1.1742501345598668
2026-04-23,1.1709962323237266
2026-04-24,1.166846895336889
2026-04-27,1.1672334491363703
2026-04-28,1.1641165533101727
2026-04-29,1.1768728286930568
2026-04-30,1.1761290796105104
2026-05-06,1.193201056906591
2026-05-07,1.1989308606938396
2026-05-08,1.1919337476146206
2026-05-11,1.2114889660909136
2026-05-12,1.2105617262807653
2026-05-13,1.2228653912022314
2026-05-14,1.2023780398297206
2026-05-15,1.18891960659588
2026-05-18,1.182541468904438
2026-05-19,1.1872779762196017
2026-05-20,1.1867446298380389
2026-05-21,1.1702059989235212
2026-05-22,1.1853745657386114
2026-05-25,1.2040906199540051
2026-05-26,1.2105127954200714
2026-05-27,1.2008049126584137
2026-05-28,1.2022826246513676
2026-05-29,1.196878211087733
2026-06-01,1.1851690561236972
2026-06-02,1.202368253657582
2026-06-03,1.20830112051671
2026-06-04,1.199968194940549
2026-06-05,1.1784802074668492
2026-06-08,1.1532123110045507
2026-06-09,1.17478348094143
2026-06-10,1.161762978910799
2026-06-11,1.1553579292459755
2026-06-12,1.168791897049469
2026-06-15,1.1967779028233105
2026-06-16,1.1949478886333609
2026-06-17,1.2064857855849684
2026-06-18,1.208983706023389
2026-06-22,1.2378675930909624
2026-06-23,1.2035499339433382
2026-06-24,1.2093311151343153
2026-06-25,1.228189068845721
2026-06-26,1.1910309732348192
2026-06-29,1.2053921808484611
2026-06-30,1.2182389783236287
2026-07-01,1.2132357978176835
2026-07-02,1.1773499045848217
2026-07-03,1.1846577286294466
2026-07-06,1.1846161373978568
2026-07-07,1.172447032343299
2026-07-08,1.1634608797768753
2026-07-09,1.193010226549885
2026-07-10,1.169640847482507
2026-07-13,1.148744923423203
2026-07-14,1.1734843665900083
2026-07-15,1.1711063267602877
2026-07-16,1.1494911190487842
2026-07-17,1.1080638058423449
2026-07-20,1.1249987767284826
2026-07-21,1.1594730146303271
2026-07-22,1.1540930664970397
2026-07-23,1.1567255468023683
2026-07-24,1.1374443411459607
2026-07-27,1.1504697362626608
2026-07-28,1.1179527327885699
2026-07-29,1.125473406077213
2026-07-30,1.1131085775798797
2026-07-31,1.1225228751773744
2026-08-03,1.111508538435191
2026-08-04,1.1256373244605373
2026-08-05,1.1396364437050446
2026-08-06,1.1379630082693155
2026-08-07,1.1485149483779418
2026-08-10,1.1503694279982386
2026-08-11,1.141016293976611
2026-08-12,1.1476537652297303
2026-08-13,1.1410554386651661
2026-08-14,1.1415276214708616
2026-08-17,1.1599305181778148
2026-08-18,1.1561897538777708
2026-08-19,1.122645202329109
2026-08-20,1.1236360522581592
2026-08-21,1.1300337622938785
2026-08-24,1.1163893917894017
