strategy,date,code,name,action,valuation_confidence,sell_confirmation_count,price_to_neutral,neutral_value,close_qfq,weight_before,weight_after,weight_change,cost_fraction
current_v31_baseline,2018-01-31,601088,中国神华,BUY_A_LEVEL,MEDIUM,0,0.6749101632822907,21.736226238845457,14.67,0.0,0.09375,0.09375,9.375e-05
current_v31_baseline,2018-02-28,601088,中国神华,BUY_FULL_MARGIN,MEDIUM,0,0.6178625421186887,21.736226238845457,13.43,0.08651120845143002,0.125,0.038488791548569976,3.848879154856998e-05
current_v31_baseline,2018-03-30,601088,中国神华,BUY_FULL_MARGIN,MEDIUM,0,0.46098036687993066,25.142068584059224,11.59,0.10975378787878792,0.125,0.015246212121212077,1.5246212121212078e-05
current_v31_baseline,2018-04-27,002008,大族激光,BUY_A_LEVEL,MEDIUM,0,0.7017861729401181,63.49512389695117,44.56,0.0,0.09375,0.09375,9.375e-05
current_v31_baseline,2018-05-31,601088,中国神华,BUY_FULL_MARGIN,HIGH,0,0.36143518944351755,31.374919573989438,11.34,0.12047293768200192,0.125,0.0045270623179980846,4.527062317998085e-06
current_v31_baseline,2018-06-29,601088,中国神华,BUY_FULL_MARGIN,HIGH,0,0.35314831561147925,31.374919573989438,11.08,0.12294783649880811,0.125,0.0020521635011918893,2.0521635011918895e-06
current_v31_baseline,2018-07-31,601088,中国神华,BUY_FULL_MARGIN,HIGH,0,0.34199290852988923,31.374919573989438,10.73,0.12281821872351462,0.125,0.002181781276485384,2.181781276485384e-06
current_v31_baseline,2018-08-31,600031,三一重工,BUY_FULL_MARGIN,LOW,0,0.5473380381387446,11.035227919731977,6.04,0.0,0.125,0.125,0.000125
current_v31_baseline,2018-08-31,002008,大族激光,BUY_A_LEVEL,HIGH,0,0.6788021702726269,61.49066963536076,41.74,0.08919740635163734,0.09375,0.004552593648362663,4.552593648362663e-06
current_v31_baseline,2018-08-31,600519,贵州茅台,BUY_STAGED,LOW,0,0.7738462151754555,710.4512359414298,549.78,0.0,0.0625,0.0625,6.25e-05
current_v31_baseline,2018-09-28,600031,三一重工,BUY_FULL_MARGIN,LOW,0,0.5364637724803589,11.035227919731977,5.92,0.12078494174841971,0.125,0.004215058251580292,4.215058251580292e-06
current_v31_baseline,2018-09-28,002008,大族激光,BUY_A_LEVEL,HIGH,0,0.657498125158656,61.49066963536076,40.43,0.0895242283021561,0.09375,0.004225771697843897,4.225771697843897e-06
current_v31_baseline,2018-10-31,600031,三一重工,BUY_FULL_MARGIN,LOW,0,0.274188407632547,17.907394562720267,4.91,0.11101209059690402,0.125,0.01398790940309598,1.398790940309598e-05
current_v31_baseline,2018-10-31,002008,大族激光,BUY_FULL_MARGIN,MEDIUM,0,0.4771317037001161,61.66012396965112,29.42,0.07304839639759782,0.125,0.05195160360240218,5.195160360240218e-05
current_v31_baseline,2018-10-31,600519,贵州茅台,BUY_FULL_MARGIN,MEDIUM,0,0.5387270286504152,849.7810127456414,457.8,0.05493958377236592,0.125,0.07006041622763408,7.006041622763408e-05
current_v31_baseline,2018-12-28,002008,大族激光,BUY_FULL_MARGIN,MEDIUM,0,0.4609137667966451,61.66012396965112,28.42,0.12050277360450404,0.125,0.004497226395495962,4.497226395495962e-06
current_v31_baseline,2019-01-31,002008,大族激光,BUY_FULL_MARGIN,MEDIUM,0,0.48053747044984496,61.66012396965112,29.63,0.12279790130575186,0.125,0.0022020986942481446,2.202098694248145e-06
current_v31_baseline,2019-03-29,601088,中国神华,BUY_FULL_MARGIN,LOW,0,0.1861462503235893,61.457053151020524,11.44,0.11447054112052817,0.125,0.010529458879471834,1.0529458879471834e-05
current_v31_baseline,2019-04-30,601877,正泰电器,BUY_FULL_MARGIN,MEDIUM,0,0.5936187255184667,35.73000494799955,21.21,0.0,0.125,0.125,0.000125
current_v31_baseline,2019-05-31,002008,大族激光,BUY_FULL_MARGIN,MEDIUM,0,0.5804350527914197,54.08012463933677,31.39,0.12054331536522123,0.125,0.004456684634778774,4.456684634778774e-06
current_v31_baseline,2019-05-31,601088,中国神华,BUY_FULL_MARGIN,MEDIUM,0,0.17716028912673834,60.56662050446242,10.73,0.12445430172616073,0.125,0.0005456982738392679,5.45698273839268e-07
current_v31_baseline,2019-05-31,601877,正泰电器,BUY_FULL_MARGIN,MEDIUM,0,0.5454799132652011,35.73000494799955,19.49,0.12197534790271179,0.125,0.003024652097288208,3.024652097288208e-06
current_v31_baseline,2019-06-28,002008,大族激光,BUY_FULL_MARGIN,MEDIUM,0,0.6035489048458726,54.08012463933677,32.64,0.1228287898132475,0.125,0.0021712101867524952,2.171210186752495e-06
current_v31_baseline,2019-06-28,601877,正泰电器,BUY_FULL_MARGIN,MEDIUM,0,0.5303665652321992,35.73000494799955,18.95,0.1148520400527592,0.125,0.010147959947240798,1.0147959947240798e-05
current_v31_baseline,2019-07-31,002008,大族激光,BUY_FULL_MARGIN,MEDIUM,0,0.5086896560143982,54.08012463933677,27.51,0.10401603243727559,0.125,0.020983967562724415,2.0983967562724415e-05
current_v31_baseline,2019-08-30,601088,中国神华,BUY_FULL_MARGIN,HIGH,0,0.17661031582187767,64.49226902174567,11.39,0.12230514294893403,0.125,0.002694857051065966,2.694857051065966e-06
current_v31_baseline,2019-08-30,601877,正泰电器,BUY_FULL_MARGIN,MEDIUM,0,0.4423646678398097,42.634508067967204,18.86,0.12134499441397285,0.125,0.0036550055860271463,3.6550055860271464e-06
current_v31_baseline,2019-09-30,601088,中国神华,BUY_FULL_MARGIN,HIGH,0,0.17738560254629326,64.49226902174567,11.44,0.12131179265068669,0.125,0.0036882073493133133,3.6882073493133132e-06
current_v31_baseline,2019-09-30,601877,正泰电器,BUY_FULL_MARGIN,MEDIUM,0,0.42899521605461927,42.634508067967204,18.29,0.11713123897631922,0.125,0.007868761023680781,7.868761023680781e-06
current_v31_baseline,2019-10-31,601088,中国神华,BUY_FULL_MARGIN,HIGH,0,0.18066800883425724,62.15820981512158,11.23,0.12213592119916822,0.125,0.002864078800831782,2.864078800831782e-06
current_v31_baseline,2019-11-29,601088,中国神华,BUY_FULL_MARGIN,HIGH,0,0.16876290406690636,62.15820981512158,10.49,0.1171678997133822,0.125,0.007832100286617794,7.832100286617793e-06
current_v31_baseline,2019-12-31,002008,大族激光,REDUCE_25,MEDIUM,0,1.2344779978804785,30.99285695305224,38.26,0.14953548344052514,0.09375,-0.05578548344052514,5.578548344052514e-05
current_v31_baseline,2019-12-31,601088,中国神华,BUY_FULL_MARGIN,HIGH,0,0.17889833109856992,62.15820981512158,11.12,0.11954085562415466,0.125,0.00545914437584534,5.45914437584534e-06
current_v31_baseline,2020-01-23,002008,大族激光,REDUCE_25,MEDIUM,0,1.3461166249757859,30.99285695305224,41.72,0.10621368190455457,0.09375,-0.012463681904554574,1.2463681904554574e-05
current_v31_baseline,2020-01-23,601088,中国神华,BUY_FULL_MARGIN,HIGH,0,0.1694064232435199,62.15820981512158,10.53,0.1229825377347405,0.125,0.0020174622652595064,2.0174622652595063e-06
current_v31_baseline,2020-02-28,601088,中国神华,BUY_FULL_MARGIN,HIGH,0,0.15685779929955548,62.15820981512158,9.75,0.1149605275172345,0.125,0.010039472482765502,1.0039472482765503e-05
current_v31_baseline,2020-04-30,002008,大族激光,CORE_ONLY,LOW,0,4.520605998291366,6.317737049146663,28.56,0.06110542131965991,0.03125,-0.02985542131965991,2.985542131965991e-05
current_v31_baseline,2020-04-30,601088,中国神华,BUY_FULL_MARGIN,MEDIUM,0,0.2342906278039917,41.444252768503475,9.71,0.11933193967786954,0.125,0.005668060322130464,5.668060322130464e-06
current_v31_baseline,2020-05-29,002008,大族激光,CORE_ONLY,LOW,0,4.53960014114133,6.317737049146663,28.68,0.03138615182842676,0.03125,-0.00013615182842675877,1.3615182842675878e-07
current_v31_baseline,2020-06-30,002008,大族激光,CORE_ONLY,LOW,0,5.414913557477158,6.317737049146663,34.21,0.036067777262383034,0.03125,-0.004817777262383034,4.817777262383034e-06
current_v31_baseline,2020-06-30,601088,中国神华,BUY_FULL_MARGIN,MEDIUM,0,0.22874100428237296,41.444252768503475,9.48,0.11810319764436557,0.125,0.006896802355634432,6.896802355634432e-06
current_v31_baseline,2020-07-31,601088,中国神华,BUY_FULL_MARGIN,MEDIUM,0,0.2441834349512251,41.444252768503475,10.12,0.11879123935377653,0.125,0.006208760646223471,6.208760646223471e-06
current_v31_baseline,2020-10-30,600519,贵州茅台,REDUCE_25,HIGH,0,1.2708099163861046,1125.2508983141547,1429.98,0.21371169302590626,0.09375,-0.11996169302590626,0.00011996169302590626
current_v31_baseline,2020-12-31,600519,贵州茅台,REDUCE_50,HIGH,0,1.520389810453066,1125.2508983141547,1710.82,0.0931004651765723,0.0625,-0.030600465176572306,3.060046517657231e-05
current_v31_baseline,2020-12-31,601088,中国神华,BUY_FULL_MARGIN,MEDIUM,0,0.40958888367921653,29.029108146675334,11.89,0.1139722266542643,0.125,0.011027773345735695,1.1027773345735695e-05
current_v31_baseline,2021-01-29,600519,贵州茅台,REDUCE_50,HIGH,0,1.6103164216218306,1125.2508983141547,1812.01,0.06279886636935991,0.0625,-0.0002988663693599125,2.988663693599125e-07
current_v31_baseline,2021-01-29,601088,中国神华,BUY_FULL_MARGIN,MEDIUM,0,0.3958096108893354,29.029108146675334,11.49,0.11459448107428885,0.125,0.010405518925711149,1.0405518925711149e-05
current_v31_baseline,2021-02-26,600519,贵州茅台,REDUCE_50,HIGH,0,1.6153375240341592,1125.2508983141547,1817.66,0.06273060585770623,0.0625,-0.0002306058577062342,2.306058577062342e-07
current_v31_baseline,2021-03-31,600519,贵州茅台,REDUCE_50,HIGH,0,1.583621066574587,1086.2699646455976,1720.24,0.0626228986312785,0.0625,-0.00012289863127849798,1.2289863127849798e-07
current_v31_baseline,2021-04-30,600519,贵州茅台,REDUCE_50,HIGH,0,1.6337051227044233,1051.8054795319933,1718.34,0.06630808459875802,0.0625,-0.0038080845987580186,3.8080845987580185e-06
current_v31_baseline,2021-05-31,600519,贵州茅台,CORE_ONLY,HIGH,0,1.8056570696371155,1051.8054795319933,1899.2,0.06915562785144953,0.03125,-0.03790562785144953,3.790562785144953e-05
current_v31_baseline,2021-08-31,601877,正泰电器,REDUCE_50,MEDIUM,0,1.5868709940689103,38.06862701869808,60.41,0.2378147581808582,0.0625,-0.1753147581808582,0.00017531475818085822
current_v31_baseline,2021-12-31,002008,大族激光,CORE_ONLY,MEDIUM,0,4.679004211885053,11.254531437744657,52.66,0.03262742230424875,0.03125,-0.0013774223042487474,1.3774223042487475e-06
current_v31_baseline,2022-10-31,600031,三一重工,CORE_ONLY,LOW,0,1.7471934752393503,7.022691060770541,12.27,0.1534204713855826,0.03125,-0.1221704713855826,0.0001221704713855826
current_v31_baseline,2022-10-31,002008,大族激光,BUY_STAGED,MEDIUM,0,0.7730926206439915,31.522743005488298,24.37,0.015923903992663,0.0625,0.046576096007337,4.6576096007337005e-05
current_v31_baseline,2022-11-30,600031,三一重工,CORE_ONLY,LOW,0,2.090366765812034,7.022691060770541,14.68,0.03590252874769795,0.03125,-0.004652528747697948,4.6525287476979485e-06
current_v31_baseline,2022-12-30,600031,三一重工,CORE_ONLY,LOW,0,2.07470325462407,7.022691060770541,14.57,0.03194324481489846,0.03125,-0.0006932448148984569,6.932448148984569e-07
current_v31_baseline,2023-01-31,600031,三一重工,CORE_ONLY,LOW,0,2.3196236113813375,7.022691060770541,16.29,0.034126061918370164,0.03125,-0.002876061918370164,2.876061918370164e-06
current_v31_baseline,2023-02-28,600031,三一重工,CORE_ONLY,LOW,0,2.491922234448951,7.022691060770541,17.5,0.033597467474134966,0.03125,-0.0023474674741349663,2.347467474134966e-06
current_v31_baseline,2023-05-31,002008,大族激光,BUY_A_LEVEL,LOW,0,0.7387357280156581,31.70281213135477,23.42,0.05949891798925943,0.09375,0.03425108201074057,3.425108201074057e-05
current_v31_baseline,2023-07-31,002008,大族激光,BUY_A_LEVEL,LOW,0,0.7494603286785668,31.70281213135477,23.76,0.09146012668737474,0.09375,0.002289873312625257,2.289873312625257e-06
current_v31_baseline,2023-10-31,002008,大族激光,CORE_ONLY,LOW,0,2.637954708109704,7.85457003348153,20.72,0.08230728764637305,0.03125,-0.051057287646373045,5.1057287646373045e-05
current_v31_baseline,2023-11-30,002008,大族激光,CORE_ONLY,LOW,0,2.69142676300382,7.85457003348153,21.14,0.0315266942675595,0.03125,-0.00027669426755950327,2.7669426755950326e-07
current_v31_baseline,2024-01-31,601877,正泰电器,BUY_STAGED,MEDIUM,0,0.7884333717060056,21.43491207561638,16.9,0.01780218996609882,0.0625,0.04469781003390118,4.469781003390118e-05
current_v31_baseline,2024-06-28,002920,德赛西威,BUY_STAGED,MEDIUM,0,0.8291874263391976,102.53411629184626,85.02,0.0,0.0625,0.0625,6.25e-05
current_v31_baseline,2024-06-28,601877,正泰电器,BUY_STAGED,MEDIUM,0,0.8268229006721162,21.61285081179253,17.87,0.06092587245506018,0.0625,0.001574127544939817,1.574127544939817e-06
current_v31_baseline,2024-08-30,601877,正泰电器,BUY_STAGED,MEDIUM,0,0.7569570595968562,21.61285081179253,16.36,0.05840236775863472,0.0625,0.004097632241365279,4.097632241365279e-06
current_v31_baseline,2024-10-31,002008,大族激光,CORE_ONLY,LOW,0,4.285180640086104,5.894733996439516,25.26,0.03203325886399393,0.03125,-0.000783258863993927,7.83258863993927e-07
current_v31_baseline,2024-11-29,002008,大族激光,CORE_ONLY,LOW,0,4.3767878271663285,5.894733996439516,25.8,0.031958748857552656,0.03125,-0.000708748857552656,7.08748857552656e-07
current_v31_baseline,2024-11-29,600519,贵州茅台,BUY_STAGED,MEDIUM,0,0.8490208939499029,1666.872994627981,1415.21,0.01918932950757966,0.0625,0.043310670492420336,4.331067049242034e-05
current_v31_baseline,2025-01-27,600519,贵州茅台,BUY_STAGED,MEDIUM,0,0.8110095996256217,1666.872994627981,1351.85,0.06085899146918829,0.0625,0.0016410085308117134,1.6410085308117134e-06
current_v31_baseline,2025-02-28,002008,大族激光,CORE_ONLY,LOW,0,4.5226807547385395,5.894733996439516,26.66,0.03354723587867714,0.03125,-0.0022972358786771396,2.29723587867714e-06
current_v31_baseline,2025-03-31,002008,大族激光,CORE_ONLY,LOW,0,4.655002247187754,5.894733996439516,27.44,0.031373653326226575,0.03125,-0.00012365332622657488,1.2365332622657487e-07
current_v31_baseline,2025-04-30,002920,德赛西威,BUY_A_LEVEL,MEDIUM,0,0.693683888583316,148.51144980517537,103.02,0.0757636375832594,0.09375,0.017986362416740606,1.7986362416740607e-05
current_v31_baseline,2025-06-30,002920,德赛西威,BUY_A_LEVEL,MEDIUM,0,0.6795435647042152,148.51144980517537,100.92,0.09012785382208474,0.09375,0.0036221461779152586,3.6221461779152586e-06
current_v31_baseline,2025-06-30,600519,贵州茅台,BUY_STAGED,HIGH,0,0.7611573975849459,1778.7122667344315,1353.88,0.0621115002067278,0.0625,0.0003884997932721984,3.8849979327219844e-07
current_v31_baseline,2025-07-31,002920,德赛西威,BUY_A_LEVEL,MEDIUM,0,0.6759748162966326,148.51144980517537,100.39,0.0928034071555809,0.09375,0.0009465928444191002,9.465928444191002e-07
current_v31_baseline,2025-08-29,002008,大族激光,CORE_ONLY,MEDIUM,0,6.318758104438435,5.896728341891701,37.26,0.04228018904144627,0.03125,-0.011030189041446273,1.1030189041446272e-05
current_v31_baseline,2025-09-30,600031,三一重工,CORE_ONLY,MEDIUM,0,2.5644146631262905,8.871420182984512,22.75,0.03299306737836743,0.03125,-0.0017430673783674286,1.7430673783674286e-06
current_v31_baseline,2025-09-30,002008,大族激光,CORE_ONLY,MEDIUM,0,6.869911186548604,5.896728341891701,40.51,0.03243431483425544,0.03125,-0.0011843148342554413,1.1843148342554413e-06
current_v31_baseline,2025-09-30,600519,贵州茅台,BUY_STAGED,MEDIUM,0,0.770734058633664,1799.570142856821,1386.99,0.06101218567120296,0.0625,0.0014878143287970422,1.4878143287970422e-06
current_v31_baseline,2025-10-31,002008,大族激光,CORE_ONLY,MEDIUM,0,6.554281312866501,6.252401757543343,40.98,0.03179048706579644,0.03125,-0.000540487065796437,5.40487065796437e-07
current_v31_baseline,2025-10-31,600519,贵州茅台,BUY_STAGED,HIGH,0,0.7763864583065878,1769.1704759971403,1373.56,0.06224317988350169,0.0625,0.0002568201164983089,2.568201164983089e-07
current_v31_baseline,2025-12-31,002008,大族激光,CORE_ONLY,MEDIUM,0,6.555880698252755,6.252401757543343,40.99,0.03165262036876384,0.03125,-0.0004026203687638383,4.0262036876383827e-07
current_v31_baseline,2025-12-31,600519,贵州茅台,BUY_STAGED,HIGH,0,0.7604354799340289,1769.1704759971403,1345.34,0.06198949812852099,0.0625,0.0005105018714790105,5.105018714790105e-07
current_v31_baseline,2026-01-30,002008,大族激光,CORE_ONLY,MEDIUM,0,7.685046780947666,6.252401757543343,48.05,0.03570707732299673,0.03125,-0.00445707732299673,4.4570773229967305e-06
current_v31_baseline,2026-01-30,600519,贵州茅台,BUY_STAGED,HIGH,0,0.7735885368698704,1769.1704759971403,1368.61,0.06197499208282294,0.0625,0.0005250079171770575,5.250079171770575e-07
current_v31_baseline,2026-01-30,601088,中国神华,REDUCE_25,MEDIUM,0,1.2016942098841183,34.03528090889617,40.9,0.3374313449296544,0.09375,-0.24368134492965438,0.00024368134492965438
current_v31_baseline,2026-02-27,002008,大族激光,CORE_ONLY,MEDIUM,0,11.531568634887133,6.252401757543343,72.1,0.04529546630111056,0.03125,-0.01404546630111056,1.404546630111056e-05
current_v31_baseline,2026-03-31,002920,德赛西威,BUY_FULL_MARGIN,MEDIUM,0,0.6023424125653857,170.41801782280623,102.65,0.08970472880504601,0.125,0.03529527119495399,3.5295271194953985e-05
current_v31_baseline,2026-03-31,601088,中国神华,REDUCE_25,MEDIUM,0,1.361817110895507,33.48467252699905,45.6,0.10290689046217467,0.09375,-0.009156890462174674,9.156890462174674e-06
current_v31_baseline,2026-04-30,002008,大族激光,CORE_ONLY,MEDIUM,0,11.185548360482686,8.9865956286172,100.52,0.043561688627831524,0.03125,-0.012311688627831524,1.2311688627831523e-05
current_v31_baseline,2026-04-30,002920,德赛西威,BUY_FULL_MARGIN,MEDIUM,0,0.600589025168014,171.614857549497,103.07,0.12312663233953666,0.125,0.0018733676604633376,1.8733676604633375e-06
current_v31_baseline,2026-04-30,601088,中国神华,REDUCE_50,MEDIUM,0,1.4519472703800387,32.24635009489369,46.82,0.09442924316700542,0.0625,-0.03192924316700542,3.192924316700542e-05
current_v31_baseline,2026-05-29,002008,大族激光,CORE_ONLY,MEDIUM,0,14.67185188350221,8.9865956286172,131.85,0.04144623654088247,0.03125,-0.010196236540882468,1.0196236540882468e-05
current_v31_baseline,2026-05-29,002920,德赛西威,BUY_FULL_MARGIN,MEDIUM,0,0.5929556534500544,171.614857549497,101.76,0.12478496474084168,0.125,0.0002150352591583221,2.150352591583221e-07
current_v31_baseline,2026-06-30,002008,大族激光,CORE_ONLY,MEDIUM,0,16.70376705523335,8.9865956286172,150.11,0.03739244288158781,0.03125,-0.006142442881587808,6.142442881587808e-06
current_v31_baseline,2026-06-30,002920,德赛西威,BUY_FULL_MARGIN,MEDIUM,0,0.47490060688069413,171.614857549497,81.5,0.10521916472623792,0.125,0.01978083527376208,1.978083527376208e-05
current_v31_baseline,2026-06-30,600519,贵州茅台,BUY_STAGED,HIGH,0,0.8188657470729146,1447.7220524092088,1185.49,0.05556614465756906,0.0625,0.00693385534243094,6.9338553424309405e-06
current_v31_baseline,2026-06-30,601877,正泰电器,BUY_A_LEVEL,HIGH,0,0.7471552823851998,33.55393529437035,25.07,0.08943493290811223,0.09375,0.004315067091887767,4.315067091887767e-06
current_v31_baseline,2026-07-31,601088,中国神华,REDUCE_50,MEDIUM,0,1.4169045447172997,32.24635009489369,45.69,0.06304881359766781,0.0625,-0.0005488135976678132,5.488135976678133e-07
current_v31_baseline,2026-08-24,601088,中国神华,REDUCE_50,MEDIUM,0,1.4541180586954296,32.24635009489369,46.89,0.06466779832312547,0.0625,-0.0021677983231254694,2.1677983231254695e-06
