,true_buyhold
2018-01-01,1.0
2018-01-02,0.999
2018-01-03,1.0125285058308826
2018-01-04,1.0210466474207116
2018-01-05,1.0172565168060754
2018-01-08,1.037580224473097
2018-01-09,1.0431533900486463
2018-01-10,1.0381993244630687
2018-01-11,1.0330667940940097
2018-01-12,1.0345279045120592
2018-01-15,1.008629031785325
2018-01-16,1.0204265319632244
2018-01-17,0.9936094566222948
2018-01-18,0.9982161306863422
2018-01-19,1.0022986872083663
2018-01-22,1.0186804729633334
2018-01-23,1.032705272922752
2018-01-24,1.0397818999381911
2018-01-25,1.0428371194827561
2018-01-26,1.0414023513476445
2018-01-29,1.0004839166208765
2018-01-30,1.0141383708569227
2018-01-31,1.0071807255998588
2018-02-01,1.0057875973886083
2018-02-02,1.020200990887623
2018-02-05,1.0166885189217925
2018-02-06,0.9815297989080519
2018-02-07,0.9769217339530252
2018-02-08,0.9770283354855501
2018-02-09,0.933885935251317
2018-02-12,0.9695788964131073
2018-02-13,0.994475439618361
2018-02-14,0.9929034274958914
2018-02-22,1.0293874937662628
2018-02-23,1.0260336567688921
2018-02-26,1.0560320905947986
2018-02-27,1.0348173501766047
2018-02-28,1.0412022840820252
2018-03-01,1.0720857869621934
2018-03-02,1.0695590129754435
2018-03-05,1.0935904949923687
2018-03-06,1.1021264845912846
2018-03-07,1.0924733119888852
2018-03-08,1.1000448491629067
2018-03-09,1.1227521648863212
2018-03-12,1.1451092299140067
2018-03-13,1.1227209733522436
2018-03-14,1.1011069698407834
2018-03-15,1.1011690433789783
2018-03-16,1.0895683037983068
2018-03-19,1.102469051763405
2018-03-20,1.1142579330020972
2018-03-21,1.0951128501016472
2018-03-22,1.0745293443539254
2018-03-23,1.040276229745109
2018-03-26,1.0677285958872962
2018-03-27,1.0893531222314408
2018-03-28,1.057181277983692
2018-03-29,1.0586569562844568
2018-03-30,1.0824355868470774
2018-04-02,1.0879731271011877
2018-04-03,1.0694231537270946
2018-04-04,1.0502127657002587
2018-04-09,1.0585256913322227
2018-04-10,1.0755797152850246
2018-04-11,1.0876854741600606
2018-04-12,1.0856166557555336
2018-04-13,1.0696803659241143
2018-04-16,1.0884130831599772
2018-04-17,1.047509339645372
2018-04-18,1.0696085054641769
2018-04-19,1.0803326582983712
2018-04-20,1.056400527072565
2018-04-23,1.053561307346733
2018-04-24,1.0828815121459268
2018-04-25,1.0818912033498091
2018-04-26,1.0658737638283975
2018-04-27,1.0602409645866426
2018-05-02,1.0547720384328907
2018-05-03,1.0687296616921647
2018-05-04,1.0658190276328965
2018-05-07,1.1037371735336392
2018-05-08,1.1238323263894645
2018-05-09,1.1246575793365605
2018-05-10,1.1235795423058197
2018-05-11,1.1043551857700913
2018-05-14,1.1147362256679616
2018-05-15,1.133366087274216
2018-05-16,1.1140847673519167
2018-05-17,1.105687130128802
2018-05-18,1.1121795150645168
2018-05-21,1.1181883308037837
2018-05-22,1.1223584027693978
2018-05-23,1.1089530039915962
2018-05-24,1.0872415338012793
2018-05-25,1.0822250883371605
2018-05-28,1.1080434576753226
2018-05-29,1.091087635139546
2018-05-30,1.0666590228544346
2018-05-31,1.0766148568946152
2018-06-01,1.0614912504404972
2018-06-04,1.0582461771020297
2018-06-05,1.086275342080042
2018-06-06,1.1017639770569383
2018-06-07,1.1032986165562977
2018-06-08,1.1018053932199374
2018-06-11,1.091601170543995
2018-06-12,1.1137099927820748
2018-06-13,1.0756514359789304
2018-06-14,1.0820743955878114
2018-06-15,1.0723137189235457
2018-06-19,1.0255129200720567
2018-06-20,1.0386663860427243
2018-06-21,1.0182120805331978
2018-06-22,1.037243538076655
2018-06-25,1.0377390430129527
2018-06-26,1.0493939752712926
2018-06-27,1.0216745906890536
2018-06-28,1.0051174933083902
2018-06-29,1.05041891036216
2018-07-02,1.0201263222579207
2018-07-03,1.016250839545602
2018-07-04,0.9815633017263097
2018-07-05,0.9647982236208595
2018-07-06,0.9786724016020885
2018-07-09,1.004315322404152
2018-07-10,1.000902218774588
2018-07-11,0.9685134950123901
2018-07-12,1.0067368106228778
2018-07-13,1.0286205093486203
2018-07-16,1.031196041517988
2018-07-17,1.043970234222134
2018-07-18,1.0389085731767638
2018-07-19,1.0274415221551494
2018-07-20,1.0483875834436183
2018-07-23,1.0482629706371942
2018-07-24,1.0615355044938029
2018-07-25,1.0613209781121669
2018-07-26,1.0310958907233434
2018-07-27,1.038405448998586
2018-07-30,1.0169467078895296
2018-07-31,1.026375140478488
2018-08-01,0.9974840597918583
2018-08-02,0.9833357002954675
2018-08-03,0.9468251873847037
2018-08-06,0.9273988250699529
2018-08-07,0.9714429524315281
2018-08-08,0.9580588540387124
2018-08-09,0.99953869641329
2018-08-10,1.014425248595523
2018-08-13,1.029172071277901
2018-08-14,1.016709281986186
2018-08-15,0.9863670484849556
2018-08-16,0.9779193670614325
2018-08-17,0.9580886829543348
2018-08-20,0.9691873275315123
2018-08-21,0.987953147626698
2018-08-22,0.9806614127614947
2018-08-23,0.9924757989911915
2018-08-24,0.9938091350902153
2018-08-27,1.0274231887194074
2018-08-28,1.0245267511812208
2018-08-29,1.0212826180519095
2018-08-30,1.0011493191242664
2018-08-31,0.9973605605987634
2018-09-03,0.9941888508199423
2018-09-04,1.0163365520091263
2018-09-05,0.9943131662869308
2018-09-06,0.9844703672514751
2018-09-07,0.9806201032338648
2018-09-10,0.9509099883307262
2018-09-11,0.9532402866148297
2018-09-12,0.9395208595941756
2018-09-13,0.9377570601126864
2018-09-14,0.9185339781908115
2018-09-17,0.909242712394186
2018-09-18,0.9399258621561779
2018-09-19,0.9588475008974879
2018-09-20,0.9620261766319503
2018-09-21,0.9794746811337625
2018-09-25,0.9733891805009913
2018-09-26,0.9935736960073419
2018-09-27,0.9964803963215312
2018-09-28,1.008362949645473
2018-10-08,0.9618061002138222
2018-10-09,0.9484431443490848
2018-10-10,0.9416674277600955
2018-10-11,0.8818608933977968
2018-10-12,0.8945279393231206
2018-10-15,0.8848083098315415
2018-10-16,0.8681620763519363
2018-10-17,0.8826854957512544
2018-10-18,0.8554978671624732
2018-10-19,0.8822257649912071
2018-10-22,0.9262978442821009
2018-10-23,0.8956644916575751
2018-10-24,0.8863692443072712
2018-10-25,0.8644651720401902
2018-10-26,0.8653473885550758
2018-10-29,0.8432378727703146
2018-10-30,0.8469854827078985
2018-10-31,0.8765895146259574
2018-11-01,0.8867643959667486
2018-11-02,0.9340710800725384
2018-11-05,0.9213860046595314
2018-11-06,0.9157727841393737
2018-11-07,0.9118774628331274
2018-11-08,0.9013093714438261
2018-11-09,0.8967582571513617
2018-11-12,0.9163923435408977
2018-11-13,0.9183389202872471
2018-11-14,0.9075701121700188
2018-11-15,0.9245496036163185
2018-11-16,0.9252245054076632
2018-11-19,0.926685779818675
2018-11-20,0.8984945650081094
2018-11-21,0.9015345412830208
2018-11-22,0.8990068185787295
2018-11-23,0.8741687464517446
2018-11-26,0.8674604314477896
2018-11-27,0.8690056866482346
2018-11-28,0.8906495322389887
2018-11-29,0.8746252888348963
2018-11-30,0.8936813765769918
2018-12-03,0.9261449542672409
2018-12-04,0.9269304446918344
2018-12-05,0.9252109868339203
2018-12-06,0.896119268903083
2018-12-07,0.8896483701635253
2018-12-10,0.8801699151006234
2018-12-11,0.8853728027999022
2018-12-12,0.8889352993470956
2018-12-13,0.9048474058776942
2018-12-14,0.8891138123870296
2018-12-17,0.883621486401053
2018-12-18,0.8753184096580323
2018-12-19,0.859025117192658
2018-12-20,0.8562988734865908
2018-12-21,0.843625226320849
2018-12-24,0.8585951816881612
2018-12-25,0.850449189190314
2018-12-26,0.8428544785664024
2018-12-27,0.8372964723661174
2018-12-28,0.8426840810796269
2019-01-02,0.8361765941227971
2019-01-03,0.8205293603192033
2019-01-04,0.8470216689173176
2019-01-07,0.860944901400352
2019-01-08,0.8592864506085757
2019-01-09,0.8712904115146168
2019-01-10,0.8815011770015659
2019-01-11,0.8822274741721977
2019-01-14,0.8796394207317443
2019-01-15,0.907989811239537
2019-01-16,0.9117155878969997
2019-01-17,0.9093646905310393
2019-01-18,0.9322067855400773
2019-01-21,0.9360531510342077
2019-01-22,0.9236922359662235
2019-01-23,0.928695933941767
2019-01-24,0.9452237075834068
2019-01-25,0.9526661996056426
2019-01-28,0.9490386248407239
2019-01-29,0.9571934026908966
2019-01-30,0.9465987716465155
2019-01-31,0.9451377156616376
2019-02-01,0.9757591577327746
2019-02-11,1.0086569183053782
2019-02-12,1.0129121214593166
2019-02-13,1.0378540956341011
2019-02-14,1.0367387629127909
2019-02-15,1.0114770202460663
2019-02-18,1.050840363041785
2019-02-19,1.0334713450596176
2019-02-20,1.031827119603449
2019-02-21,1.0269120779431218
2019-02-22,1.058340583067942
2019-02-25,1.1207822831947343
2019-02-26,1.1160860880278238
2019-02-27,1.0971291835685728
2019-02-28,1.1042071175392716
2019-03-01,1.1265742522098612
2019-03-04,1.155896856239482
2019-03-05,1.172207025820521
2019-03-06,1.182807856858211
2019-03-07,1.1901022603797797
2019-03-08,1.1687205899119981
2019-03-11,1.194356412853341
2019-03-12,1.2099687264206536
2019-03-13,1.171314157833161
2019-03-14,1.1588705308241096
2019-03-15,1.1819750000129237
2019-03-18,1.2327773754490574
2019-03-19,1.2239055502817027
2019-03-20,1.221852921262223
2019-03-21,1.2264135665983031
2019-03-22,1.2254599662824333
2019-03-25,1.1971489913729156
2019-03-26,1.175926743335738
2019-03-27,1.179381905993112
2019-03-28,1.1842057621355262
2019-03-29,1.2340431789341233
2019-04-01,1.273744658497729
2019-04-02,1.2672023947287425
2019-04-03,1.276267608039798
2019-04-04,1.2918755689625085
2019-04-08,1.276744331996796
2019-04-09,1.2805308697393718
2019-04-10,1.294669623048738
2019-04-11,1.2542483215034668
2019-04-12,1.2433656886079922
2019-04-15,1.2400783124602275
2019-04-16,1.275719609464684
2019-04-17,1.2677671753075248
2019-04-18,1.2546949492538582
2019-04-19,1.2617022859413964
2019-04-22,1.2200123116042645
2019-04-23,1.2210553528985224
2019-04-24,1.2415608025200258
2019-04-25,1.2145294642897744
2019-04-26,1.1978830332825907
2019-04-29,1.2002339573330394
2019-04-30,1.2000990124039217
2019-05-06,1.1171110601295433
2019-05-07,1.1411616529621333
2019-05-08,1.1295950132121817
2019-05-09,1.1183124994829488
2019-05-10,1.1658512540536166
2019-05-13,1.1519945957723554
2019-05-14,1.1276825047308214
2019-05-15,1.1559455990879928
2019-05-16,1.1517166407667854
2019-05-17,1.1169374971643804
2019-05-20,1.103146126214792
2019-05-21,1.1223006760660705
2019-05-22,1.1281012367132577
2019-05-23,1.0955794531280265
2019-05-24,1.0981942143790508
2019-05-27,1.1269180220416146
2019-05-28,1.1448807151964995
2019-05-29,1.1375103835091878
2019-05-30,1.1227128780906976
2019-05-31,1.116789041527049
2019-06-03,1.1186615618733113
2019-06-04,1.104884178276129
2019-06-05,1.1013305901840198
2019-06-06,1.0833549089036802
2019-06-10,1.1058969870156163
2019-06-11,1.1525514061672517
2019-06-12,1.1501428865619974
2019-06-13,1.1710153769630665
2019-06-14,1.1547958501656683
2019-06-17,1.1537709087538435
2019-06-18,1.1647835958295747
2019-06-19,1.184432654489556
2019-06-20,1.2149410483751493
2019-06-21,1.2323740175265643
2019-06-24,1.2335505611764745
2019-06-25,1.2207767767631206
2019-06-26,1.2181423529134368
2019-06-27,1.2242504788221953
2019-06-28,1.2229280430660394
2019-07-01,1.2691485140846381
2019-07-02,1.2639853675875943
2019-07-03,1.2347522655555268
2019-07-04,1.2262905122007253
2019-07-05,1.2411685251776718
2019-07-08,1.2141596848847704
2019-07-09,1.2127069505357406
2019-07-10,1.2100399781938689
2019-07-11,1.213378945048969
2019-07-12,1.2217686613881575
2019-07-15,1.2387506811816569
2019-07-16,1.2372515577244012
2019-07-17,1.2390760983741305
2019-07-18,1.228644227307209
2019-07-19,1.2240349939396993
2019-07-22,1.220611284454835
2019-07-23,1.2307899905182207
2019-07-24,1.2517931271152642
2019-07-25,1.259242611763819
2019-07-26,1.2753606874912136
2019-07-29,1.280681909148692
2019-07-30,1.2780088341798508
2019-07-31,1.2751414949548925
2019-08-01,1.2665532856152686
2019-08-02,1.2476767260677029
2019-08-05,1.2160229663180826
2019-08-06,1.2082116351022993
2019-08-07,1.2053938317904958
2019-08-08,1.2213106264396825
2019-08-09,1.2176148175815025
2019-08-12,1.2517879907453802
2019-08-13,1.237147635274574
2019-08-14,1.2541286941144445
2019-08-15,1.283680604112375
2019-08-16,1.2912154211970097
2019-08-19,1.320163671738471
2019-08-20,1.3238222518414466
2019-08-21,1.3134463428006276
2019-08-22,1.3120829782742474
2019-08-23,1.341946734843686
2019-08-26,1.31638897081536
2019-08-27,1.3403248436482929
2019-08-28,1.3429816540111692
2019-08-29,1.3391429467070977
2019-08-30,1.3477700710783338
2019-09-02,1.3779822088070792
2019-09-03,1.3787567132380962
2019-09-04,1.385322810765538
2019-09-05,1.4208039435548905
2019-09-06,1.4271727902985971
2019-09-09,1.4471039168791893
2019-09-10,1.4309166563309963
2019-09-11,1.4087471310344843
2019-09-12,1.4201789822812796
2019-09-16,1.4185749025391632
2019-09-17,1.405918845778717
2019-09-18,1.420396128602311
2019-09-19,1.432032920753354
2019-09-20,1.4504980266502214
2019-09-23,1.420300232375039
2019-09-24,1.4285810671224892
2019-09-25,1.411888348618212
2019-09-26,1.3914122516318363
2019-09-27,1.3858176511109386
2019-09-30,1.3668736217342936
2019-10-08,1.3736321289755298
2019-10-09,1.367480307385671
2019-10-10,1.39494518886796
2019-10-11,1.3998367626526358
2019-10-14,1.4150817512366707
2019-10-15,1.4076328910642693
2019-10-16,1.4023038350033543
2019-10-17,1.4031264754741815
2019-10-18,1.3772733305536349
2019-10-21,1.3729007180277546
2019-10-22,1.3911800075802259
2019-10-23,1.3746122163164212
2019-10-24,1.3661203548692094
2019-10-25,1.396784850903991
2019-10-28,1.4332722103086035
2019-10-29,1.408495323838048
2019-10-30,1.3944874630682573
2019-10-31,1.3872752563117619
2019-11-01,1.402397849767504
2019-11-04,1.415421068282274
2019-11-05,1.4145218793859347
2019-11-06,1.3993076619416163
2019-11-07,1.4066534681307377
2019-11-08,1.410687630173839
2019-11-11,1.3795154153514497
2019-11-12,1.3856244219998626
2019-11-13,1.3936524243371706
2019-11-14,1.4110991518643594
2019-11-15,1.4071831418887253
2019-11-18,1.41276840844229
2019-11-19,1.4371393687234502
2019-11-20,1.4316409528724419
2019-11-21,1.4119354370685617
2019-11-22,1.379561229156222
2019-11-25,1.3766082329485185
2019-11-26,1.3869684623436205
2019-11-27,1.383091434945371
2019-11-28,1.3817036767024136
2019-11-29,1.3556756315555587
2019-12-02,1.3575522061388048
2019-12-03,1.3672396068860375
2019-12-04,1.3724994646871684
2019-12-05,1.389120408440791
2019-12-06,1.409726980225335
2019-12-09,1.4034484298419405
2019-12-10,1.4240892489492953
2019-12-11,1.421151285901807
2019-12-12,1.4218653197513713
2019-12-13,1.4444019978174125
2019-12-16,1.4469658171491304
2019-12-17,1.4588467367845523
2019-12-18,1.4555459787543814
2019-12-19,1.4477118149309482
2019-12-20,1.4358459848038383
2019-12-23,1.4210017215143804
2019-12-24,1.435381786021727
2019-12-25,1.4435306362253133
2019-12-26,1.4480792423858582
2019-12-27,1.4440177957151707
2019-12-30,1.4643023599870615
2019-12-31,1.4783584385192696
2020-01-02,1.5155344559266397
2020-01-03,1.4990312420299414
2020-01-06,1.4937639759868357
2020-01-07,1.511948728953505
2020-01-08,1.4969949738213133
2020-01-09,1.5230057711620844
2020-01-10,1.5210324177886598
2020-01-13,1.5402925791812732
2020-01-14,1.527787418139313
2020-01-15,1.525078827493386
2020-01-16,1.5201042774191649
2020-01-17,1.540772662437252
2020-01-20,1.5608709158750897
2020-01-21,1.5389774740492945
2020-01-22,1.5538970071640046
2020-01-23,1.495222037522041
2020-02-03,1.370543564761535
2020-02-04,1.4389984107311455
2020-02-05,1.4645828081142107
2020-02-06,1.5154145880183372
2020-02-07,1.5350487277623537
2020-02-10,1.5540896945038614
2020-02-11,1.5723504258122099
2020-02-12,1.63545162506564
2020-02-13,1.632498422369925
2020-02-14,1.6384304925734268
2020-02-17,1.6699076245393176
2020-02-18,1.6632282165536452
2020-02-19,1.6418061516566615
2020-02-20,1.66802421896694
2020-02-21,1.6901700127076085
2020-02-24,1.7122274306725063
2020-02-25,1.6986486373855145
2020-02-26,1.6757323397539252
2020-02-27,1.7422394479855665
2020-02-28,1.6625640360138432
2020-03-02,1.7547640416784775
2020-03-03,1.8057266340443052
2020-03-04,1.7566975875779114
2020-03-05,1.7561130357943866
2020-03-06,1.7351789943040268
2020-03-09,1.6473871897803982
2020-03-10,1.6942077560811455
2020-03-11,1.6423344869976317
2020-03-12,1.6132718815190052
2020-03-13,1.600342409933934
2020-03-16,1.510296862722415
2020-03-17,1.535397284803977
2020-03-18,1.4947719514799511
2020-03-19,1.4950205931256464
2020-03-20,1.5175532593275556
2020-03-23,1.4789083897727757
2020-03-24,1.5038385675205364
2020-03-25,1.5610810161901982
2020-03-26,1.5635239136778376
2020-03-27,1.5647694585712504
2020-03-30,1.5579637689575734
2020-03-31,1.5526294588795875
2020-04-01,1.5577345355354735
2020-04-02,1.6084796816300875
2020-04-03,1.6068178155497097
2020-04-07,1.662633173585603
2020-04-08,1.653058316344801
2020-04-09,1.657025553608924
2020-04-10,1.6342283312982833
2020-04-13,1.632109313277085
2020-04-14,1.6752824822739782
2020-04-15,1.6670070650748015
2020-04-16,1.6788330566382619
2020-04-17,1.703480075344019
2020-04-20,1.7141406849913112
2020-04-21,1.6968292233678333
2020-04-22,1.710698089456008
2020-04-23,1.6850053493161992
2020-04-24,1.667407010635266
2020-04-27,1.6872616214124818
2020-04-28,1.6948151877446314
2020-04-29,1.6957888454261558
2020-04-30,1.7357375400343966
2020-05-06,1.7912380233049823
2020-05-07,1.7857496288897017
2020-05-08,1.8024529623626522
2020-05-11,1.7999469968136268
2020-05-12,1.8038961652915793
2020-05-13,1.8048174826520746
2020-05-14,1.8086819186446563
2020-05-15,1.795111783592668
2020-05-18,1.8114986226992122
2020-05-19,1.847993773404669
2020-05-20,1.8105185301280757
2020-05-21,1.8186432970783337
2020-05-22,1.7694705152657808
2020-05-25,1.7713480580440857
2020-05-26,1.8001562528809176
2020-05-27,1.7611447250387042
2020-05-28,1.7477285349879537
2020-05-29,1.7645398728220165
2020-06-01,1.838510481509445
2020-06-02,1.8138825919311865
2020-06-03,1.8175582926912612
2020-06-04,1.802150971578557
2020-06-05,1.8071697225992895
2020-06-08,1.7936693124244587
2020-06-09,1.820912327861164
2020-06-10,1.8336136385883381
2020-06-11,1.8423792660459675
2020-06-12,1.8398221869733293
2020-06-15,1.840364804048462
2020-06-16,1.875743401496438
2020-06-17,1.8811139021850753
2020-06-18,1.8968714161942013
2020-06-19,1.9167101489450264
2020-06-22,1.9174093503734373
2020-06-23,1.968998883223945
2020-06-24,1.9861393928385798
2020-06-29,1.9747757058062028
2020-06-30,2.0153520029250993
2020-07-01,2.081742221691163
2020-07-02,2.089575459216124
2020-07-03,2.098243219766151
2020-07-06,2.1826250166165084
2020-07-07,2.249733300649395
2020-07-08,2.2551027927521154
2020-07-09,2.2984256178829114
2020-07-10,2.295807594108078
2020-07-13,2.348351772574213
2020-07-14,2.2846425405053212
2020-07-15,2.2785366010076045
2020-07-16,2.1320492389788335
2020-07-17,2.1709546545809104
2020-07-20,2.225709949084937
2020-07-21,2.265483965645847
2020-07-22,2.2782101273239443
2020-07-23,2.2683310022060383
2020-07-24,2.1394363307058546
2020-07-27,2.154615109102868
2020-07-28,2.1707310672093882
2020-07-29,2.2345527136963774
2020-07-30,2.2311490267533287
2020-07-31,2.2339472432301313
2020-08-03,2.2619770694161554
2020-08-04,2.2559958427029203
2020-08-05,2.2375031603938553
2020-08-06,2.2084294284468955
2020-08-07,2.1876661687927315
2020-08-10,2.1941913617628623
2020-08-11,2.173170810425548
2020-08-12,2.125101195149051
2020-08-13,2.1287453585952365
2020-08-14,2.1627719613168277
2020-08-17,2.219136436010934
2020-08-18,2.2361904354366766
2020-08-19,2.1997460328622913
2020-08-20,2.171238269278874
2020-08-21,2.159372206784424
2020-08-24,2.206437129298678
2020-08-25,2.215851937291722
2020-08-26,2.179154790957876
2020-08-27,2.226526766341652
2020-08-28,2.2448564511773506
2020-08-31,2.2150273797993907
2020-09-01,2.2207442536757105
2020-09-02,2.254263536848588
2020-09-03,2.2370399185484913
2020-09-04,2.1907949227286467
2020-09-07,2.1188991772834984
2020-09-08,2.1379840295509682
2020-09-09,2.060041917715789
2020-09-10,2.0819585529197684
2020-09-11,2.1149233476308043
2020-09-14,2.127198657459524
2020-09-15,2.155128766356737
2020-09-16,2.135748792879636
2020-09-17,2.1403829995948938
2020-09-18,2.179134064437752
2020-09-21,2.1661415526554606
2020-09-22,2.143822158773181
2020-09-23,2.162697916036034
2020-09-24,2.1144769462580904
2020-09-25,2.1203649120769823
2020-09-28,2.138903780817274
2020-09-29,2.152930299457634
2020-09-30,2.148288254276007
2020-10-09,2.237335700347939
2020-10-12,2.319182764241062
2020-10-13,2.3271270180403967
2020-10-14,2.319488925575044
2020-10-15,2.3249009300977685
2020-10-16,2.3086226600305304
2020-10-19,2.2769140722453365
2020-10-20,2.289536585204589
2020-10-21,2.2582581113413402
2020-10-22,2.2348664291116465
2020-10-23,2.1744952919683134
2020-10-26,2.2005610315202127
2020-10-27,2.2250137436457647
2020-10-28,2.251194737440469
2020-10-29,2.2824951261104376
2020-10-30,2.2403515768008213
2020-11-02,2.29126962562224
2020-11-03,2.2927391778720354
2020-11-04,2.3078142124619077
2020-11-05,2.3503531358182075
2020-11-06,2.3638238592967222
2020-11-09,2.4101075993379375
2020-11-10,2.390658402679528
2020-11-11,2.3742904086892787
2020-11-12,2.38417132901241
2020-11-13,2.3941669701116446
2020-11-16,2.4275235909783492
2020-11-17,2.414829878868892
2020-11-18,2.3479091500251013
2020-11-19,2.3841033797473106
2020-11-20,2.404616853755271
2020-11-23,2.4392621855356103
2020-11-24,2.4350721153334653
2020-11-25,2.353621719904174
2020-11-26,2.3530690921862307
2020-11-27,2.397533986286999
2020-11-30,2.3939487682086122
2020-12-01,2.4459905697176176
2020-12-02,2.4420073246388028
2020-12-03,2.436498663688664
2020-12-04,2.4563098707826576
2020-12-07,2.4766163110233355
2020-12-08,2.481746442332636
2020-12-09,2.415636008875175
2020-12-10,2.4244392510239283
2020-12-11,2.4168679382608915
2020-12-14,2.4301018421583938
2020-12-15,2.454061611668376
2020-12-16,2.4955353159541147
2020-12-17,2.5339083049065327
2020-12-18,2.5293684086247694
2020-12-21,2.570485695096317
2020-12-22,2.503251451409738
2020-12-23,2.525926220437343
2020-12-24,2.4999409009379785
2020-12-25,2.557833906757613
2020-12-28,2.5609263317903608
2020-12-29,2.563642607442698
2020-12-30,2.6337966912802093
2020-12-31,2.688917858904819
2021-01-04,2.7242406724276766
2021-01-05,2.7927573132954926
2021-01-06,2.8052849371555517
2021-01-07,2.8637713696878198
2021-01-08,2.8323879439139916
2021-01-11,2.884715829900427
2021-01-12,3.016327984567831
2021-01-13,2.946736982864512
2021-01-14,2.9291124506151673
2021-01-15,2.8778444210159697
2021-01-18,2.9106397985259083
2021-01-19,2.8912626093103233
2021-01-20,2.9287283350758755
2021-01-21,3.0150281821367457
2021-01-22,3.0323119385986614
2021-01-25,3.117368851820124
2021-01-26,3.0389595018128217
2021-01-27,3.03951559114802
2021-01-28,2.8845733775593962
2021-01-29,2.846839664660764
2021-02-01,2.871102149161037
2021-02-02,2.906402464187475
2021-02-03,2.9218236455708406
2021-02-04,2.866184130341504
2021-02-05,2.850704684443379
2021-02-08,2.9372889034703586
2021-02-09,3.0306646071087613
2021-02-10,3.115763506621819
2021-02-18,3.0607302722621803
2021-02-19,2.9670200339765267
2021-02-22,2.8577117988727094
2021-02-23,2.85484398105222
2021-02-24,2.779593428468156
2021-02-25,2.7708213503030477
2021-02-26,2.688976362411058
2021-03-01,2.7743616771196162
2021-03-02,2.700707875686386
2021-03-03,2.737175622051051
2021-03-04,2.6122134956078997
2021-03-05,2.620672116475325
2021-03-08,2.521347197025272
2021-03-09,2.461689556119387
2021-03-10,2.4983501283271927
2021-03-11,2.5355722645597583
2021-03-12,2.504915334386612
2021-03-15,2.42057196115642
2021-03-16,2.431076917439053
2021-03-17,2.46116670349017
2021-03-18,2.489496192540702
2021-03-19,2.43166705628198
2021-03-22,2.4786842211474487
2021-03-23,2.4484210777047632
2021-03-24,2.395680059770735
2021-03-25,2.402224481506515
2021-03-26,2.4876894439956034
2021-03-29,2.5005924679550073
2021-03-30,2.565979907979316
2021-03-31,2.4919939358263687
2021-04-01,2.52225235346839
2021-04-02,2.5476459901019646
2021-04-06,2.54480924452323
2021-04-07,2.5112871877226435
2021-04-08,2.5163006850382468
2021-04-09,2.479107621736281
2021-04-12,2.3836770272554997
2021-04-13,2.39748123283088
2021-04-14,2.422510300309028
2021-04-15,2.4156139223938298
2021-04-16,2.4175571765581254
2021-04-19,2.484640946005241
2021-04-20,2.4612815073544807
2021-04-21,2.4510588663402224
2021-04-22,2.447328966944986
2021-04-23,2.4824401088445884
2021-04-26,2.412456627815171
2021-04-27,2.4265985408646378
2021-04-28,2.437196640793908
2021-04-29,2.416995339724604
2021-04-30,2.392298817068457
2021-05-06,2.3471060240562984
2021-05-07,2.3018911798115536
2021-05-10,2.2908741693379455
2021-05-11,2.2916976751636184
2021-05-12,2.2928365061352594
2021-05-13,2.236108914357244
2021-05-14,2.2948836803556314
2021-05-17,2.3840100194379166
2021-05-18,2.3855797736007425
2021-05-19,2.3841576679399314
2021-05-20,2.402954646380818
2021-05-21,2.3544022387969
2021-05-24,2.4057763853060514
2021-05-25,2.4699489725423227
2021-05-26,2.4665275410708043
2021-05-27,2.4952040650116962
2021-05-28,2.4769842615242132
2021-05-31,2.4834751433018676
2021-06-01,2.4929036958032054
2021-06-02,2.4374088006029098
2021-06-03,2.4082698473000455
2021-06-04,2.415983610775056
2021-06-07,2.4390740178422803
2021-06-08,2.4106284203395414
2021-06-09,2.413891365271626
2021-06-10,2.4473667653108127
2021-06-11,2.4222049828363987
2021-06-15,2.3740494171399407
2021-06-16,2.3148165294193954
2021-06-17,2.3342179438241124
2021-06-18,2.3276519091175505
2021-06-21,2.327367742556717
2021-06-22,2.3421801418763257
2021-06-23,2.3533316369505424
2021-06-24,2.356435593476054
2021-06-25,2.373501611602885
2021-06-28,2.37567106980716
2021-06-29,2.342169222595933
2021-06-30,2.3959727307582184
2021-07-01,2.391323052882822
2021-07-02,2.309805887215077
2021-07-05,2.2699042268248
2021-07-06,2.2792556153321026
2021-07-07,2.283512868535592
2021-07-08,2.262261715407617
2021-07-09,2.2696380987085427
2021-07-12,2.30015881459687
2021-07-13,2.3288053824708155
2021-07-14,2.2550960596436216
2021-07-15,2.2488409108537195
2021-07-16,2.215149020459921
2021-07-19,2.2659096158318333
2021-07-20,2.2749903304317773
2021-07-21,2.3285234284755023
2021-07-22,2.3740365086337047
2021-07-23,2.367833886458113
2021-07-26,2.3036392314982006
2021-07-27,2.2291288871782173
2021-07-28,2.2332499589234622
2021-07-29,2.2597991007439093
2021-07-30,2.2374432646111067
2021-08-02,2.3917217959824666
2021-08-03,2.453934417983518
2021-08-04,2.496262565184217
2021-08-05,2.4715679605259466
2021-08-06,2.4464166306064254
2021-08-09,2.517673486140221
2021-08-10,2.559386176846652
2021-08-11,2.5141167670723483
2021-08-12,2.48832493352511
2021-08-13,2.477504733541796
2021-08-16,2.4193773034200494
2021-08-17,2.3428606198365656
2021-08-18,2.343173336009154
2021-08-19,2.324816984767294
2021-08-20,2.279096368810565
2021-08-23,2.328154622615654
2021-08-24,2.337539673298878
2021-08-25,2.3311388976126874
2021-08-26,2.2733417070418582
2021-08-27,2.3085458547564635
2021-08-30,2.2837916111066336
2021-08-31,2.289057938333397
2021-09-01,2.3144878025887166
2021-09-02,2.32136589854201
2021-09-03,2.2830313274499936
2021-09-06,2.3299794667838905
2021-09-07,2.3441318034922736
2021-09-08,2.2835953172555454
2021-09-09,2.2822736876183214
2021-09-10,2.2872498078172607
2021-09-13,2.2627568409216354
2021-09-14,2.262992215144956
2021-09-15,2.246969444825831
2021-09-16,2.2095586692210727
2021-09-17,2.220472786296212
2021-09-22,2.238912799359293
2021-09-23,2.256735997518658
2021-09-24,2.2815751537040674
2021-09-27,2.294859077867969
2021-09-28,2.267376379584009
2021-09-29,2.2480214200284414
2021-09-30,2.2917641030924103
2021-10-08,2.312962766205055
2021-10-11,2.312182541776163
2021-10-12,2.2797872887352786
2021-10-13,2.304464337447358
2021-10-14,2.2880173824233774
2021-10-15,2.3100130607357237
2021-10-18,2.2611494170060062
2021-10-19,2.2993854490312886
2021-10-20,2.3086489066110714
2021-10-21,2.2938949248857665
2021-10-22,2.30262270985049
2021-10-25,2.322121554538858
2021-10-26,2.298155236714508
2021-10-27,2.2953077577798444
2021-10-28,2.2868652097209172
2021-10-29,2.3038872349017083
2021-11-01,2.3022476261177505
2021-11-02,2.271057442635562
2021-11-03,2.2716788691454655
2021-11-04,2.2999643076956784
2021-11-05,2.3021776709383714
2021-11-08,2.2923421961072696
2021-11-09,2.295991357014991
2021-11-10,2.27285441754873
2021-11-11,2.2844536434276734
2021-11-12,2.2953782895827946
2021-11-15,2.2670285899411478
2021-11-16,2.260822720096421
2021-11-17,2.269777020816469
2021-11-18,2.24256520737014
2021-11-19,2.3056883755048316
2021-11-22,2.370263679511305
2021-11-23,2.380517259479412
2021-11-24,2.3640511676832556
2021-11-25,2.3665265635909445
2021-11-26,2.336681420155116
2021-11-29,2.3581028856341004
2021-11-30,2.3656926423127502
2021-12-01,2.363570708445067
2021-12-02,2.3927954453990203
2021-12-03,2.4133486233686536
2021-12-06,2.3978914448243054
2021-12-07,2.3953221908151847
2021-12-08,2.465819029055659
2021-12-09,2.496816937138731
2021-12-10,2.4880246323608555
2021-12-13,2.5194528960100593
2021-12-14,2.5414907333380192
2021-12-15,2.5258362806460593
2021-12-16,2.552460623810112
2021-12-17,2.500381471638991
2021-12-20,2.464426583687191
2021-12-21,2.5137092909323555
2021-12-22,2.5311635407053776
2021-12-23,2.5757102764052355
2021-12-24,2.575125498264611
2021-12-27,2.5391553971140177
2021-12-28,2.530220618314975
2021-12-29,2.4894651823111658
2021-12-30,2.500657250743037
2021-12-31,2.5173465485315774
2022-01-04,2.4660362961931956
2022-01-05,2.473772231663745
2022-01-06,2.487245103419079
2022-01-07,2.4735985440526878
2022-01-10,2.4949741410116655
2022-01-11,2.4341125450995316
2022-01-12,2.4835631015891524
2022-01-13,2.4552668651371405
2022-01-14,2.4628202719312364
2022-01-17,2.524089655261145
2022-01-18,2.5297379218252085
2022-01-19,2.528052328785758
2022-01-20,2.523907593569746
2022-01-21,2.494324764029952
2022-01-24,2.498157136374517
2022-01-25,2.420617922603264
2022-01-26,2.4480534931046156
2022-01-27,2.3749475966421776
2022-01-28,2.311301524383066
2022-02-07,2.336430697070768
2022-02-08,2.317307091142537
2022-02-09,2.318186865432153
2022-02-10,2.2810899048971782
2022-02-11,2.2281818863806264
2022-02-14,2.1965081145991285
2022-02-15,2.2543872026799474
2022-02-16,2.2385483205602434
2022-02-17,2.2577732225975065
2022-02-18,2.264228150726624
2022-02-21,2.2711964847645785
2022-02-22,2.2363741887193487
2022-02-23,2.289564591376582
2022-02-24,2.2357846609901966
2022-02-25,2.247800447637211
2022-02-28,2.2515636849692306
2022-03-01,2.269543358447981
2022-03-02,2.2502257812985857
2022-03-03,2.2149087023713445
2022-03-04,2.1703009866267804
2022-03-07,2.065175723630435
2022-03-08,2.0305113171039584
2022-03-09,2.04307969654537
2022-03-10,2.0564870316973076
2022-03-11,2.058918385158856
2022-03-14,2.006470274249102
2022-03-15,1.9191708617262133
2022-03-16,2.0108422625392666
2022-03-17,2.0279845081820143
2022-03-18,2.025067745800487
2022-03-21,2.0302285527936683
2022-03-22,2.031858093323579
2022-03-23,2.0398590238424044
2022-03-24,1.997171058286774
2022-03-25,1.9548851894620864
2022-03-28,1.9475957612302641
2022-03-29,1.937151247080594
2022-03-30,2.0069568447971444
2022-03-31,1.9934316234488727
2022-04-01,1.9911257200130874
2022-04-06,1.9491540034335666
2022-04-07,1.9203921806527582
2022-04-08,1.9402369561295245
2022-04-11,1.8620132361317177
2022-04-12,1.8805983575631096
2022-04-13,1.8523848947120303
2022-04-14,1.8840995696806577
2022-04-15,1.8906503706989244
2022-04-18,1.9093740799092225
2022-04-19,1.889838436846678
2022-04-20,1.8719551248765967
2022-04-21,1.8224548920419439
2022-04-22,1.809443796170233
2022-04-25,1.6852752479849527
2022-04-26,1.6386995913912703
2022-04-27,1.7235793153423729
2022-04-28,1.7612797676547707
2022-04-29,1.8294110671271024
2022-05-05,1.844754769078383
2022-05-06,1.801274364056557
2022-05-09,1.7574207468341254
2022-05-10,1.789307941478337
2022-05-11,1.8330905460076423
2022-05-12,1.8295110533399275
2022-05-13,1.8487373156750444
2022-05-16,1.841560057492086
2022-05-17,1.8611285534763184
2022-05-18,1.8423449442207593
2022-05-19,1.8456914232441184
2022-05-20,1.88186652342481
2022-05-23,1.888171352394425
2022-05-24,1.825787516798584
2022-05-25,1.8352829023237265
2022-05-26,1.8533137776113267
2022-05-27,1.8581734253262387
2022-05-30,1.8786630966091062
2022-05-31,1.9149003944438503
2022-06-01,1.916136937229356
2022-06-02,1.9388646757843406
2022-06-06,2.0026269169055095
2022-06-07,2.002288307246985
2022-06-08,2.0229345348663146
2022-06-09,1.9759088069388786
2022-06-10,1.9973409781564992
2022-06-13,2.0021485748765806
2022-06-14,2.023350621642792
2022-06-15,2.0182071887048267
2022-06-16,2.0122097782019503
2022-06-17,2.04545190632234
2022-06-20,2.05766950687711
2022-06-21,2.045976583470842
2022-06-22,2.0215086360126446
2022-06-23,2.068089017617952
2022-06-24,2.095044614775067
2022-06-27,2.13318467356827
2022-06-28,2.144716988247225
2022-06-29,2.1228753651363426
2022-06-30,2.137986072216747
2022-07-01,2.1639324816811234
2022-07-04,2.1811828359466787
2022-07-05,2.162784501620679
2022-07-06,2.125350444722753
2022-07-07,2.164929473101806
2022-07-08,2.1402501262834495
2022-07-11,2.1236317507600453
2022-07-12,2.0906271991802012
2022-07-13,2.0973210586194075
2022-07-14,2.1489086573543412
2022-07-15,2.115156471357285
2022-07-18,2.1972933084478212
2022-07-19,2.199393956656184
2022-07-20,2.194357465029035
2022-07-21,2.174354823624037
2022-07-22,2.1724418426205725
2022-07-25,2.1375137923072076
2022-07-26,2.160762358220849
2022-07-27,2.175982194676285
2022-07-28,2.1723500366663746
2022-07-29,2.1759338291093306
2022-08-01,2.179775381916392
2022-08-02,2.1442572874338754
2022-08-03,2.125060424726954
2022-08-04,2.13575625840422
2022-08-05,2.161571022431689
2022-08-08,2.171664053075168
2022-08-09,2.1571198240799787
2022-08-10,2.0834499500720156
2022-08-11,2.102457029857671
2022-08-12,2.1076205936738597
2022-08-15,2.0875135741349555
2022-08-16,2.098796225600607
2022-08-17,2.110413339623392
2022-08-18,2.1083404565333583
2022-08-19,2.0609907100020233
2022-08-22,2.087031580608879
2022-08-23,2.0969720374408065
2022-08-24,2.0348882357344764
2022-08-25,2.040300674412957
2022-08-26,2.0358107335527182
2022-08-29,2.0299573624093
2022-08-30,2.017580734422319
2022-08-31,1.9992642842996462
2022-09-01,1.9780162054215686
2022-09-02,1.9493673186615434
2022-09-05,1.9522188687367232
2022-09-06,1.9940590017910267
2022-09-07,2.001277955040856
2022-09-08,1.9891925797606202
2022-09-09,2.0098990834320367
2022-09-13,2.0131309876685908
2022-09-14,1.9911459616207492
2022-09-15,1.937514596406722
2022-09-16,1.8972067404268496
2022-09-19,1.8828424788741644
2022-09-20,1.895581551046033
2022-09-21,1.8928642011993193
2022-09-22,1.8820477250764338
2022-09-23,1.856210393043724
2022-09-26,1.8625462344528194
2022-09-27,1.8865896921117185
2022-09-28,1.8581849437083826
2022-09-29,1.8742517298506174
2022-09-30,1.8468635080201492
2022-10-10,1.7758641419897139
2022-10-11,1.7865848903601975
2022-10-12,1.8288826534258724
2022-10-13,1.8298247302062705
2022-10-14,1.867002800264166
2022-10-17,1.8658934944506973
2022-10-18,1.8642980669927505
2022-10-19,1.8458722343805332
2022-10-20,1.822541859375499
2022-10-21,1.819883127505679
2022-10-24,1.7897993548429205
2022-10-25,1.7911342505921592
2022-10-26,1.7929556333303862
2022-10-27,1.790613821562087
2022-10-28,1.7324265145287043
2022-10-31,1.7190835083817753
2022-11-01,1.8233967161078808
2022-11-02,1.8960603457076062
2022-11-03,1.856858029082264
2022-11-04,1.9036808223900927
2022-11-07,1.8982124256630497
2022-11-08,1.8888524606303418
2022-11-09,1.859372610510462
2022-11-10,1.8389174522183511
2022-11-11,1.8743963705580737
2022-11-14,1.8642753812588282
2022-11-15,1.897927572282999
2022-11-16,1.879644645935019
2022-11-17,1.8876123573847006
2022-11-18,1.8710645064748943
2022-11-21,1.8431268038853197
2022-11-22,1.8286839780514266
2022-11-23,1.8325175159418607
2022-11-24,1.8185944909679403
2022-11-25,1.8197854876093518
2022-11-28,1.7956714712747974
2022-11-29,1.845079388032728
2022-11-30,1.85086084658712
2022-12-01,1.8752135747905314
2022-12-02,1.859111751308803
2022-12-05,1.8865948351574338
2022-12-06,1.893303388482455
2022-12-07,1.88560914974294
2022-12-08,1.8825086187601898
2022-12-09,1.8988804028453796
2022-12-12,1.902973517172632
2022-12-13,1.870984706743487
2022-12-14,1.8864619657607768
2022-12-15,1.909145080207186
2022-12-16,1.8996599131385705
2022-12-19,1.8597862343393783
2022-12-20,1.8278562716311275
2022-12-21,1.817460233032219
2022-12-22,1.8185370495030069
2022-12-23,1.8231528629746718
2022-12-26,1.8492227614066152
2022-12-27,1.8585278012624595
2022-12-28,1.8392514251887815
2022-12-29,1.8393791633391674
2022-12-30,1.844788191950628
2023-01-03,1.8774849957289736
2023-01-04,1.8670759449103531
2023-01-05,1.9248720266412305
2023-01-06,1.94803318263534
2023-01-09,1.9736142206829441
2023-01-10,1.9634505920021372
2023-01-11,1.947203122588512
2023-01-12,1.953766988793598
2023-01-13,1.970973574103254
2023-01-16,2.012173230010813
2023-01-17,2.010388188895427
2023-01-18,2.011803964298893
2023-01-19,2.0322880480514547
2023-01-20,2.046688462745002
2023-01-30,2.0529296810764133
2023-01-31,2.0363009101023746
2023-02-01,2.044703408675319
2023-02-02,2.0671796260362405
2023-02-03,2.0541450220030533
2023-02-06,2.011302085754638
2023-02-07,2.0087238211056273
2023-02-08,1.9984112590441023
2023-02-09,2.0299930354452957
2023-02-10,1.994703835842938
2023-02-13,2.045777484907055
2023-02-14,2.044446232912237
2023-02-15,2.0416391697671483
2023-02-16,2.0079454010592483
2023-02-17,1.9708379478443006
2023-02-20,2.030374022023213
2023-02-21,2.0249825764276284
2023-02-22,2.0257809008629786
2023-02-23,2.009580604035953
2023-02-24,1.9742527624307107
2023-02-27,1.9706306882522138
2023-02-28,1.9795954368444064
2023-03-01,2.028388458634475
2023-03-02,2.037338129748764
2023-03-03,2.0254056618409004
2023-03-06,2.0123084546460834
2023-03-07,1.9732062894583828
2023-03-08,1.9689732455693931
2023-03-09,1.960158995540625
2023-03-10,1.9296429894157732
2023-03-13,1.9698157901402302
2023-03-14,1.9529889901240418
2023-03-15,1.9430339614331378
2023-03-16,1.9136983389771363
2023-03-17,1.9280110927126288
2023-03-20,1.8847298867730298
2023-03-21,1.9067560755514283
2023-03-22,1.9092152050654343
2023-03-23,1.928402398756367
2023-03-24,1.960202422158384
2023-03-27,1.9395572519121596
2023-03-28,1.9213208340991046
2023-03-29,1.9228222407643119
2023-03-30,1.9285139294678706
2023-03-31,1.954590166406173
2023-04-03,1.9739935176527836
2023-04-04,1.9895282080677241
2023-04-06,1.9685764558067602
2023-04-07,1.9963143529037393
2023-04-10,1.9557817808871003
2023-04-11,1.953260865338207
2023-04-12,1.945615932793669
2023-04-13,1.9291995009448082
2023-04-14,1.9325268749122226
2023-04-17,1.9713447859844861
2023-04-18,1.9691026016129427
2023-04-19,1.9565815546807723
2023-04-20,1.9265065494387836
2023-04-21,1.8849086637326995
2023-04-24,1.8608192411949904
2023-04-25,1.8369351373486793
2023-04-26,1.84227846107693
2023-04-27,1.86275519075322
2023-04-28,1.8690955232243496
2023-05-04,1.8626869080972197
2023-05-05,1.8518586937974828
2023-05-08,1.8597924992375638
2023-05-09,1.8388973832349922
2023-05-10,1.8654164586040942
2023-05-11,1.8599230851068937
2023-05-12,1.8339285174420574
2023-05-15,1.864958433045187
2023-05-16,1.861910057427567
2023-05-17,1.8518011982784863
2023-05-18,1.8487868524084057
2023-05-19,1.8601490343342797
2023-05-22,1.876679624467252
2023-05-23,1.8582255680031305
2023-05-24,1.8328207745580625
2023-05-25,1.8232926947444092
2023-05-26,1.8149696923864846
2023-05-29,1.8069774867613675
2023-05-30,1.8113858286928404
2023-05-31,1.796699560769065
2023-06-01,1.8116694800128088
2023-06-02,1.8473397727832626
2023-06-05,1.8442583843688287
2023-06-06,1.8305609151372153
2023-06-07,1.8201869566435684
2023-06-08,1.8323665798141067
2023-06-09,1.8437111099183399
2023-06-12,1.887291467916442
2023-06-13,1.9263204025573426
2023-06-14,1.9498437424957047
2023-06-15,1.9980443381696134
2023-06-16,2.025414989149987
2023-06-19,2.04418974699634
2023-06-20,2.07338363088354
2023-06-21,2.052499975815092
2023-06-26,2.0008264675633334
2023-06-27,2.0011099744183145
2023-06-28,1.9906598018395256
2023-06-29,2.009127449221859
2023-06-30,2.0307972964317185
2023-07-03,2.04132551690387
2023-07-04,2.098944871887326
2023-07-05,2.0545158055491988
2023-07-06,2.059001012479452
2023-07-07,2.037145721173328
2023-07-10,2.05055045502502
2023-07-11,2.082899748953687
2023-07-12,2.0414320808114743
2023-07-13,2.0625015397036717
2023-07-14,2.051514010383344
2023-07-17,2.01862459422575
2023-07-18,2.026649308161072
2023-07-19,2.024813795458003
2023-07-20,1.988833943207355
2023-07-21,1.9941750044791788
2023-07-24,1.9988615714195448
2023-07-25,2.0434071176201063
2023-07-26,2.027323731680304
2023-07-27,2.035866517602689
2023-07-28,2.073237258624633
2023-07-31,2.0547587678598513
2023-08-01,2.043350282026956
2023-08-02,2.0344049091461547
2023-08-03,2.034850767505257
2023-08-04,2.0544061081246197
2023-08-07,2.048415308000974
2023-08-08,2.026317048021027
2023-08-09,2.000886147497933
2023-08-10,1.998303964571025
2023-08-11,1.9541126802319913
2023-08-14,1.947027163681885
2023-08-15,1.9420488646816163
2023-08-16,1.933131822426797
2023-08-17,1.9207141169218254
2023-08-18,1.88117939321418
2023-08-21,1.8627031704454058
2023-08-22,1.8976484764971722
2023-08-23,1.8641152489265314
2023-08-24,1.87839419038477
2023-08-25,1.8660285199627908
2023-08-28,1.8885129172998951
2023-08-29,1.9229005023346641
2023-08-30,1.9296645500044804
2023-08-31,1.924005984795863
2023-09-01,1.9263097842048942
2023-09-04,1.961096772998508
2023-09-05,1.952513739670019
2023-09-06,1.9417966543988163
2023-09-07,1.9140938481210785
2023-09-08,1.9140499264394177
2023-09-11,1.9511544238342697
2023-09-12,1.9641516582010208
2023-09-13,1.9278929482953056
2023-09-14,1.9197088268835267
2023-09-15,1.9039795722947617
2023-09-18,1.938583097957657
2023-09-19,1.9261079665317
2023-09-20,1.9162361830978356
2023-09-21,1.8982525185809775
2023-09-22,1.9440882330365152
2023-09-25,1.934823955075575
2023-09-26,1.9271678255153315
2023-09-27,1.9203736495549963
2023-09-28,1.926864702898397
2023-10-09,1.9385379597570545
2023-10-10,1.873651886234973
2023-10-11,1.8783262768566176
2023-10-12,1.8778081812657508
2023-10-13,1.8573574874375745
2023-10-16,1.8399883712473424
2023-10-17,1.8398008506793289
2023-10-18,1.8223005530190133
2023-10-19,1.7717794408517082
2023-10-20,1.7500679101408814
2023-10-23,1.7433464637704994
2023-10-24,1.7490866845215245
2023-10-25,1.7721221020123106
2023-10-26,1.7867514904274413
2023-10-27,1.8079853070086196
2023-10-30,1.826941970197169
2023-10-31,1.819661279742214
2023-11-01,1.8358968316155972
2023-11-02,1.8266254372992623
2023-11-03,1.8408009518595008
2023-11-06,1.8427504972178534
2023-11-07,1.8391604134222366
2023-11-08,1.8525808275077926
2023-11-09,1.8449151209503505
2023-11-10,1.8322234935949115
2023-11-13,1.8272533425902528
2023-11-14,1.8471206548996995
2023-11-15,1.8915954917670699
2023-11-16,1.878153678100047
2023-11-17,1.8859412653832335
2023-11-20,1.886349559024104
2023-11-21,1.8837953933121054
2023-11-22,1.8659987581788153
2023-11-23,1.8901146294517575
2023-11-24,1.8708210824228821
2023-11-27,1.8526126677944037
2023-11-28,1.8534504830402763
2023-11-29,1.8541856948283502
2023-11-30,1.8458555626941366
2023-12-01,1.8378120996248712
2023-12-04,1.8270046811522394
2023-12-05,1.7884503978748185
2023-12-06,1.7856417977579333
2023-12-07,1.7772280404100478
2023-12-08,1.7925111021345916
2023-12-11,1.8312007388780638
2023-12-12,1.830408801926556
2023-12-13,1.802594231383961
2023-12-14,1.7954232831469783
2023-12-15,1.7810847539849366
2023-12-18,1.7769495438408345
2023-12-19,1.7739812399897623
2023-12-20,1.7533516477281963
2023-12-21,1.7708686628098067
2023-12-22,1.765135328838944
2023-12-25,1.7820366191579442
2023-12-26,1.7665698138552788
2023-12-27,1.7697044131286064
2023-12-28,1.8169896692284255
2023-12-29,1.834927211308083
2024-01-02,1.806568356364948
2024-01-03,1.7917923452102016
2024-01-04,1.7694422030265948
2024-01-05,1.7484654768997163
2024-01-08,1.718218774630311
2024-01-09,1.7206128365704474
2024-01-10,1.7259079044145749
2024-01-11,1.7279279750801526
2024-01-12,1.7058138498575428
2024-01-15,1.695270253204264
2024-01-16,1.6866420623450904
2024-01-17,1.633056924107202
2024-01-18,1.6554844583482486
2024-01-19,1.6420812067345492
2024-01-22,1.610181740283821
2024-01-23,1.6160588926179356
2024-01-24,1.6283208861550411
2024-01-25,1.6511372790257934
2024-01-26,1.6353523284235092
2024-01-29,1.6127071093658283
2024-01-30,1.5842812640291386
2024-01-31,1.5578816710578602
2024-02-01,1.5570347737923673
2024-02-02,1.5306709389055584
2024-02-05,1.529922638031378
2024-02-06,1.6021694057725355
2024-02-07,1.6317955033076788
2024-02-08,1.6560895515753986
2024-02-19,1.6628576009301919
2024-02-20,1.6446586449004088
2024-02-21,1.6708542127271213
2024-02-22,1.69776468064678
2024-02-23,1.7100551828375352
2024-02-26,1.7126025875436828
2024-02-27,1.7359826005325845
2024-02-28,1.6964975463210705
2024-02-29,1.7200410852294614
2024-03-01,1.7255262897760422
2024-03-04,1.7325299994335026
2024-03-05,1.740824535889327
2024-03-06,1.742977080556952
2024-03-07,1.7291509226830044
2024-03-08,1.7177471755517946
2024-03-11,1.731261271949213
2024-03-12,1.773652921445644
2024-03-13,1.7690568479795545
2024-03-14,1.7620289764123862
2024-03-15,1.7958211930575945
2024-03-18,1.8033502591832757
2024-03-19,1.8168265153935128
2024-03-20,1.8047568044846711
2024-03-21,1.7981646346137063
2024-03-22,1.7629163338130993
2024-03-25,1.7747553440754633
2024-03-26,1.801189627346535
2024-03-27,1.7790119146078545
2024-03-28,1.802931808039237
2024-03-29,1.8027573895286755
2024-04-01,1.8270043135018095
2024-04-02,1.8205591804187853
2024-04-03,1.8165746254726587
2024-04-08,1.8252196390559883
2024-04-09,1.8259036841795588
2024-04-10,1.8154051481162417
2024-04-11,1.8247974595959526
2024-04-12,1.8147519718033476
2024-04-15,1.834758988004425
2024-04-16,1.8042842336213913
2024-04-17,1.8500549049170754
2024-04-18,1.8279481466693823
2024-04-19,1.7810555985811114
2024-04-22,1.7666434494881216
2024-04-23,1.7678281576862096
2024-04-24,1.7732967635341321
2024-04-25,1.776467284576824
2024-04-26,1.8110512352951622
2024-04-29,1.8356106686170006
2024-04-30,1.8552343594465348
2024-05-06,1.8760985358762614
2024-05-07,1.8635664963319967
2024-05-08,1.8545183490135293
2024-05-09,1.8606655598524495
2024-05-10,1.8448686173769302
2024-05-13,1.8299230776170798
2024-05-14,1.8106361426089352
2024-05-15,1.7978856837347363
2024-05-16,1.7992424022587274
2024-05-17,1.8150883942613423
2024-05-20,1.824967079973802
2024-05-21,1.8144101414154332
2024-05-22,1.8175608478073881
2024-05-23,1.7995864122714376
2024-05-24,1.776628743431459
2024-05-27,1.7837019406090933
2024-05-28,1.7812726157997794
2024-05-29,1.7784152540582734
2024-05-30,1.766582252329447
2024-05-31,1.7663668175078013
2024-06-03,1.7675002557731871
2024-06-04,1.7715314371001183
2024-06-05,1.7718911065870027
2024-06-06,1.772693629561583
2024-06-07,1.7585795616962536
2024-06-11,1.7425880871035213
2024-06-12,1.7726348617066294
2024-06-13,1.7486344192169234
2024-06-14,1.74714216555256
2024-06-17,1.7330176296047008
2024-06-18,1.7386664705409531
2024-06-19,1.7145628234827417
2024-06-20,1.7037019898800028
2024-06-21,1.7015628354629082
2024-06-24,1.688880112494948
2024-06-25,1.6873245755805029
2024-06-26,1.6997084676395233
2024-06-27,1.6801882958242913
2024-06-28,1.680211973107245
2024-07-01,1.6749936795703055
2024-07-02,1.6732105978321892
2024-07-03,1.6627026790860793
2024-07-04,1.6525401298812243
2024-07-05,1.6553514836618521
2024-07-08,1.6332986461836658
2024-07-09,1.6596043732131185
2024-07-10,1.6801855982028822
2024-07-11,1.718718823369356
2024-07-12,1.7317086350209765
2024-07-15,1.7342136485259385
2024-07-16,1.7418973720055746
2024-07-17,1.7246694082973881
2024-07-18,1.7328156559833618
2024-07-19,1.7387938179164786
2024-07-22,1.7304106875309588
2024-07-23,1.6826148693037624
2024-07-24,1.6727223110726626
2024-07-25,1.6589998365393774
2024-07-26,1.6665543875485485
2024-07-29,1.6483014100098972
2024-07-30,1.6324679857430886
2024-07-31,1.6840237349636322
2024-08-01,1.6563856048726135
2024-08-02,1.637161018524344
2024-08-05,1.6227766459709079
2024-08-06,1.622519329726622
2024-08-07,1.622414086830823
2024-08-08,1.6313627255160619
2024-08-09,1.6261038562199546
2024-08-12,1.622656510638602
2024-08-13,1.6170577231799186
2024-08-14,1.5998940995081343
2024-08-15,1.632162875823682
2024-08-16,1.6414103775348816
2024-08-19,1.6375741146157177
2024-08-20,1.621720393301631
2024-08-21,1.6362837775710444
2024-08-22,1.6251929373455094
2024-08-23,1.6342270111224306
2024-08-26,1.6358563261519121
2024-08-27,1.6330565582392094
2024-08-28,1.6255820985785903
2024-08-29,1.6464827679843528
2024-08-30,1.6610527633772116
2024-09-02,1.6512028054316432
2024-09-03,1.6692107747170557
2024-09-04,1.6658772326836255
2024-09-05,1.6721720683420482
2024-09-06,1.6510142987772451
2024-09-09,1.595835544221313
2024-09-10,1.6104332290925525
2024-09-11,1.6206034939257907
2024-09-12,1.6073108863523529
2024-09-13,1.5944394543386968
2024-09-18,1.6147775061357412
2024-09-19,1.61018662169333
2024-09-20,1.6106263920886943
2024-09-23,1.62440413039269
2024-09-24,1.6950448613050833
2024-09-25,1.7123170842816258
2024-09-26,1.7843252635882862
2024-09-27,1.8651034838306784
2024-09-30,2.0036719650683863
2024-10-08,2.081723641760049
2024-10-09,1.9636721528332233
2024-10-10,1.9922720084578855
2024-10-11,1.9131942129921584
2024-10-14,1.9423596015551052
2024-10-15,1.891908393427653
2024-10-16,1.8692524513543458
2024-10-17,1.843580744905376
2024-10-18,1.9041319803310988
2024-10-21,1.8981507096055301
2024-10-22,1.9205435598570506
2024-10-23,1.924038475323649
2024-10-24,1.8983686249475142
2024-10-25,1.902640027296827
2024-10-28,1.917188857885215
2024-10-29,1.9122433444590776
2024-10-30,1.900177549864144
2024-10-31,1.9067777914110524
2024-11-01,1.9095146904334075
2024-11-04,1.9383025632418907
2024-11-05,1.980740559415468
2024-11-06,1.9634779645822098
2024-11-07,2.0166545662797324
2024-11-08,2.0024052192924877
2024-11-11,2.0335395487378873
2024-11-12,1.997801764062511
2024-11-13,2.009312566689508
2024-11-14,1.9754976122234633
2024-11-15,1.951642793154734
2024-11-18,1.941063957727891
2024-11-19,1.9608522390312624
2024-11-20,1.9825553866355883
2024-11-21,1.976328263052245
2024-11-22,1.923325920349385
2024-11-25,1.9121623457653627
2024-11-26,1.8927212596656109
2024-11-27,1.935407364962017
2024-11-28,1.914988092420732
2024-11-29,1.9405282568235647
2024-12-02,1.9301490159302184
2024-12-03,1.9168189890313925
2024-12-04,1.9139682863524907
2024-12-05,1.9023798399974976
2024-12-06,1.921047773860384
2024-12-09,1.9235440731599545
2024-12-10,1.9343465563072042
2024-12-11,1.9312481385073934
2024-12-12,1.9409693838957256
2024-12-13,1.8858132502686429
2024-12-16,1.8777359557856868
2024-12-17,1.883799466514554
2024-12-18,1.8921971673807538
2024-12-19,1.8871942882976729
2024-12-20,1.865867416961232
2024-12-23,1.8544896083181015
2024-12-24,1.875686752843953
2024-12-25,1.8781921545272038
2024-12-26,1.893984968840092
2024-12-27,1.874943128946108
2024-12-30,1.8742881028330944
2024-12-31,1.8557802576385585
2025-01-02,1.7939651066113054
2025-01-03,1.7632571642993535
2025-01-06,1.75274864541836
2025-01-07,1.7456348343800274
2025-01-08,1.7444216413929716
2025-01-09,1.73011701844049
2025-01-10,1.713636579467709
2025-01-13,1.7164901745296715
2025-01-14,1.7657413887561948
2025-01-15,1.740701430416506
2025-01-16,1.7392001856430948
2025-01-17,1.7374365762290238
2025-01-20,1.7632173504097017
2025-01-21,1.774990983323987
2025-01-22,1.758679206321966
2025-01-23,1.754986463842629
2025-01-24,1.789117810385769
2025-01-27,1.787177834310039
2025-02-05,1.791634565659432
2025-02-06,1.8383221600940192
2025-02-07,1.9112520959071215
2025-02-10,1.9116723914703473
2025-02-11,1.896233066450969
2025-02-12,1.9281861255294601
2025-02-13,1.9438478386534122
2025-02-14,1.982531924834776
2025-02-17,1.9816211828050045
2025-02-18,1.9449745827620992
2025-02-19,1.9805143738020639
2025-02-20,1.9916023187889984
2025-02-21,1.9997311541910086
2025-02-24,1.9869071241006595
2025-02-25,1.9743176532410551
2025-02-26,1.9715431644273855
2025-02-27,1.9693372728976304
2025-02-28,1.926344489426447
2025-03-03,1.9493071440678251
2025-03-04,1.9510686190760986
2025-03-05,1.9648925096873757
2025-03-06,2.0074357687831723
2025-03-07,2.033840258961879
2025-03-10,2.028003497778728
2025-03-11,2.0282635266035562
2025-03-12,2.022247496429237
2025-03-13,2.0177719591466152
2025-03-14,2.0589879433191696
2025-03-17,2.04519280968957
2025-03-18,2.028146278760708
2025-03-19,2.0245487339480244
2025-03-20,2.0078024215014394
2025-03-21,1.9656896717699284
2025-03-24,1.9789978270329327
2025-03-25,1.968752906496271
2025-03-26,1.9729120423861495
2025-03-27,1.9780424570093653
2025-03-28,1.9717312877336137
2025-03-31,1.9620436595963269
2025-04-01,1.9666925355610323
2025-04-02,1.9676532552134391
2025-04-03,1.9522366881658255
2025-04-07,1.8193570655106084
2025-04-08,1.8453724102392468
2025-04-09,1.8680526516260783
2025-04-10,1.882207021850459
2025-04-11,1.8864867768202636
2025-04-14,1.8893096763989898
2025-04-15,1.8807545070785239
2025-04-16,1.8873448156515744
2025-04-17,1.8912868284568463
2025-04-18,1.8924528241615948
2025-04-21,1.9075089620022545
2025-04-22,1.8919783980743399
2025-04-23,1.908139139035305
2025-04-24,1.9076464976326548
2025-04-25,1.9124389415244791
2025-04-28,1.895224964261842
2025-04-29,1.8994223762060598
2025-04-30,1.9144022863243142
2025-05-06,1.9438836605556689
2025-05-07,1.9465330893236101
2025-05-08,1.9484111647504723
2025-05-09,1.9529917432658788
2025-05-12,1.9613157756910158
2025-05-13,1.961877231443423
2025-05-14,1.9724584263658136
2025-05-15,1.954944987910999
2025-05-16,1.9591698004839664
2025-05-19,1.9398455491573423
2025-05-20,1.9380863866529252
2025-05-21,1.9572475932330808
2025-05-22,1.9561092808791152
2025-05-23,1.929668404575623
2025-05-26,1.9104715556163134
2025-05-27,1.9024670141416244
2025-05-28,1.9104199543364286
2025-05-29,1.9567253528984565
2025-05-30,1.9316752295433506
2025-06-03,1.9067080680797905
2025-06-04,1.9138943135716882
2025-06-05,1.909630325959068
2025-06-06,1.9088056512167604
2025-06-09,1.9042696601981506
2025-06-10,1.890761245709718
2025-06-11,1.8932949356950488
2025-06-12,1.8801236354436348
2025-06-13,1.8603060425417746
2025-06-16,1.852292678297672
2025-06-17,1.8521622890364837
2025-06-18,1.8498734147860805
2025-06-19,1.839433129481355
2025-06-20,1.8400413232935724
2025-06-23,1.846896021775983
2025-06-24,1.8773859818146799
2025-06-25,1.8908093629295164
2025-06-26,1.8832367814642679
2025-06-27,1.8801163721950522
2025-06-30,1.8905257290250077
2025-07-01,1.887712948209914
2025-07-02,1.8947736700707833
2025-07-03,1.8914188624835442
2025-07-04,1.9010442550836482
2025-07-07,1.88349787381647
2025-07-08,1.914139122203451
2025-07-09,1.9291241127440246
2025-07-10,1.9257077294527765
2025-07-11,1.9235987345627297
2025-07-14,1.9218739531562454
2025-07-15,1.9395200408153044
2025-07-16,1.9381305232164454
2025-07-17,1.9435071979918968
2025-07-18,1.9567076706075512
2025-07-21,1.9704364018504557
2025-07-22,2.019688405482209
2025-07-23,1.9926392624443974
2025-07-24,2.0169009900930157
2025-07-25,1.9932061737412525
2025-07-28,2.01307021961346
2025-07-29,2.035932186118137
2025-07-30,2.028721530864396
2025-07-31,2.01794759867128
2025-08-01,2.004000011725895
2025-08-18,2.112565225773404
2025-08-19,2.0936952762224705
2025-08-20,2.1344979438509837
2025-08-21,2.137126127464552
2025-08-22,2.164235297707959
2025-08-25,2.1990378966181408
2025-08-26,2.2113596412068213
2025-08-27,2.175895744712694
2025-08-28,2.1976985379423737
2025-08-29,2.2005808566397156
2025-09-01,2.2097573606591445
2025-09-02,2.1770158187539135
2025-09-03,2.182595467217397
2025-09-04,2.1425640750463963
2025-09-05,2.190918612589203
2025-09-08,2.1961130855209663
2025-09-09,2.183143064053162
2025-09-10,2.1795029350274064
2025-09-11,2.204370048371125
2025-09-12,2.186571881743516
2025-09-15,2.200428665809761
2025-09-16,2.2121647527717694
2025-09-17,2.2584329633916287
2025-09-18,2.246874965271287
2025-09-19,2.2521020133613967
2025-09-22,2.252625937350743
2025-09-23,2.2575448414172796
2025-09-24,2.291292001581161
2025-09-25,2.3259126526480647
2025-09-26,2.2922633380888295
2025-09-29,2.3284625897209046
2025-09-30,2.358049009078849
2025-10-09,2.373852854540089
2025-10-10,2.304018721024812
2025-10-13,2.282037397266237
2025-10-14,2.268133396151511
2025-10-15,2.310444411300638
2025-10-16,2.3287055949470323
2025-10-17,2.227676452246525
2025-10-20,2.233120802853989
2025-10-21,2.250989554810042
2025-10-22,2.248358516513314
2025-10-23,2.2513079117882313
2025-10-24,2.2747388438479805
2025-10-27,2.2800798736337082
2025-10-28,2.2311610217067854
2025-10-29,2.2440345264367676
2025-10-30,2.234907729550936
2025-10-31,2.233119892131874
2025-11-03,2.2314831269548905
2025-11-04,2.207220585645461
2025-11-05,2.2078054612861275
2025-11-06,2.2445295136122927
2025-11-07,2.2451199952929883
2025-11-10,2.237318663648636
2025-11-11,2.2119341340007725
2025-11-12,2.198977998139591
2025-11-13,2.2148433805777117
2025-11-14,2.178367772816704
2025-11-17,2.1755688328359994
2025-11-18,2.171705700041444
2025-11-19,2.1633157125930813
2025-11-20,2.14847135174712
2025-11-21,2.1090401133116576
2025-11-24,2.1202500942783433
2025-11-25,2.1281896689618813
2025-11-26,2.1378894728834674
2025-11-27,2.119553071209301
2025-11-28,2.1294056788632507
2025-12-01,2.1302117948382313
2025-12-02,2.114437100768317
2025-12-03,2.104692023561618
2025-12-04,2.1154253975162063
2025-12-05,2.1396322199910762
2025-12-08,2.1403228776232632
2025-12-09,2.1248723902766082
2025-12-10,2.129497736996758
2025-12-11,2.113549277453997
2025-12-12,2.136872076973616
2025-12-15,2.1101860999961692
2025-12-16,2.096494944137731
2025-12-17,2.135349943668928
2025-12-18,2.1253288315829493
2025-12-19,2.158615896335861
2025-12-22,2.1632644729371053
2025-12-23,2.1570173499137697
2025-12-24,2.16607752758161
2025-12-25,2.1638127962680613
2025-12-26,2.1671221128274007
2025-12-29,2.147806394986166
2025-12-30,2.155908865105719
2025-12-31,2.1461964259240793
2026-01-05,2.199610301944862
2026-01-06,2.257603421540615
2026-01-07,2.265331381604606
2026-01-08,2.2466585337080964
2026-01-09,2.2936429995141934
2026-01-12,2.325865621211818
2026-01-13,2.343206626513168
2026-01-14,2.3394996024874213
2026-01-15,2.3185726732274725
2026-01-16,2.297190882028068
2026-01-19,2.2931051682984958
2026-01-20,2.2847999057075197
2026-01-21,2.2737233384714024
2026-01-22,2.274487274610412
2026-01-23,2.2979384056174244
2026-01-26,2.2868112827515525
2026-01-27,2.2704196563469523
2026-01-28,2.2427221288066876
2026-01-29,2.2540072678016667
2026-01-30,2.2328232517237674
2026-02-02,2.1921625614815308
2026-02-03,2.2662149190908263
2026-02-04,2.299746320683055
2026-02-05,2.2886594193503043
2026-02-06,2.251003012176497
2026-02-09,2.2923676680871696
2026-02-10,2.2971707515084545
2026-02-11,2.3011825019762764
2026-02-12,2.3156997124769436
2026-02-13,2.291499502338699
2026-02-24,2.3230763556078644
2026-02-25,2.3406439698768176
2026-02-26,2.334206070831984
2026-02-27,2.3411200062121544
2026-03-02,2.3400423607358776
2026-03-03,2.29669801127149
2026-03-04,2.2830302583571447
2026-03-05,2.2898791385311528
2026-03-06,2.310720853054259
2026-03-09,2.322243273077665
2026-03-10,2.355583636004455
2026-03-11,2.376547464742161
2026-03-12,2.371248521233125
2026-03-13,2.3374463177257825
2026-03-16,2.3221393987080696
2026-03-17,2.2961278767156723
2026-03-18,2.2994169546979846
2026-03-19,2.2705432550233544
2026-03-20,2.252856661907071
2026-03-23,2.1818587201601556
2026-03-24,2.194922376180544
2026-03-25,2.211330683635965
2026-03-26,2.1702159762848114
2026-03-27,2.188682753657147
2026-03-30,2.183679905084361
2026-03-31,2.17000407605551
2026-04-01,2.224659491805814
2026-04-02,2.207232603439005
2026-04-03,2.1968006480212767
2026-04-07,2.189401695413583
2026-04-08,2.2615014768541815
2026-04-09,2.2606226744091145
2026-04-10,2.2660041878786887
2026-04-13,2.2437153033884645
2026-04-14,2.276475496337637
2026-04-15,2.272489914557806
2026-04-16,2.2925803321498432
2026-04-17,2.267060787867799
2026-04-20,2.266431249032989
2026-04-21,2.268664036489717
2026-04-22,2.2733037265709353
2026-04-23,2.3158802972168027
2026-04-24,2.3305300697559255
2026-04-27,2.307896691248431
2026-04-28,2.302527062310311
2026-04-29,2.3115955195578155
2026-04-30,2.289165996460573
2026-05-06,2.3081699084982787
2026-05-07,2.3209590736756596
2026-05-08,2.3321044852468673
2026-05-11,2.38947287554195
2026-05-12,2.3825085201561365
2026-05-13,2.428354590649979
2026-05-14,2.3950525505455564
2026-05-15,2.3709389957469553
2026-05-18,2.3276834083647895
2026-05-19,2.327061590170762
2026-05-20,2.314800239568039
2026-05-21,2.3070337565107075
2026-05-22,2.3179367168551024
2026-05-25,2.2885797081342467
2026-05-26,2.2670041549031423
2026-05-27,2.2751323927091662
2026-05-28,2.25144223397951
2026-05-29,2.2430029823984086
2026-06-01,2.252287727113899
2026-06-02,2.2411979276471707
2026-06-03,2.2299971555762346
2026-06-04,2.2317225537943286
2026-06-05,2.210364447892654
2026-06-08,2.21404521734302
2026-06-09,2.2207306415961203
2026-06-10,2.1674541208185714
2026-06-11,2.1335597497449603
2026-06-12,2.148443588664529
2026-06-15,2.147099600958504
2026-06-16,2.149155127383084
2026-06-17,2.135116708254128
2026-06-18,2.11614310434199
2026-06-22,2.1350740506578267
2026-06-23,2.117998379139962
2026-06-24,2.1180515340804393
2026-06-25,2.107748422799821
2026-06-26,2.072134143738083
2026-06-29,2.084682022471866
2026-06-30,2.0897989188755743
2026-07-01,2.075380155844604
2026-07-02,2.0591230922105734
2026-07-03,2.1070672978453473
2026-07-06,2.1327906204407796
2026-07-07,2.119389116320759
2026-07-08,2.1155005466451064
2026-07-09,2.1270248609604288
2026-07-10,2.1424738018048113
2026-07-13,2.0951659681900687
2026-07-14,2.096935893328686
2026-07-15,2.124416695930964
2026-07-16,2.1039524424946494
2026-07-17,2.0576314846570827
2026-07-20,2.107005953580072
2026-07-21,2.1250218263766154
2026-07-22,2.1410170390679863
2026-07-23,2.14661069412333
2026-07-24,2.1067882110583667
2026-07-27,2.109394112295379
2026-07-28,2.106382817585403
2026-07-29,2.1233294478237767
2026-07-30,2.142442360436738
2026-07-31,2.164244004099446
2026-08-03,2.1359304467158386
2026-08-04,2.131652271175349
2026-08-05,2.1608868360336224
2026-08-06,2.1590969105386275
2026-08-07,2.1709017091965497
2026-08-10,2.182242696938319
2026-08-11,2.177017189220832
2026-08-12,2.1578277598855102
2026-08-13,2.161281430238379
2026-08-14,2.1504665327524775
2026-08-17,2.146165621020803
2026-08-18,2.141643339015255
2026-08-19,2.100125070639285
2026-08-20,2.1082345618364666
2026-08-21,2.0895897187514034
2026-08-24,2.0747697572708983
