quant_rank,code,stock_name,industry,latest_trade_date,latest_close,price_percentile_5y,price_percentile_1y,distance_from_52w_low_pct,ma20,ma60,ma120,ma250,ma20_slope_pct,ma60_slope_pct,trend_confirmation_level,atr14,relative_strength_20d,relative_strength_60d,avg_turnover_20d,quant_score,quant_status,hard_blockers,soft_blockers,rejection_reasons
1,002739,儒意电影,R 文化传播,2026-07-07,9.91,0.076,0.252,24.3413,8.79,9.3,10.1,10.81,2.0783,-0.0895,MEDIUM,0.59,12.7759,-8.7235,575581518.0,78.6052,PRIORITY_RESEARCH,,,
2,002049,紫光国微,C 制造业,2026-07-07,82.0,0.488,0.824,32.4717,80.57,77.8,77.18,76.22,2.627,1.8349,STRONG,4.87,14.451,10.4017,3357973306.75,77.1853,PRIORITY_RESEARCH,,,
3,000567,海德股份,J 金融业,2026-07-07,6.0,0.1744,0.344,19.0476,5.9,5.95,5.83,6.31,1.0098,1.3714,MEDIUM,0.27,5.3828,5.6468,150093885.6,73.0167,PRIORITY_RESEARCH,,,
4,002367,康力电梯,C 制造业,2026-07-07,6.43,0.128,0.2,22.7099,6.13,6.11,6.96,7.09,5.3664,0.6089,MEDIUM,0.43,14.825,-9.3461,162708051.7,72.8531,PRIORITY_RESEARCH,,,
5,002179,中航光电,C 制造业,2026-07-07,43.16,0.544,0.98,33.7465,41.11,38.9,37.17,37.5,4.1982,2.045,STRONG,2.6,19.4372,12.4747,2300011399.95,71.0912,PRIORITY_RESEARCH,,,
6,002129,TCL中环,C 制造业,2026-07-07,11.02,0.408,0.972,49.3225,10.54,9.61,9.61,9.16,4.0472,2.0882,MEDIUM,0.79,20.8173,19.4206,3770661033.5,70.3238,PRIORITY_RESEARCH,,,
7,000818,航锦科技,C 制造业,2026-07-07,15.56,0.0584,0.184,27.1242,13.6,14.82,18.32,20.26,2.6297,-1.9801,WEAK,1.15,17.7081,-8.8058,560776208.15,69.2902,PRIORITY_RESEARCH,,,
8,002714,牧原股份,A 农林牧渔,2026-07-07,38.49,0.1296,0.116,18.9431,35.05,39.39,43.05,46.42,1.6087,-1.1765,WEAK,1.72,9.9834,-21.6152,2401076659.25,67.2368,PRIORITY_RESEARCH,,,
9,002180,奔图科技,C 制造业,2026-07-07,16.59,0.028,0.14,25.3968,15.0,16.65,18.32,20.35,1.1937,-0.055,WEAK,0.98,1.6143,-11.0053,463004443.85,66.8857,PRIORITY_RESEARCH,,,
26,002192,融捷股份,B 采矿业,2026-07-07,97.6,0.6864,0.972,221.0526,88.6,87.27,72.91,56.65,4.834,2.1637,STRONG,7.93,28.9886,27.7391,2804348172.3,66.1,PRIORITY_RESEARCH,,,
41,002805,丰元股份,C 制造业,2026-07-07,26.33,0.6672,0.952,107.9779,25.77,22.7,19.85,17.4,6.9987,4.0021,STRONG,2.33,30.5912,45.555,708400360.1,66.1,PRIORITY_RESEARCH,,,
42,002821,凯莱英,C 制造业,2026-07-07,153.1,0.7016,0.976,85.239,137.48,126.01,114.05,107.19,8.6969,2.5799,STRONG,13.06,33.2911,20.5372,1661401621.25,66.1,PRIORITY_RESEARCH,,,
50,002841,视源股份,C 制造业,2026-07-07,43.08,0.4816,0.988,33.8304,35.17,36.47,37.0,37.66,2.0263,1.314,MEDIUM,1.87,21.7115,19.5261,215811407.85,65.9251,PRIORITY_RESEARCH,,,
51,000963,华东医药,F 批发零售,2026-07-07,29.23,0.0664,0.108,10.6778,28.7,30.95,33.67,37.98,1.3438,-1.7421,WEAK,1.47,2.8363,-27.7872,629619417.75,65.9049,PRIORITY_RESEARCH,,,
55,002458,益生股份,A 农林牧渔,2026-07-07,8.67,0.1792,0.38,11.583,8.31,9.28,9.37,9.04,3.0316,-0.2811,WEAK,0.51,6.0576,-17.3502,380549007.2,65.6712,PRIORITY_RESEARCH,,,
62,002617,露笑科技,C 制造业,2026-07-07,9.7,0.7112,0.94,36.0449,9.23,8.74,8.62,8.46,2.3975,2.1593,STRONG,0.64,17.9215,21.2575,2260604452.8,65.0179,PRIORITY_RESEARCH,,,
64,002120,韵达股份,G 运输仓储,2026-07-07,6.88,0.1168,0.316,10.789,6.53,7.01,6.94,7.2,0.6469,0.2,WEAK,0.26,2.1528,-6.7968,246250206.4,64.1013,PRIORITY_RESEARCH,,,
74,000519,中兵红箭,C 制造业,2026-07-07,20.44,0.712,0.796,30.2741,20.32,18.85,18.74,19.14,1.1928,1.6058,STRONG,1.38,7.7015,11.6724,1900627137.65,63.0374,PRIORITY_RESEARCH,,,
75,002223,鱼跃医疗,C 制造业,2026-07-07,25.99,0.056,0.064,5.1375,25.7,28.18,33.03,34.83,0.1676,-2.08,WEAK,0.96,0.002,-30.5607,300222953.6,62.5199,PRIORITY_RESEARCH,,,
78,002038,双鹭药业,C 制造业,2026-07-07,5.83,0.0192,0.096,15.9046,5.61,6.25,6.61,7.17,3.2962,-2.6211,WEAK,0.55,4.0513,-34.4369,266541416.05,61.929,PRIORITY_RESEARCH,,,
79,002311,海大集团,C 制造业,2026-07-07,47.15,0.2424,0.164,14.4417,44.05,46.09,49.64,54.2,0.6121,-0.9034,WEAK,1.76,4.1181,-15.8072,483900321.9,61.7877,PRIORITY_RESEARCH,,,
80,002182,宝武镁业,C 制造业,2026-07-07,14.35,0.344,0.424,21.1993,13.92,15.09,16.62,15.18,1.9627,-0.5547,WEAK,0.93,6.5664,-21.8194,519684559.5,61.7747,PRIORITY_RESEARCH,,,
81,002312,川发龙蟒,C 制造业,2026-07-07,9.34,0.3352,0.088,12.9383,9.19,10.01,11.05,11.21,1.9191,-1.6269,WEAK,0.55,10.213,-27.7653,485205430.95,61.2155,PRIORITY_RESEARCH,,,
82,000513,丽珠集团,C 制造业,2026-07-07,30.48,0.0232,0.072,7.2107,30.11,31.43,33.26,35.82,-0.1178,-1.1222,WEAK,0.96,-0.7173,-20.1506,185254242.5,61.0551,PRIORITY_RESEARCH,,,
83,002268,电科网安,I 信息技术,2026-07-07,14.54,0.0784,0.116,18.2114,13.27,14.86,17.11,17.56,0.257,-1.4471,WEAK,0.66,5.4592,-22.8419,159469350.45,60.669,PRIORITY_RESEARCH,,,
84,002415,海康威视,C 制造业,2026-07-07,33.86,0.596,0.924,23.4415,32.56,32.84,32.09,31.1,2.4543,0.8631,MEDIUM,1.73,9.0239,1.2286,3023328595.3,60.5252,PRIORITY_RESEARCH,,,
86,002123,梦网科技,I 信息技术,2026-07-07,8.14,0.1064,0.096,13.6872,7.69,8.87,10.25,11.89,0.0716,-1.6462,WEAK,0.4,2.1716,-28.6959,162935375.1,59.8595,PRIORITY_RESEARCH,,,
87,002100,天康生物,C 制造业,2026-07-07,6.6,0.1816,0.256,13.2075,6.26,7.01,7.14,7.09,0.9275,-1.1747,WEAK,0.28,2.0366,-23.9146,145647418.35,59.781,PRIORITY_RESEARCH,,,
88,000800,一汽解放,C 制造业,2026-07-07,6.22,0.0264,0.132,6.3248,6.1,6.4,6.6,6.84,0.3787,-0.6312,WEAK,0.21,1.4623,-16.4098,116986885.4,59.4344,PRIORITY_RESEARCH,,,
90,000848,承德露露,C 制造业,2026-07-07,8.06,0.1632,0.152,10.2599,7.71,8.25,8.29,8.55,-0.149,-0.0545,WEAK,0.23,1.1407,-8.1729,93282874.6,59.1863,PRIORITY_RESEARCH,,,
92,000521,长虹美菱,C 制造业,2026-07-07,5.65,0.4032,0.112,13.2265,5.63,5.64,6.04,6.6,1.1858,-0.1004,MEDIUM,0.35,0.002,-11.1755,151753906.8,58.9495,PRIORITY_RESEARCH,,,
93,000756,新华制药,C 制造业,2026-07-07,13.88,0.2168,0.096,16.1506,13.21,13.82,14.72,15.57,3.174,-0.267,WEAK,1.0,8.4927,-16.1957,249621489.05,58.7642,PRIORITY_RESEARCH,,,
94,000301,东方盛虹,C 制造业,2026-07-07,12.43,0.5768,0.812,49.759,12.03,12.26,12.04,10.69,1.6861,0.9471,MEDIUM,0.74,6.0236,0.1373,398743681.8,58.7597,PRIORITY_RESEARCH,,,
95,002935,天奥电子,C 制造业,2026-07-07,21.73,0.6312,0.824,46.0349,21.5,20.87,20.88,18.92,4.6156,1.8345,MEDIUM,1.19,15.6298,8.1556,265313884.35,58.4226,PRIORITY_RESEARCH,,,
97,000728,国元证券,J 金融业,2026-07-07,7.41,0.5472,0.168,9.9407,7.33,7.33,7.73,8.2,2.0475,-0.0818,MEDIUM,0.31,6.8901,-13.0549,443573550.35,58.0836,PRIORITY_RESEARCH,,,
98,002601,龙佰集团,C 制造业,2026-07-07,16.15,0.0664,0.096,15.9368,16.21,16.41,18.3,18.24,4.306,-0.3219,NONE,0.95,12.2213,-18.5996,867078711.65,57.9622,SECONDARY_RESEARCH,,trend_unconfirmed,trend_unconfirmed
99,002563,森马服饰,C 制造业,2026-07-07,5.65,0.3688,0.752,12.1032,5.35,5.52,5.48,5.52,0.2812,0.1422,MEDIUM,0.18,3.08,-3.9854,97857756.4,57.9156,SECONDARY_RESEARCH,,,
105,000989,九芝堂,C 制造业,2026-07-07,8.16,0.1856,0.1,7.6517,8.01,8.68,8.84,9.62,0.8308,-1.2832,WEAK,0.32,1.6225,-23.5984,92762738.0,57.6667,SECONDARY_RESEARCH,,,
107,002698,博实股份,C 制造业,2026-07-07,12.75,0.26,0.088,14.2473,12.12,13.17,14.42,15.43,1.8097,-0.0063,WEAK,0.73,-3.1159,-15.288,244599719.5,57.5913,SECONDARY_RESEARCH,,,
108,002567,唐人神,C 制造业,2026-07-07,3.59,0.0184,0.092,12.5392,3.39,3.79,4.05,4.43,0.5929,-1.0908,WEAK,0.16,3.4877,-21.4967,82592428.55,57.5462,SECONDARY_RESEARCH,,,
110,002548,金新农,C 制造业,2026-07-07,4.02,0.1816,0.156,14.5299,3.89,4.44,5.36,5.06,0.3095,-2.2796,WEAK,0.22,-3.466,-33.5613,124064797.65,57.5021,SECONDARY_RESEARCH,,,
111,000049,德赛电池,C 制造业,2026-07-07,24.61,0.2752,0.284,10.6565,23.83,26.12,26.31,26.04,-0.132,-0.2622,WEAK,0.98,2.311,-10.9949,195286328.95,57.4346,SECONDARY_RESEARCH,,,
112,002500,山西证券,J 金融业,2026-07-07,5.31,0.2104,0.116,7.9268,5.22,5.37,5.64,5.98,1.4269,-0.3308,WEAK,0.19,5.2015,-14.7709,196352390.55,57.3731,SECONDARY_RESEARCH,,,
113,000650,仁和药业,C 制造业,2026-07-07,5.24,0.0176,0.064,5.01,5.2,5.46,5.69,5.87,-0.0288,-0.8804,WEAK,0.17,-2.1495,-19.9081,79982114.25,57.0003,SECONDARY_RESEARCH,,,
115,000545,金浦钛业,C 制造业,2026-07-07,2.65,0.268,0.176,14.2241,2.53,2.73,2.99,2.96,1.5249,-1.3835,WEAK,0.2,10.0407,-23.7571,191171257.95,56.8258,SECONDARY_RESEARCH,,,
116,002101,广东鸿图,C 制造业,2026-07-07,9.18,0.1344,0.088,10.3365,8.93,9.52,10.74,11.86,1.1616,-1.501,WEAK,0.36,2.5499,-26.2372,77850993.55,56.7194,SECONDARY_RESEARCH,,,
117,000012,南  玻Ａ,C 制造业,2026-07-07,4.23,0.02,0.1,16.2088,4.6,4.35,4.5,4.62,3.5127,0.7964,NONE,0.39,-4.5814,-13.7908,498023895.65,56.5706,SECONDARY_RESEARCH,,trend_unconfirmed,trend_unconfirmed
118,002262,恩华药业,C 制造业,2026-07-07,19.77,0.3032,0.084,8.4476,19.22,20.58,21.94,23.27,0.3106,-1.1351,WEAK,0.75,-0.8181,-21.4058,211609590.6,56.4806,SECONDARY_RESEARCH,,,
119,002923,润都股份,C 制造业,2026-07-07,10.41,0.1832,0.08,11.6953,10.05,11.46,13.17,13.32,0.9391,-3.6061,WEAK,0.53,2.3201,-35.3177,87804644.8,56.3185,SECONDARY_RESEARCH,,,
120,000001,平安银行,J 金融业,2026-07-07,10.47,0.1392,0.036,4.1791,10.64,10.91,10.97,11.44,-1.4815,-0.6207,NONE,0.24,-7.8023,-15.1061,1258193351.55,56.3092,SECONDARY_RESEARCH,,trend_unconfirmed,trend_unconfirmed
121,000576,甘化科工,C 制造业,2026-07-07,7.31,0.1632,0.072,12.2888,7.11,8.16,9.34,10.05,0.2752,-1.6865,WEAK,0.38,0.6693,-30.0722,80557730.25,56.2972,SECONDARY_RESEARCH,,,
122,002812,恩捷股份,C 制造业,2026-07-07,67.72,0.4976,0.796,159.7622,66.5,71.56,66.09,52.32,0.369,-0.2333,WEAK,3.99,8.1094,-10.1913,2172943816.75,56.2918,SECONDARY_RESEARCH,,,
123,002607,中公教育,P 教育,2026-07-07,2.26,0.08,0.096,25.5556,1.97,2.34,2.58,2.72,-2.1858,-2.0378,NONE,0.13,5.9286,-24.0933,460881465.25,56.1842,SECONDARY_RESEARCH,,trend_unconfirmed,trend_unconfirmed
125,002728,特一药业,C 制造业,2026-07-07,8.97,0.2288,0.268,12.125,8.64,9.39,10.53,10.38,2.491,-1.6117,WEAK,0.57,5.8704,-28.6883,194102480.55,55.9911,SECONDARY_RESEARCH,,,
126,002174,游族网络,I 信息技术,2026-07-07,12.58,0.7152,0.716,40.0891,11.87,11.05,11.11,12.11,3.3069,2.0921,MEDIUM,0.69,14.298,17.2527,538654325.65,55.8551,SECONDARY_RESEARCH,,,
128,000166,申万宏源,J 金融业,2026-07-07,4.55,0.4448,0.112,6.8075,4.51,4.57,4.79,5.06,1.2335,-0.193,WEAK,0.17,4.0822,-12.4301,646999117.55,55.6652,SECONDARY_RESEARCH,,,
129,000768,中航西飞,C 制造业,2026-07-07,20.18,0.024,0.028,1.3561,20.67,22.46,25.34,25.81,-0.8727,-1.3744,NONE,0.62,-3.071,-26.489,627456678.05,55.644,SECONDARY_RESEARCH,,falling_knife;trend_unconfirmed,falling_knife;trend_unconfirmed
131,002352,顺丰控股,G 运输仓储,2026-07-07,32.79,0.0112,0.056,6.392,32.45,35.0,36.45,39.64,-1.5696,-1.2586,NONE,0.84,-7.9017,-22.0185,856284689.5,55.608,SECONDARY_RESEARCH,,trend_unconfirmed,trend_unconfirmed
132,000629,钒钛股份,C 制造业,2026-07-07,3.31,0.48,0.584,30.315,3.27,3.47,3.59,3.24,0.5683,0.2168,WEAK,0.2,2.3541,-11.638,650194184.55,55.5716,SECONDARY_RESEARCH,,,
133,000799,酒鬼酒,C 制造业,2026-07-07,38.6,0.0224,0.02,2.4144,40.54,42.17,46.32,52.31,-2.1352,-0.3474,NONE,2.63,-11.2778,-19.235,660614451.4,55.5487,SECONDARY_RESEARCH,,falling_knife;trend_unconfirmed,falling_knife;trend_unconfirmed
134,000538,云南白药,C 制造业,2026-07-07,48.65,0.0272,0.04,3.5106,48.8,51.06,53.68,55.28,-0.2045,-1.1979,NONE,1.17,-4.4425,-21.4535,468987057.5,55.5026,SECONDARY_RESEARCH,,trend_unconfirmed,trend_unconfirmed
135,000876,新 希 望,C 制造业,2026-07-07,7.42,0.0184,0.092,24.7059,6.55,7.75,8.23,8.99,-1.438,-1.3522,NONE,0.34,1.4882,-20.507,411172805.9,55.5018,SECONDARY_RESEARCH,,trend_unconfirmed,trend_unconfirmed
136,002594,比亚迪,C 制造业,2026-07-07,86.26,0.0072,0.036,10.3069,86.09,94.48,95.52,120.2,-2.4211,-1.3231,NONE,3.26,-8.1316,-23.2013,4073067048.45,55.4667,SECONDARY_RESEARCH,,falling_knife;trend_unconfirmed,falling_knife;trend_unconfirmed
139,002793,罗欣药业,C 制造业,2026-07-07,4.69,0.2664,0.18,23.4211,4.12,4.66,4.77,5.07,1.49,-1.1838,WEAK,0.25,11.9446,-15.9167,108680665.25,55.0897,SECONDARY_RESEARCH,,,
140,000661,长春高新,C 制造业,2026-07-07,66.06,0.0088,0.044,5.1911,66.22,76.68,84.48,96.52,-0.0083,-1.8667,NONE,3.48,-2.8311,-32.3157,626082052.55,55.0853,SECONDARY_RESEARCH,,falling_knife;trend_unconfirmed,falling_knife;trend_unconfirmed
141,000983,山西焦煤,B 采矿业,2026-07-07,6.16,0.016,0.028,6.2069,6.52,6.69,6.86,6.94,-5.1755,-0.476,NONE,0.27,-20.9192,-14.232,602445925.75,55.0849,SECONDARY_RESEARCH,,trend_unconfirmed,trend_unconfirmed
143,000034,神州数码,F 批发零售,2026-07-07,26.82,0.4848,0.092,21.0835,25.93,31.29,34.52,37.91,2.9136,-1.3565,WEAK,1.66,13.58,-29.7245,1318334235.5,54.8856,SECONDARY_RESEARCH,,,
144,002230,科大讯飞,I 信息技术,2026-07-07,39.95,0.1712,0.012,2.1217,41.45,46.05,50.09,50.33,-3.2153,-0.9989,NONE,1.64,-12.1768,-25.0361,2035584888.4,54.8787,SECONDARY_RESEARCH,,falling_knife;trend_unconfirmed,falling_knife;trend_unconfirmed
146,000779,甘咨询,M 科研服务,2026-07-07,8.74,0.3048,0.364,19.726,7.88,8.15,8.63,8.89,2.8941,-0.3893,WEAK,0.3,13.4981,-10.9858,88906781.35,54.8252,SECONDARY_RESEARCH,,,
147,000739,普洛药业,C 制造业,2026-07-07,18.03,0.5736,0.824,29.2473,16.69,17.19,17.55,16.65,2.6852,-0.0572,MEDIUM,0.79,11.0287,-8.8634,193720429.5,54.6796,SECONDARY_RESEARCH,,,
148,000597,东北制药,C 制造业,2026-07-07,4.44,0.0792,0.06,5.7143,4.43,4.77,5.02,5.33,0.0226,-1.6813,WEAK,0.18,-1.3554,-26.6537,51352235.15,54.559,SECONDARY_RESEARCH,,,
149,002027,分众传媒,L 商务服务,2026-07-07,4.96,0.0112,0.04,4.2017,5.05,5.64,6.35,7.05,-2.4077,-2.1785,NONE,0.17,-8.9635,-31.8784,925025489.2,54.5158,SECONDARY_RESEARCH,,falling_knife;trend_unconfirmed,falling_knife;trend_unconfirmed
150,002459,晶澳科技,C 制造业,2026-07-07,7.86,0.0008,0.004,0.0,8.39,9.63,10.78,11.57,-0.3621,-1.9844,NONE,0.49,-4.9641,-36.3777,643161111.4,54.4658,SECONDARY_RESEARCH,,falling_knife;trend_unconfirmed,falling_knife;trend_unconfirmed
151,002439,启明星辰,I 信息技术,2026-07-07,12.55,0.004,0.008,1.2914,12.96,14.39,14.32,14.94,-2.145,-0.0046,NONE,0.55,-8.9286,-13.2016,354180451.35,54.4148,SECONDARY_RESEARCH,,trend_unconfirmed,trend_unconfirmed
152,002568,百润股份,C 制造业,2026-07-07,16.52,0.0304,0.024,15.5245,17.36,17.8,18.78,21.89,-2.7724,-0.1085,NONE,1.01,-14.8529,-13.1506,391906942.3,54.3531,SECONDARY_RESEARCH,,falling_knife;trend_unconfirmed,falling_knife;trend_unconfirmed
153,002555,三七互娱,I 信息技术,2026-07-07,19.43,0.4288,0.276,18.8379,18.46,20.17,22.51,21.18,0.0651,-1.2067,WEAK,0.89,1.0674,-23.7224,876907010.65,54.2345,SECONDARY_RESEARCH,,,
154,002889,东方嘉盛,L 商务服务,2026-07-07,11.84,0.0216,0.108,15.1751,11.07,12.32,13.46,14.62,-0.1489,-1.142,WEAK,0.49,1.8684,-20.3919,36097278.9,54.1913,SECONDARY_RESEARCH,,falling_knife,falling_knife
155,002084,海鸥住工,C 制造业,2026-07-07,3.72,0.3488,0.396,18.4713,3.46,3.58,3.79,3.86,2.8665,-0.3107,WEAK,0.22,14.2558,-11.5466,76225773.55,54.1674,SECONDARY_RESEARCH,,,
156,002926,华西证券,J 金融业,2026-07-07,8.38,0.5368,0.18,9.2568,8.22,8.35,8.62,9.25,1.487,0.1199,MEDIUM,0.29,6.5316,-9.6009,191852074.25,54.1081,SECONDARY_RESEARCH,,,
157,000959,首钢股份,C 制造业,2026-07-07,3.49,0.2744,0.12,11.5016,3.36,3.91,4.6,4.36,0.734,-2.637,WEAK,0.17,1.1438,-39.4614,177737398.25,54.006,SECONDARY_RESEARCH,,,
